Attendance_%,QuizScore_%,StudyHours_PerDay,PerformanceScore
85,64,2,66.39
77,40,6,71.16
48,73,5,69.01
56,85,4,75.34
79,100,8,104.87
81,60,4,72.99
80,93,6,94.61
72,79,2,71.14
56,71,8,81.27
77,96,2,75.16
81,89,7,96.62
73,78,2,70.91
41,52,2,44.29
100,66,1,68.45
59,66,2,60.83
71,44,3,58.29
61,81,2,61.99
42,43,4,47.44
60,74,4,69.12
93,90,3,87.4
78,89,7,94.61
57,38,2,43.53
73,37,7,72.8
66,95,2,70.26
53,52,4,60.06
61,68,6,73.83
53,43,2,44.57
45,99,3,66.83
49,46,4,54.75
78,45,6,72.33
65,87,7,87.12
86,54,7,84.2
97,60,8,92.81
56,95,3,74.65
99,62,2,71.69
56,44,3,50.32
82,93,1,74.85
67,44,8,75.2
90,79,5,87.07
44,44,5,55.38
97,51,2,67.16
96,43,3,66.9
75,36,6,67.89
46,83,7,76.8
60,61,3,61.97
79,39,1,50.11
43,86,1,53.72
93,43,6,78.96
95,82,6,92.38
58,42,1,41.24
46,64,2,52.45
89,72,8,95.28
63,79,3,68.11
54,83,8,83.85
44,42,6,57.63
53,39,3,51.24
82,73,1,66.69
84,73,4,79.63
67,70,6,79.01
46,85,2,58.38
74,35,3,55.38
64,68,5,74.73
66,88,3,72.12
82,46,4,68.97
73,82,3,76.32
76,51,2,57.95
80,99,4,90.51
41,54,4,55.72
68,76,8,86.69
46,71,8,81.55
48,64,6,66.04
63,99,7,90.7
69,38,7,68.11
44,42,5,56.47
74,56,7,82.1
59,35,7,67.68
47,46,4,50.55
87,85,8,103.37
72,52,2,59.14
100,98,6,105.05
100,64,6,89.6
76,84,2,70.21
52,65,1,48.9
57,44,1,47.35
52,74,5,67.54
54,90,7,88.16
57,37,6,64.03
40,49,5,58.27
54,74,1,56.55
66,83,8,91.03
85,68,1,66.99
98,63,5,87.22
54,51,3,51.57
74,88,5,86.8
59,60,6,72.58
92,46,5,78.0
70,93,2,70.73
51,66,4,63.36
67,76,3,67.87
86,45,5,72.77
52,76,1,55.69
47,82,5,74.45
49,95,7,86.0
41,70,7,72.62
94,36,7,80.3
75,93,6,89.26
91,59,6,83.05
47,87,6,78.66
45,51,7,64.42
49,36,7,59.01
96,73,1,73.08
77,99,3,82.98
48,78,2,56.09
45,90,8,85.26
74,46,3,61.67
50,39,3,47.56
40,65,4,58.36
100,46,6,82.32
80,82,3,79.27
48,53,2,48.55
53,87,4,70.26
41,92,7,81.04
60,50,4,60.16
42,41,2,39.78
63,98,4,79.27
62,75,7,85.3
65,36,6,63.78
75,94,7,98.27
86,35,4,62.13
56,55,3,53.52
98,59,2,71.78
40,43,5,53.29
96,74,2,76.95
59,96,6,84.42
65,66,6,78.34
48,80,7,80.83
57,69,6,71.79
96,44,3,66.9
67,85,8,93.49
87,44,5,70.83
87,96,3,82.28
57,88,4,75.08
81,49,1,55.56
54,64,4,63.75
77,63,2,61.65
61,86,8,93.19
77,36,5,63.37
63,85,6,83.1
51,100,2,67.06
72,57,4,66.99
85,83,1,71.9
56,56,6,67.69
90,79,1,72.11
64,75,8,89.28
65,96,1,68.16
57,100,5,82.85
47,35,7,62.96
60,86,5,76.86
94,62,7,90.23
41,75,6,69.06
67,97,6,87.19
41,85,6,74.69
47,39,7,62.53
96,75,7,98.85
82,83,3,78.71
94,58,7,86.97
69,63,4,67.69
91,44,3,66.5
94,94,7,102.88
41,73,5,64.76
85,79,6,91.75
98,70,4,82.04
86,97,7,103.4
87,78,5,84.34
63,100,2,74.46
43,75,1,50.36
63,87,8,94.25
68,70,6,79.47
60,70,7,77.59
40,76,5,69.16
70,44,2,53.14
85,71,5,80.65
98,69,5,87.64
63,40,6,66.61
73,51,5,71.81
82,52,2,61.27
40,69,1,50.15
45,95,2,63.84
62,76,4,70.6
40,83,8,80.79
60,91,5,80.7
40,73,7,75.77
99,76,1,74.28
50,76,8,84.57
55,49,6,67.59
70,53,5,69.21
83,86,8,100.31
88,37,5,68.29
49,99,8,89.2
65,73,5,77.24
74,75,4,76.57
84,84,3,76.82
53,60,8,79.46
78,52,4,67.53
98,77,3,82.55
61,100,1,66.52
52,42,2,43.86
41,61,6,67.52
96,93,2,81.81
92,61,7,87.09
57,39,5,58.14
72,38,7,74.36
97,39,2,60.74
61,50,6,66.92
63,43,7,67.5
61,75,3,66.23
96,36,3,67.42
51,36,5,52.02
83,63,7,86.54
77,94,3,79.17
57,70,3,63.56
78,95,1,75.43
79,91,3,79.47
82,86,4,84.25
78,68,2,67.32
92,86,5,90.85
100,59,5,82.57
56,61,2,52.52
53,83,5,76.24
84,77,5,82.23
47,48,5,60.51
60,96,1,66.21
96,67,1,67.94
79,42,2,57.43
42,94,5,74.94
62,74,1,56.04
67,40,3,52.86
94,65,1,64.64
53,43,1,41.66
76,53,1,56.54
62,77,7,82.74
84,58,3,67.44
52,92,3,68.97
66,60,3,61.29
76,59,2,62.85
41,60,3,52.23
48,79,7,78.33
40,62,3,50.56
85,83,8,98.26
71,54,6,71.47
96,40,7,80.13
72,60,7,81.69
90,64,6,86.79
99,56,1,67.83
76,41,8,80.03
48,86,4,69.35
53,45,8,70.58
55,47,2,50.74
90,69,7,89.6
44,43,8,66.98
100,91,3,88.37
41,62,8,73.8
64,81,5,75.95
61,57,8,78.8
100,87,3,84.24
71,83,4,78.67
48,100,7,89.86
97,65,6,91.41
80,35,8,80.97
87,93,6,98.95
60,43,3,51.47
70,35,3,53.43
57,83,8,90.4
77,37,2,53.9
41,37,2,39.15
72,75,2,69.6
60,98,5,85.37
42,54,2,43.58
75,75,7,88.21
58,68,3,60.75
70,75,1,63.47
77,49,1,54.23
47,78,4,63.42
99,44,7,83.25
99,67,2,72.52
61,84,8,89.42
78,46,2,56.36
45,80,6,72.31
77,86,3,79.07
46,91,2,63.53
52,38,1,42.81
80,47,4,65.8
48,39,7,62.54
70,36,4,59.81
83,90,7,94.41
62,83,1,60.06
100,61,5,83.97
56,94,5,79.21
52,58,8,75.96
96,42,5,76.47
61,95,7,93.39
59,74,8,83.56
46,60,5,62.94
96,51,2,64.81
51,49,7,70.56
68,59,8,80.86
43,60,6,64.49
56,100,3,73.92
44,100,5,78.47
90,72,4,80.28
53,88,6,81.06
75,66,4,74.89
76,51,4,65.37
94,97,7,103.0
73,46,8,81.53
70,61,3,62.99
92,88,2,81.9
95,38,3,67.6
75,82,8,92.29
51,50,8,71.22
95,93,3,87.96
62,43,7,70.92
93,55,8,88.35
46,40,1,39.11
92,55,1,61.83
88,73,6,89.06
48,70,5,65.64
74,60,1,57.41
83,68,4,74.34
42,47,7,63.66
49,83,6,76.64
42,92,7,79.33
90,82,3,83.28
57,83,8,90.47
85,73,3,76.63
53,82,4,70.62
42,66,7,71.12
81,79,1,69.52
89,89,3,81.07
81,86,5,88.38
47,48,8,68.02
58,40,1,40.89
68,43,4,60.54
88,59,2,66.38
47,45,4,51.67
93,42,3,66.67
63,35,7,68.59
40,69,8,74.05
85,61,5,77.0
93,84,4,87.56
45,87,1,55.96
79,100,6,93.63
56,65,2,54.16
47,83,8,81.23
98,46,1,63.99
84,57,4,72.18
73,62,6,79.65
67,95,2,69.97
41,96,5,75.5
71,85,4,77.21
46,68,6,68.93
65,61,7,76.18
91,91,7,101.58
77,99,4,88.37
49,47,7,66.35
81,89,7,93.48
85,73,8,95.09
87,66,1,62.49
50,65,8,75.61
49,57,8,74.14
91,66,1,65.99
61,92,8,93.65
91,45,6,77.09
100,85,5,95.04
100,82,4,90.0
60,92,8,95.11
87,69,2,69.25
100,81,1,79.12
80,94,1,72.51
96,92,3,85.57
87,60,2,63.97
74,60,4,69.77
99,62,4,79.53
43,48,1,38.42
88,81,2,78.56
100,85,4,89.3
75,69,2,62.85
80,95,1,75.45
65,66,4,71.36
100,58,2,73.44
73,50,5,68.72
50,97,1,62.64
48,88,8,87.85
54,97,7,91.17
62,72,7,80.61
90,46,6,80.36
57,68,2,58.1
90,72,5,85.55
87,83,5,87.59
43,78,3,60.96
65,82,7,86.58
91,40,1,58.62
41,40,6,57.96
69,81,1,61.18
49,89,1,60.62
81,78,3,77.28
65,54,7,77.99
55,35,8,67.31
60,76,5,76.45
80,96,2,76.45
71,85,1,66.42
65,49,2,56.43
76,58,4,71.42
95,67,6,86.08
85,56,5,74.99
95,47,3,69.53
95,67,6,89.11
68,44,2,50.18
80,54,7,82.47
69,37,3,53.35
42,76,8,81.64
90,52,7,85.64
82,64,6,79.86
93,83,7,97.82
54,91,3,69.27
81,37,5,66.44
77,77,4,78.06
84,76,4,78.51
42,84,6,75.18
47,63,8,75.1
84,38,3,61.91
89,55,7,84.24
59,53,2,53.73
68,59,7,75.93
75,73,2,64.85
65,69,4,69.93
49,59,4,57.82
76,59,2,59.23
48,96,4,73.86
48,87,8,88.71
80,70,1,64.17
71,51,6,70.16
68,98,2,73.32
67,97,3,76.07
51,47,8,71.08
63,74,5,74.27
40,43,4,50.6
59,78,8,89.12
78,97,3,80.83
56,54,8,75.8
89,70,7,89.85
60,99,4,82.07
81,85,4,84.46
91,43,6,79.46
52,54,8,72.85
41,94,4,71.05
86,83,7,98.42
96,96,6,99.5
41,40,8,66.01
77,42,3,57.28
88,47,7,80.67
78,74,3,70.15
95,65,3,77.1
83,54,1,60.86
84,40,7,75.54
52,55,8,77.63
40,96,2,63.15
51,91,4,72.37
52,60,6,68.84
66,74,3,70.72
49,85,7,79.32
66,48,1,50.7
49,91,8,88.09
86,88,8,99.95
60,75,4,69.85
47,63,8,74.84
59,89,1,61.26
62,52,4,64.34
85,78,6,88.57
56,74,4,69.35
72,67,5,77.87
90,83,3,82.05
86,94,7,99.86
61,82,3,71.45
81,70,1,61.61
76,71,8,88.94
97,69,4,80.34
54,74,5,73.23
72,54,4,65.64
85,68,7,91.56
85,62,8,88.86
81,81,3,79.19
49,61,7,72.66
63,76,7,82.52
67,51,2,52.22
55,79,2,61.55
78,68,3,69.56
64,91,7,89.91
47,96,7,82.94
60,47,6,68.72
68,82,7,89.33
64,38,5,61.14
89,55,1,64.37
46,55,5,60.75
67,66,1,55.71
83,87,3,78.19
88,73,7,93.01
50,61,7,71.37
76,56,6,79.31
78,76,8,93.21
56,48,2,51.44
68,53,1,54.65
42,96,5,75.09
83,75,3,77.59
64,37,5,61.55
83,55,1,58.88
87,93,1,73.16
67,84,1,64.22
89,54,4,73.37
76,43,5,68.24
57,97,1,68.44
71,71,8,89.17
66,69,3,68.14
71,49,7,77.85
61,96,8,92.54
47,47,2,44.73
63,78,4,70.01
72,90,5,82.57
84,98,1,75.2
48,66,6,71.91
61,43,8,73.34
62,41,2,47.93
85,66,6,85.67
98,87,1,76.58
93,41,3,67.66
89,90,4,87.22
42,96,5,77.41
45,96,4,73.31
50,49,3,51.57
90,85,8,101.3
79,53,1,54.81
92,75,7,96.82
58,50,8,74.5
56,62,8,82.01
68,99,3,79.08
89,64,7,89.43
92,65,5,83.82
72,48,1,52.26
44,43,2,44.33
84,71,7,91.76
97,39,6,80.67
59,59,7,77.74
90,81,8,98.88
98,67,4,81.97
100,55,5,82.7
73,56,1,55.19
70,56,1,53.57
94,66,7,91.89
56,93,6,81.57
92,51,5,77.08
79,68,4,72.32
86,68,5,81.74
56,44,6,61.48
55,96,5,82.75
51,86,5,75.07
47,59,1,46.27
49,100,5,82.24
51,56,2,52.03
48,63,7,70.6
56,92,1,61.03
89,62,8,95.06
50,70,5,69.84
99,84,7,103.01
49,35,8,67.43
89,44,1,56.52
57,44,2,50.83
71,75,2,65.17
75,43,8,80.08
62,45,5,65.25
45,69,5,68.18
90,53,5,75.15
85,62,8,89.61
49,74,7,76.21
55,47,6,65.12
69,92,8,99.15
74,48,6,75.43
53,95,8,94.12
87,45,7,78.42
84,76,1,67.54
65,49,4,59.68
72,55,5,68.99
58,53,2,55.2
82,76,2,70.23
86,43,6,76.95
75,77,8,94.03
90,59,3,74.31
95,39,8,84.2
80,42,4,65.31
43,73,4,61.28
64,51,4,63.47
40,87,2,56.19
74,68,1,60.96
88,54,7,86.42
96,38,6,77.02
48,37,3,43.64
44,49,2,42.52
89,45,6,79.29
84,73,5,84.75
58,91,2,65.79
49,60,6,66.78
99,68,2,75.24
54,44,7,65.46
44,82,6,75.21
50,44,3,46.82
73,84,7,90.62
99,83,4,87.18
90,88,3,84.12
56,43,2,45.97
89,87,2,76.47
66,48,6,72.22
84,49,8,83.45
54,100,8,96.49
84,93,7,98.54
46,54,8,69.65
96,52,3,71.56
100,100,3,92.52
82,37,7,76.1
99,35,5,71.88
87,50,1,61.6
93,80,7,97.04
51,39,7,63.97
59,65,2,59.87
70,47,2,55.1
88,55,2,65.69
63,72,8,85.29
97,46,1,61.85
98,93,8,108.04
61,50,4,59.1
92,92,4,88.76
51,88,1,57.86
71,92,3,79.34
42,68,2,53.42
95,78,8,99.62
51,79,8,82.46
41,69,3,55.71
100,54,7,89.91
100,37,2,62.87
54,56,6,68.61
64,42,5,59.62
100,58,2,71.5
57,82,5,74.51
85,48,4,71.49
73,47,8,79.95
86,60,5,75.53
60,40,5,61.17
48,59,4,61.21
100,69,6,92.16
66,95,8,94.39
76,78,8,92.03
86,43,7,79.29
53,98,7,89.27
47,37,3,46.43
82,67,4,78.13
41,78,4,64.69
41,88,7,76.9
92,61,7,91.34
83,82,7,91.73
99,50,8,90.95
74,50,8,83.82
71,75,7,87.98
60,56,6,71.62
44,69,8,75.06
85,64,3,70.61
64,61,1,52.62
76,61,1,57.26
77,62,5,78.58
44,61,2,50.68
68,56,7,77.38
100,92,7,102.19
51,83,5,73.36
97,51,1,63.62
80,77,3,73.53
88,52,1,58.63
53,48,1,46.29
75,99,6,92.11
40,68,3,52.29
60,94,2,70.45
49,56,4,60.27
73,42,8,79.63
82,60,4,74.09
93,65,3,76.67
52,45,5,61.14
80,37,2,55.44
64,54,8,82.01
50,50,5,61.89
51,88,3,66.96
48,70,5,69.0
74,90,1,69.68
96,40,3,65.8
86,57,5,75.81
52,88,4,70.53
57,63,3,62.81
76,83,8,93.88
76,74,6,81.27
44,52,4,57.32
41,79,6,71.95
76,50,7,79.34
81,86,6,91.09
55,62,1,53.08
96,69,6,87.08
50,63,5,63.72
75,57,2,61.68
84,77,8,94.16
60,70,1,54.44
42,93,3,68.57
60,67,3,62.59
55,50,6,67.19
85,62,4,73.38
68,62,7,82.46
96,63,5,82.34
94,75,7,92.9
46,99,3,71.55
72,68,2,64.47
86,82,1,72.05
67,85,2,66.64
42,49,3,46.42
71,58,6,73.74
41,52,1,38.65
77,67,4,74.07
100,52,5,80.28
67,48,6,69.63
79,53,6,74.41
91,65,4,79.4
54,50,2,52.44
79,54,7,80.21
50,55,2,49.92
79,49,7,79.62
97,70,8,98.5
82,54,2,62.33
83,42,8,84.67
51,62,8,77.44
90,43,6,74.77
83,71,8,96.09
59,45,5,60.9
46,58,6,62.93
82,85,7,95.75
42,38,4,48.55
78,48,7,78.25
62,95,8,95.37
63,77,1,58.8
83,99,5,93.43
98,67,7,93.95
54,97,4,79.28
44,61,2,50.87
52,92,5,78.62
84,58,8,86.47
97,56,2,68.03
73,95,6,89.84
93,86,2,81.91
63,59,5,66.57
45,45,1,42.13
57,45,7,70.88
83,85,1,70.2
97,53,4,76.51
80,77,4,78.11
85,79,3,77.53
73,84,8,96.75
78,100,2,78.42
43,53,7,64.01
42,66,1,48.27
73,65,3,67.07
80,90,8,101.27
70,50,2,53.96
51,46,5,58.55
96,53,8,90.45
78,53,4,70.19
70,73,3,68.06
90,63,4,77.27
100,37,4,69.38
70,82,4,76.08
100,90,3,85.19
65,37,2,49.17
94,74,3,82.06
55,41,8,69.05
73,84,4,81.1
97,56,1,64.31
67,59,6,77.32
69,50,8,78.96
62,77,4,69.16
64,90,7,86.99
44,39,8,66.99
53,49,8,75.72
68,54,3,58.69
85,83,5,86.92
81,62,5,76.23
82,76,7,93.81
57,86,7,85.85
60,94,8,94.32
54,62,6,68.43
77,67,7,83.27
87,68,8,96.23
45,88,6,76.55
49,98,1,64.71
61,88,3,73.41
62,59,5,70.81
55,82,3,64.99
50,45,3,49.39
58,43,6,66.68
52,62,2,51.66
92,77,5,85.68
77,79,7,90.01
58,43,7,68.35
46,41,2,43.08
65,95,4,77.26
44,38,6,53.88
58,55,1,50.15
70,94,2,72.21
74,36,6,69.22
49,95,4,73.73
69,78,8,90.23
99,78,5,88.94
73,75,1,64.3
42,100,4,70.47
76,67,4,73.41
49,95,7,84.58
52,58,7,74.48
91,93,7,99.4
50,88,7,81.78
94,58,1,66.21
76,97,4,82.51
94,46,3,65.84
60,84,1,61.27
93,40,2,61.58
50,41,1,42.71
88,96,5,90.93
66,43,3,56.66
80,48,1,57.67
59,62,8,81.79
74,63,1,58.07
90,87,5,88.33
96,83,3,81.2
55,89,1,60.72
64,76,1,60.01
85,51,6,77.25
85,81,8,98.42
49,79,7,80.79
85,96,3,84.34
93,76,5,86.77
44,77,1,50.58
80,37,6,69.67
86,79,7,94.64
93,47,8,87.58
79,83,3,78.15
85,86,4,85.36
67,92,7,92.25
72,96,2,74.82
87,98,1,79.96
45,95,8,86.65
62,57,6,70.26
52,91,2,65.74
58,50,2,49.84
98,37,4,68.7
76,67,2,62.59
74,57,1,56.07
86,57,5,76.41
74,63,1,57.15
59,77,3,65.98
92,78,8,99.76
42,68,3,56.49
98,53,8,90.64
74,82,1,65.74
41,46,2,42.31
81,65,5,79.84
80,95,1,73.78
46,83,7,79.3
71,65,1,61.04
91,100,2,82.86
95,56,4,78.13
55,63,8,78.36
51,96,3,71.41
55,92,5,79.3
75,77,7,85.87
49,46,6,62.3
98,66,6,87.1
56,87,6,78.93
55,39,4,52.39
92,39,2,62.96
53,78,8,87.18
42,74,1,51.81
79,64,2,66.12
53,36,3,50.22
58,52,3,53.39
47,47,6,64.46
65,89,2,67.82
43,60,6,64.09
98,60,2,70.17
68,49,7,77.52
64,84,6,84.54
47,94,1,63.23
48,52,5,57.21
64,66,4,65.32
82,68,6,82.43
93,75,4,82.19
58,70,1,55.85
91,53,5,75.44
70,48,4,64.43
69,45,5,66.45
100,39,4,70.28
74,40,4,63.78
73,73,4,74.95
92,73,7,92.73
95,87,1,74.97
85,87,1,73.75
52,97,5,78.44
58,52,4,60.45
86,96,8,102.27
82,49,8,84.34
59,83,8,88.02
82,100,4,87.47
48,37,6,57.83
87,44,2,61.41
54,71,1,55.13
62,93,1,65.49
55,53,2,53.48
65,66,4,68.88
55,66,6,71.57
99,83,1,78.99
58,90,8,89.3
100,41,3,67.03
89,39,1,56.84
70,36,6,68.75
76,43,5,64.73
55,63,3,59.52
46,90,2,60.83
96,81,6,93.62
75,99,2,77.4
98,54,7,88.37
79,49,1,56.82
42,98,2,64.48
82,56,4,68.91
79,99,3,84.87
65,88,4,80.18
69,58,2,57.23
50,49,8,73.93
86,70,4,80.19
84,42,1,56.6
67,51,6,71.32
94,96,3,90.36
82,90,6,92.97
92,36,7,78.23
94,42,1,59.52
49,97,5,76.52
57,37,2,44.91
70,99,8,98.3
54,56,6,65.34
84,50,8,86.09
40,72,5,65.99
44,36,6,55.56
58,76,4,66.61
63,76,2,61.53
69,58,2,56.06
67,57,8,83.3
79,41,6,71.32
92,36,4,68.01
78,70,6,80.82
57,94,7,89.37
74,54,3,60.81
75,76,7,86.26
98,36,4,71.2
94,82,1,72.75
81,92,2,74.68
73,71,3,68.54
67,67,1,56.87
88,38,4,64.2
62,92,5,79.9
73,84,5,85.29
81,78,3,78.38
70,76,5,80.55
93,53,2,65.34
73,74,2,69.67
87,67,6,83.15
79,93,3,80.66
76,98,6,95.84
99,97,6,101.85
96,62,7,91.8
42,75,5,69.58
44,37,7,59.61
84,39,7,80.18
41,65,3,51.98
87,41,3,63.85
56,36,6,59.55
83,92,1,71.15
99,40,1,60.19
85,91,6,94.4
77,84,1,71.21
46,74,1,51.66
42,44,5,56.73
65,62,8,83.21
42,35,1,36.67
43,53,7,69.4
78,59,3,69.52
61,78,8,84.76
85,42,2,56.56
44,97,4,73.12
66,40,8,76.72
58,36,7,67.0
77,87,1,68.41
82,88,6,90.96
56,84,8,87.65
53,99,8,89.96
95,82,5,90.35
90,60,7,87.5
100,63,5,85.37
60,81,6,81.38
97,85,8,105.82
84,74,4,81.05
89,35,2,56.53
60,83,3,70.18
56,37,4,54.44
73,55,8,84.69
86,59,7,86.82
47,76,7,75.57
77,71,5,79.97
90,60,4,73.47
57,91,5,77.08
74,38,1,47.07
97,48,4,71.48
86,48,8,83.51
59,39,4,56.38
88,57,6,81.09
61,78,4,71.12
81,91,6,90.07
73,84,3,74.11
83,76,5,83.53
100,39,1,58.76
47,39,2,42.28
52,91,4,73.83
89,41,5,72.87
83,65,7,84.4
93,90,7,103.83
57,95,7,86.23
96,67,2,76.14
78,51,2,62.55
99,91,7,105.81
99,67,4,82.75
47,86,1,57.09
90,45,2,61.55
81,52,5,72.28
66,94,5,85.34
75,94,4,84.01
94,79,4,87.16
53,57,3,57.47
51,93,2,67.39
45,68,8,79.82
91,36,7,79.74
92,71,1,71.18
85,45,8,81.74
62,38,4,53.38
49,94,4,75.14
95,68,4,82.32
74,63,1,56.97
74,99,1,73.54
95,62,3,72.49
52,93,6,80.87
87,90,8,100.13
77,75,5,79.89
98,39,8,87.12
40,38,6,53.1
77,57,7,78.66
98,37,8,88.33
42,38,6,58.47
76,97,5,89.77
64,97,6,86.28
98,79,6,93.46
77,49,8,81.02
78,76,7,88.18
79,59,7,80.75
92,50,4,71.44
89,89,8,105.94
86,47,1,54.66
92,88,3,84.27
53,59,8,75.5
77,46,3,62.91
47,56,3,53.93
72,71,2,64.74
40,43,2,43.16
92,80,2,77.97
82,55,4,67.96
48,54,6,64.78
67,94,1,68.13
56,92,4,76.62
49,66,8,76.63
40,55,8,68.34
64,43,6,69.45
96,90,5,93.86
61,36,2,47.58
81,36,8,78.92
72,63,1,56.09
84,46,2,59.21
56,68,7,75.74
93,72,4,79.46
62,53,5,66.21
88,47,6,79.81
56,70,8,80.14
69,83,1,62.54
62,75,5,75.69
52,46,7,68.86
91,68,4,77.92
82,71,4,79.9
80,60,8,87.84
99,48,6,85.35
81,80,6,87.77
60,89,7,90.13
43,82,5,71.55
88,73,3,74.79
56,61,2,57.76
71,92,5,83.28
73,60,8,83.81
86,70,4,76.75
65,69,3,65.62
92,47,4,70.28
85,63,1,61.53
89,51,5,76.79
44,78,2,58.9
71,91,3,74.04
55,49,4,60.48
83,43,3,64.21
70,77,2,64.71
59,42,4,57.01
58,59,6,70.97
100,62,1,71.67
75,38,7,75.14
60,42,2,50.46
95,52,1,60.69
56,54,4,57.73
57,91,5,79.66
62,35,5,59.96
50,99,4,75.18
97,62,6,86.48
77,35,2,50.76
76,64,2,66.9
66,99,2,72.72
43,61,8,74.45
49,90,1,58.93
71,68,1,59.95
84,71,2,67.55
70,58,8,83.46
46,75,4,65.24
75,94,8,99.35
53,40,7,65.11
94,97,8,108.66
84,92,4,84.1
90,84,3,79.48
83,85,5,89.82
61,91,7,91.2
69,59,6,78.07
81,92,8,102.95
85,77,1,65.82
98,46,8,90.5
65,81,1,62.74
71,74,2,64.73
65,50,1,47.15
56,43,5,56.67
70,51,8,79.99
50,43,7,66.8
47,97,3,71.49
94,89,1,80.2
57,50,6,64.31
96,68,7,92.39
52,84,2,65.0
54,38,2,43.44
93,54,7,88.66
51,46,7,66.13
59,66,3,61.38
70,90,2,71.78
94,48,4,73.72
41,54,6,61.01
50,76,5,67.91
97,100,6,101.17
76,74,3,70.53
81,90,1,74.96
78,82,8,96.82
63,49,2,51.63
69,75,6,80.06
81,94,6,95.84
52,72,2,58.16
47,72,3,57.3
89,100,2,83.22
84,73,5,81.8
42,57,5,61.23
70,45,6,69.81
89,48,6,81.51
55,98,5,80.61
98,45,7,82.32
56,36,1,40.09
45,37,6,56.74
97,61,8,93.87
48,69,2,51.9
90,89,3,82.41
77,78,8,93.49
76,36,1,50.71
89,89,4,88.51
53,93,7,87.96
87,37,5,71.98
41,88,7,77.88
96,85,4,86.43
95,54,1,63.77
41,71,7,74.35
62,84,7,86.37
64,89,5,82.34
54,92,5,76.64
80,38,5,69.45
49,53,1,45.13
63,46,3,54.09
50,65,3,55.66
77,80,4,77.39
40,87,8,80.5
48,57,8,75.61
91,56,2,67.17
86,99,2,80.71
47,86,6,76.82
80,72,8,95.49
97,43,6,78.0
67,96,2,75.65
98,80,1,74.3
81,92,2,79.99
70,90,1,65.03
54,81,6,76.83
100,93,7,106.27
82,57,5,73.31
78,59,2,63.05
47,46,3,51.95
57,75,2,62.13
44,90,1,56.14
93,35,6,76.65
40,53,8,68.92
71,87,8,92.66
91,41,3,62.25
88,48,6,77.71
79,64,1,62.37
46,61,1,43.93
89,55,6,82.87
63,54,3,61.29
70,54,8,83.85
67,54,7,75.07
60,90,3,73.31
90,38,2,59.21
83,44,1,56.81
100,79,6,93.89
63,56,4,64.67
49,77,4,64.46
69,38,6,67.26
72,62,2,62.03
58,65,1,55.33
57,89,1,60.94
96,43,8,89.79
49,79,2,58.16
55,70,6,76.49
49,51,5,61.39
76,49,2,60.28
96,90,6,99.7
82,94,7,97.21
80,59,4,69.12
84,61,6,79.45
56,92,5,79.34
42,74,1,52.51
78,78,5,82.67
99,86,4,89.35
89,54,5,79.47
96,44,3,67.67
96,55,1,63.07
92,82,3,81.78
79,56,8,86.35
90,59,4,76.83
94,43,6,81.54
54,58,3,55.7
97,71,3,79.73
94,57,2,66.76
72,69,7,86.01
74,85,6,89.07
57,87,2,66.35
92,35,6,77.26
73,41,6,67.22
79,68,2,64.32
98,45,2,67.22
96,81,5,91.64
63,79,7,84.13
78,43,5,70.94
43,35,6,52.81
44,55,7,68.92
47,90,8,86.1
96,96,6,103.31
84,53,8,87.88
80,48,6,72.29
89,60,6,81.69
83,46,2,61.76
60,63,1,54.24
74,53,4,64.18
76,77,5,81.69
53,78,4,69.09
83,48,1,58.24
43,49,4,54.37
47,42,7,66.03
41,73,2,55.58
60,39,1,42.75
40,41,1,39.28
79,79,8,95.62
70,95,6,87.58
40,41,3,46.47
92,40,6,74.46
100,98,5,98.08
75,73,8,88.42
53,47,1,43.18
90,60,2,68.84
46,65,1,51.18
49,48,6,63.77
54,55,2,54.34
48,35,3,47.05
80,90,5,89.32
48,56,6,66.06
86,44,5,72.66
81,67,3,70.97
91,95,5,96.1
98,67,6,92.13
86,37,3,62.39
43,58,1,43.4
95,62,7,89.7
82,69,4,78.11
96,83,6,94.17
84,49,7,80.04
67,94,2,70.29
83,89,5,86.32
81,71,3,71.89
72,84,7,92.92
88,44,2,62.08
95,89,7,98.89
69,51,4,63.74
73,75,1,62.71
44,40,4,50.67
96,38,4,68.03
44,61,2,52.33
46,74,8,82.27
54,78,1,55.41
91,51,6,79.78
95,75,7,97.44
79,90,4,83.33
58,65,6,73.46
60,100,1,70.59
100,72,3,81.11
84,98,7,98.85
83,87,4,83.88
55,48,6,64.76
41,55,5,60.63
42,64,8,73.05
57,49,1,43.48
72,87,4,80.74
63,96,8,95.94
68,99,1,68.87
73,42,5,67.38
88,81,3,81.72
67,99,4,82.03
83,51,3,66.81
44,58,5,61.9
42,68,8,74.82
76,62,1,59.84
50,52,7,67.97
77,50,7,75.92
77,98,5,88.54
48,40,3,49.65
49,53,5,60.29
68,81,7,87.55
88,84,4,82.82
59,45,1,45.34
50,73,7,78.37
55,73,1,56.35
93,42,3,66.94
55,47,1,45.37
66,90,7,92.73
96,39,2,61.67
55,72,7,79.44
72,99,3,79.55
84,37,6,72.06
68,75,4,74.89
72,92,5,86.49
57,94,3,75.09
70,73,1,59.39
75,85,1,66.09
48,68,7,74.67
75,69,1,60.41
70,56,4,67.8
72,42,7,74.34
76,72,3,72.17
84,83,5,87.92
43,81,3,59.64
91,38,6,73.37
88,75,5,86.78
77,93,8,97.45
42,97,4,70.54
72,93,4,80.7
83,39,7,77.0
86,87,8,103.19
96,82,5,91.65
92,84,2,79.82
80,62,2,65.71
66,68,3,65.54
54,61,2,55.2
85,94,7,97.31
76,58,2,59.6
80,60,6,82.83
65,83,4,76.51
52,63,4,63.98
46,86,1,55.11
53,61,5,68.31
90,43,1,54.86
47,67,1,49.89
47,80,3,61.96
97,42,4,69.68
63,49,1,46.01
53,45,3,52.22
86,41,5,71.74
100,40,6,82.61
90,61,4,78.82
51,91,5,75.42
73,68,6,80.44
51,53,1,43.02
81,65,4,77.13
57,49,6,66.4
65,77,2,64.27
91,52,3,66.95
65,70,3,66.18
77,35,4,61.0
75,61,3,67.96
48,62,8,76.5
88,54,1,61.7
71,65,6,81.36
70,71,6,83.1
43,62,4,55.23
58,64,1,51.97
81,65,5,76.41
94,80,4,85.87
56,35,7,62.06
49,61,1,49.21
83,38,8,83.04
89,36,8,81.32
47,45,7,62.65
66,51,5,67.88
58,93,4,78.28
60,56,1,48.43
51,76,5,73.16
48,50,7,64.96
66,96,5,86.67
85,45,1,55.68
60,52,4,58.32
88,86,3,82.19
55,93,4,76.8
46,73,5,64.97
96,54,1,66.64
49,56,7,70.55
77,96,1,73.59
64,79,2,62.49
43,58,5,60.09
94,54,1,62.0
74,97,6,91.71
62,89,1,66.33
50,64,1,51.71
77,58,1,57.88
69,47,3,60.22
43,63,7,67.94
55,87,2,67.52
66,75,4,70.66
54,42,7,64.85
86,52,8,86.75
58,81,6,80.5
59,82,4,74.99
45,87,4,68.82
78,91,3,81.64
56,77,2,58.61
56,100,8,94.14
96,62,2,70.09
95,79,7,97.47
95,98,3,87.41
74,54,5,72.31
75,50,5,71.47
82,58,7,82.84
93,71,7,92.25
83,92,1,74.56
53,54,4,58.08
68,80,7,89.39
68,74,3,68.2
45,91,3,66.18
58,65,5,70.8
50,87,6,79.25
63,59,6,70.75
99,62,1,70.11
75,92,3,81.36
88,36,8,83.18
64,55,1,51.69
60,88,8,91.19
58,63,1,53.14
44,70,1,48.22
96,94,2,81.01
66,47,2,50.72
95,42,6,80.06
89,88,7,99.24
72,94,8,98.6
43,96,7,86.45
55,70,3,60.33
98,61,6,88.25
82,35,3,60.34
84,36,5,70.74
74,55,8,84.37
57,78,1,59.63
84,36,8,80.17
67,42,6,70.13
71,89,1,69.73
40,86,4,63.51
75,49,7,78.31
68,48,3,55.5
70,62,2,57.84
48,54,6,66.68
57,92,8,90.32
75,52,2,57.64
43,74,7,77.15
57,73,1,56.23
72,68,7,82.82
96,65,6,89.92
94,39,8,85.9
77,96,1,72.02
79,35,4,59.27
63,37,3,54.62
82,45,3,61.16
40,44,1,40.2
61,42,4,59.26
60,56,3,60.28
51,70,1,50.51
71,44,2,55.41
76,94,1,71.63
42,67,2,50.94
46,94,4,69.53
55,79,6,78.01
91,59,2,70.05
96,48,8,86.96
46,45,3,49.1
62,56,6,73.78
74,44,7,76.74
76,95,6,91.05
99,38,5,77.27
82,67,1,64.06
68,69,5,76.19
89,45,3,67.66
78,60,8,88.99
56,75,8,85.43
93,62,7,91.61
69,76,2,68.74
84,50,6,76.95
47,81,1,52.7
87,39,7,80.2
95,100,6,103.34
98,75,7,100.1
85,57,4,73.97
62,73,2,62.42
84,44,8,82.1
95,72,4,80.68
79,98,7,98.82
49,58,5,60.41
50,87,8,84.97
49,37,2,43.05
99,72,8,97.9
96,58,5,78.9
93,77,1,74.81
97,96,8,107.02
94,46,1,60.72
78,66,1,63.63
62,35,6,62.79
89,85,7,94.71
47,57,2,51.08
54,63,5,65.13
65,40,6,68.23
79,68,6,82.88
89,67,3,76.68
87,79,5,83.9
93,47,3,70.36
95,76,5,90.55
80,54,4,68.8
44,83,4,66.53
64,42,3,52.36
41,82,2,56.42
82,88,6,92.05
69,97,4,82.32
88,49,1,59.54
78,93,1,73.89
89,97,7,104.81
60,40,8,74.78
97,73,5,89.77
68,95,1,66.39
47,40,5,52.24
47,59,4,57.3
66,56,4,67.01
98,91,5,96.59
88,75,5,87.99
81,94,2,76.08
86,45,3,64.16
59,71,7,82.39
79,79,2,69.93
90,100,5,93.76
98,86,5,94.02
58,81,5,78.11
48,48,1,42.82
94,41,6,79.81
78,88,5,88.41
42,72,2,56.29
97,67,7,94.59
80,42,1,53.66
77,50,3,65.58
97,39,6,75.8
48,80,1,56.76
46,61,4,56.89
78,43,4,61.72
70,63,7,79.7
93,45,4,73.55
47,48,5,57.48
49,61,4,58.72
82,77,4,81.53
53,100,1,65.63
83,40,3,62.61
93,74,3,81.0
87,62,8,88.61
48,96,6,82.84
92,97,2,83.79
78,96,7,96.85
44,76,6,70.31
44,78,4,67.54
50,86,8,83.74
60,68,7,80.05
99,84,4,91.0
79,81,2,69.98
67,73,1,62.41
99,77,5,89.77
98,65,8,94.65
70,57,6,77.22
74,39,4,60.2
44,45,2,43.26
93,100,4,92.27
49,44,3,52.06
45,58,5,58.84
72,86,4,79.66
83,73,5,80.92
85,70,4,76.34
68,96,4,83.18
40,54,1,41.6
50,42,2,44.13
68,75,8,88.91
43,97,1,61.89
80,54,3,67.33
79,58,2,65.8
60,45,4,57.35
44,60,2,48.11
59,69,6,74.55
52,87,6,80.87
86,42,4,65.51
85,58,8,89.04
61,40,7,66.17
69,56,8,80.51
74,95,3,78.21
98,35,4,68.09
64,100,7,91.58
68,80,6,80.22
64,85,6,84.55
53,91,2,66.29
100,56,4,78.55
74,67,5,75.72
62,54,2,53.25
72,73,4,73.33
72,57,2,60.82
98,71,7,95.87
77,41,3,57.59
68,72,6,81.49
44,56,3,51.18
90,41,3,62.19
46,61,2,52.81
92,60,7,87.98
45,99,5,78.14
52,65,7,73.64
55,44,5,60.96
49,67,6,68.46
62,99,8,98.57
86,76,8,98.12
59,51,6,65.77
65,35,1,43.4
48,40,1,40.48
99,37,4,67.78
85,44,2,57.91
47,43,2,42.0
44,87,8,83.26
85,60,3,71.58
41,55,2,49.22
99,82,2,79.13
80,58,6,81.13
75,43,6,69.71
55,82,1,58.21
46,48,2,45.52
40,78,8,80.19
59,36,1,42.43
79,76,3,74.86
77,72,1,62.43
55,95,2,66.51
59,85,7,86.46
77,69,7,86.62
49,77,6,76.07
79,68,3,73.53
98,57,4,75.42
96,55,3,69.94
88,37,1,53.07
57,51,4,59.48
67,52,5,65.97
54,46,8,70.61
72,94,3,78.53
65,96,7,90.45
55,81,3,68.51
49,54,1,47.54
66,68,4,71.52
90,51,7,85.83
94,74,7,96.43
59,46,8,72.59
47,84,6,76.63
99,52,7,89.06
72,92,2,72.55
67,95,7,91.61
40,62,1,43.79
60,39,6,66.4
85,86,3,81.2
85,55,3,69.85
85,69,8,90.7
87,37,1,55.68
65,92,8,96.16
48,87,3,65.26
90,54,1,62.95
43,74,6,70.09
59,64,2,56.12
97,64,3,77.81
65,73,8,89.34
46,62,2,53.1
52,90,5,76.31
65,94,4,78.03
73,47,7,73.06
41,95,3,68.42
97,90,7,99.96
50,88,3,64.66
59,69,8,85.78
46,51,1,44.03
51,95,6,83.87
63,57,6,72.18
67,70,1,56.37
66,48,7,71.37
95,79,7,100.41
75,78,1,63.3
70,50,8,81.9
55,53,8,74.69
45,36,6,58.3
97,42,7,83.46
55,74,8,81.34
62,98,3,76.13
63,40,3,55.43
67,64,7,83.18
100,57,7,92.39
90,41,6,75.08
54,82,5,75.47
42,41,5,54.65
88,68,5,84.37
46,68,4,61.95
60,65,1,54.99
61,39,4,53.01
59,96,4,79.02
74,45,7,76.1
46,90,6,80.06
67,88,5,82.78
97,90,5,97.42
57,96,7,88.21
75,44,2,55.24
88,93,7,97.69
58,35,2,42.53
41,85,7,78.14
77,69,1,60.98
75,73,1,65.76
74,84,8,93.89
67,41,2,50.38
63,56,5,68.15
56,78,6,77.83
86,91,5,91.91
57,61,1,50.12
45,80,5,71.03
43,45,8,65.65
95,88,6,96.89
100,74,1,76.59
87,76,4,82.99
75,55,5,73.75
78,72,2,70.01
41,51,6,62.43
47,83,2,60.78
96,50,5,75.53
40,69,6,70.18
53,52,1,45.78
75,77,2,67.25
87,72,3,73.12
70,63,5,72.04
42,40,8,66.1
43,92,7,80.12
57,41,6,64.27
72,91,2,76.16
62,99,7,90.44
47,83,3,62.78
72,82,1,65.91
87,52,6,79.57
55,47,5,59.07
58,37,8,72.41
71,41,3,53.83
68,46,5,67.56
64,73,6,81.26
95,52,2,68.78
75,76,4,76.03
50,91,6,78.13
93,80,7,95.0
94,60,1,65.7
90,78,7,97.52
56,59,3,56.71
69,36,7,72.23
82,69,7,87.1
66,73,4,69.76
45,48,2,42.87
78,91,3,78.86
88,77,7,93.63
96,74,8,97.36
45,59,4,54.86
75,48,8,83.26
57,98,4,78.97
51,44,1,40.89
96,49,2,64.67
90,36,1,56.36
54,98,6,85.93
72,82,3,74.9
73,48,8,82.6
63,69,3,63.03
99,57,7,88.71
75,38,7,73.74
60,79,7,81.07
55,96,1,62.63
75,47,4,64.39
42,35,2,37.89
58,65,7,76.49
86,67,4,75.65
74,72,5,77.85
80,79,8,96.3
75,57,2,59.13
70,62,6,78.95
78,48,3,61.85
64,80,1,64.51
68,77,6,82.32
56,54,3,56.59
79,100,3,84.04
97,64,7,94.35
55,36,6,59.63
61,39,7,69.54
44,77,5,67.96
51,74,4,65.74
99,100,8,112.02
52,70,2,58.72
54,98,4,75.63
90,52,7,82.06
75,83,2,69.0
50,76,3,61.76
45,70,6,67.04
44,52,3,49.97
41,38,3,41.54
57,94,7,85.89
73,75,7,86.58
99,73,7,97.22
97,100,1,83.76
57,95,5,83.17
66,70,5,73.91
85,73,2,69.02
47,88,6,80.09
70,78,8,90.25
82,76,4,77.91
55,67,1,51.57
46,89,4,68.61
70,59,4,65.74
88,41,7,82.51
62,72,2,62.03
90,40,5,69.09
70,64,6,76.47
41,44,5,51.83
74,62,3,69.31
57,78,3,66.91
67,95,7,91.0
46,42,8,67.06
54,61,6,67.33
46,73,5,66.61
41,83,8,83.16
74,58,3,65.63
90,37,2,60.07
46,50,1,41.61
78,70,3,72.93
58,99,8,96.61
45,73,4,64.55
77,92,5,90.14
53,56,3,56.93
76,90,5,88.33
63,65,3,66.07
93,59,4,76.7
79,77,5,84.19
58,47,2,47.26
64,91,8,91.66
46,72,5,65.13
60,43,1,47.52
45,71,3,59.83
54,73,3,65.73
92,46,2,63.64
73,39,6,66.48
79,59,5,76.38
89,38,5,72.84
90,63,3,75.64
65,76,5,73.57
49,37,5,56.2
48,96,4,75.4
100,44,4,75.0
95,85,7,98.96
80,77,8,95.86
78,35,1,50.31
94,48,8,88.07
82,59,3,65.79
73,45,3,57.9
86,49,7,79.35
75,54,3,62.57
82,73,3,76.69
100,59,7,92.5
65,45,8,77.59
41,85,2,57.66
59,51,4,57.39
80,41,3,60.49
47,83,5,71.8
47,88,7,81.87
42,87,2,56.89
90,78,2,77.38
83,48,7,81.08
44,73,4,63.89
65,58,1,54.02
43,65,6,68.69
69,69,8,86.07
89,75,7,95.27
58,91,5,81.31
99,46,6,80.74
42,71,4,62.89
87,86,2,77.83
86,55,7,85.69
48,40,2,43.45
62,86,7,84.66
79,54,2,62.11
85,89,5,89.1
80,66,5,75.98
86,63,4,72.93
52,51,7,71.24
99,52,1,67.33
51,47,8,72.48
88,94,1,77.06
50,96,2,69.22
47,73,5,66.19
41,53,4,53.28
97,37,6,77.55
98,94,3,91.76
97,60,6,88.6
71,54,2,60.74
94,89,7,101.69
81,57,2,63.0
90,36,4,63.61
68,41,1,46.05
54,66,3,60.03
73,41,3,56.93
76,94,4,83.05
73,37,1,47.39
98,85,3,83.54
70,99,5,88.56
85,44,7,79.04
76,98,6,93.67
92,40,7,79.74
45,39,2,39.9
47,97,8,88.14
65,53,5,68.35
73,64,2,60.31
86,75,5,82.67
74,38,3,54.37
42,56,8,71.72
52,55,2,48.2
51,48,6,62.15
63,73,2,64.6
42,47,8,68.18
74,91,5,85.05
58,61,3,61.38
45,87,4,68.36
59,79,7,84.0
85,80,1,68.7
66,73,8,85.47
57,94,8,93.67
80,52,7,83.66
48,74,7,78.45
85,100,1,78.33
65,89,7,91.54
82,57,3,66.41
65,72,6,76.85
41,72,4,59.23
68,67,2,60.15
87,97,5,94.15
53,52,4,56.75
64,76,6,81.53
71,48,8,80.75
77,40,6,71.19
70,65,3,65.88
56,40,3,49.34
67,45,4,63.11
91,98,3,89.68
72,63,8,83.28
47,60,6,67.02
50,89,4,72.98
76,58,3,65.47
97,65,6,86.31
65,72,5,76.41
54,38,2,44.52
73,71,5,77.78
51,39,7,66.84
100,69,3,81.52
42,47,5,58.14
71,42,8,75.43
74,89,6,88.76
88,80,6,88.68
80,88,4,83.14
86,46,3,67.34
48,99,6,85.42
46,59,6,68.98
95,51,5,76.87
67,62,2,57.77
43,86,3,64.96
93,64,7,89.28
97,77,3,81.15
82,88,6,94.46
96,73,5,90.24
99,56,8,95.18
61,42,1,43.67
88,48,6,77.77
68,45,7,72.61
66,47,5,63.29
75,48,6,74.61
72,75,8,88.12
71,73,2,63.08
98,79,5,88.76
51,87,1,60.66
74,87,6,85.58
92,44,2,64.31
79,74,4,78.68
97,47,7,85.22
61,70,6,74.11
84,70,2,69.93
74,100,4,86.03
86,67,8,95.18
58,37,7,64.21
87,76,8,99.76
45,37,8,63.43
74,45,7,73.48
86,98,2,83.69
66,67,3,63.94
46,94,1,60.61
99,46,1,60.68
63,35,4,52.47
42,35,5,51.63
80,65,2,64.49
85,55,2,63.85
82,94,7,97.39
72,56,3,65.03
89,65,2,67.12
64,57,5,65.55
99,77,1,75.75
85,85,6,89.42
88,42,6,77.96
45,48,7,62.58
80,87,2,77.4
73,59,3,66.97
89,79,3,79.44
40,73,1,48.84
46,96,6,81.83
60,94,5,84.1
53,100,7,89.21
44,74,1,51.6
42,51,4,54.24
46,80,3,61.13
65,63,2,61.97
86,79,1,67.4
74,59,7,80.18
77,71,4,74.86
98,92,7,105.96
82,51,8,85.89
58,44,2,46.81
70,94,3,79.68
51,36,3,46.43
50,82,2,59.04
52,77,6,76.32
50,38,2,40.74
54,51,7,72.14
84,65,1,61.94
41,64,6,65.15
100,43,5,79.46
53,36,3,48.37
51,88,6,78.46
93,35,2,59.56
60,60,1,54.69
41,52,2,46.17
40,85,2,60.08
67,69,8,85.61
54,86,7,84.87
85,42,4,69.61
74,78,5,77.8
100,78,4,89.71
89,94,8,106.0
65,89,7,92.2
99,97,6,104.04
91,84,6,92.27
80,47,6,76.39
61,92,5,81.09
70,91,5,86.7
78,94,4,84.94
61,99,8,94.26
96,77,1,70.35
69,44,6,66.3
82,48,6,73.73
90,73,1,68.9
91,61,2,67.29
52,83,2,61.3
93,60,2,69.77
80,92,1,70.22
50,94,1,60.78
49,74,4,67.97
45,65,7,70.82
95,86,1,74.32
91,53,5,77.54
60,79,4,73.54
88,62,4,78.76
55,59,8,76.88
60,77,1,59.91
94,52,6,84.31
89,42,7,81.76
85,49,2,60.62
84,77,1,71.27
66,47,5,68.02
95,78,2,74.32
63,53,6,71.97
52,96,5,81.85
40,74,7,73.8
88,42,4,68.51
65,94,2,71.83
52,61,1,49.44
56,50,6,65.18
74,54,1,57.8
91,74,1,67.96
100,70,8,102.59
48,76,8,80.84
44,73,7,74.13
62,40,3,50.82
69,79,2,68.93
91,60,1,66.34
65,35,8,70.28
92,62,7,89.86
98,76,2,75.26
95,91,7,103.63
79,89,6,91.15
95,54,7,88.11
40,80,3,57.4
52,97,1,65.02
79,60,8,89.62
69,51,2,54.59
56,88,3,71.94
55,71,3,62.6
71,95,8,98.97
43,79,2,59.46
87,38,3,62.49
41,65,4,61.31
99,44,2,64.74
95,96,5,96.63
41,89,2,61.01
77,83,7,91.53
88,67,4,79.33
55,77,8,84.08
49,75,2,58.25
52,74,2,56.85
74,57,5,75.25
84,37,1,55.09
96,53,7,85.22
70,78,4,72.44
96,84,4,89.37
84,42,2,60.28
48,52,2,49.08
65,82,6,82.47
90,69,8,96.81
82,97,2,77.91
60,49,3,53.58
97,76,1,70.6
61,37,3,53.99
100,67,7,96.53
47,38,2,42.32
42,60,3,53.73
72,79,8,94.27
64,58,5,68.77
72,85,1,69.32
50,87,8,87.86
85,88,4,86.13
54,74,3,63.93
77,74,3,71.84
48,50,4,55.26
83,82,7,94.3
57,89,2,66.74
52,58,1,45.5
62,94,2,72.11
97,95,8,109.9
82,72,3,75.09
83,83,4,83.96
91,59,6,82.13
77,69,2,67.02
60,89,6,81.94
59,42,1,47.02
97,56,7,90.04
55,58,4,63.23
61,90,1,66.13
61,40,3,54.48
74,58,8,85.79
79,41,2,58.67
73,54,5,70.63
80,42,7,76.93
77,79,8,91.9
50,59,1,46.95
54,64,6,70.42
54,52,1,46.16
59,93,8,95.15
46,79,8,79.73
43,64,4,61.12
91,84,6,94.74
78,38,4,59.7
81,44,6,72.95
90,47,2,61.95
80,64,1,58.9
83,77,5,85.27
94,72,8,99.19
43,70,3,59.09
58,46,8,75.86
83,40,8,80.46
42,95,7,79.98
54,96,7,89.68
48,67,2,52.79
82,59,1,60.33
74,63,7,82.59
67,81,4,73.16
81,73,1,66.83
58,54,1,47.33
81,37,4,61.4
58,35,3,47.64
56,100,5,82.25
85,45,1,53.83
57,74,5,73.76
80,100,2,81.46
76,41,4,60.8
67,75,2,62.47
64,94,3,72.76
75,62,6,79.62
55,50,2,48.55
65,62,1,56.44
81,85,6,90.13
68,99,2,77.74
82,93,2,75.4
82,93,2,79.0
59,69,4,65.81
94,43,8,88.93
44,75,1,49.28
59,85,2,67.21
83,81,1,68.44
62,64,5,72.51
82,80,6,88.64
63,89,1,67.11
100,82,5,91.51
77,67,8,88.69
67,84,5,81.19
78,90,8,99.28
85,86,2,76.9
92,90,3,87.47
87,87,1,76.42
95,68,1,68.54
98,98,7,107.39
75,98,7,96.22
71,80,7,90.14
80,78,5,85.61
44,87,7,78.7
44,76,3,60.26
91,97,7,104.92
53,58,3,56.48
94,84,6,97.63
62,93,1,68.57
86,81,3,77.08
99,50,4,76.6
50,80,8,85.26
47,43,8,67.89
57,49,2,51.46
56,47,4,57.67
45,44,1,36.83
65,78,3,71.24
100,74,2,76.65
78,66,8,90.51
59,83,5,78.61
50,37,5,56.62
84,65,3,69.64
82,83,1,70.13
80,57,1,60.12
52,75,7,80.54
61,65,4,67.53
96,65,7,90.0
53,36,1,38.72
77,94,3,79.64
64,64,3,63.1
97,79,2,78.94
61,86,2,66.29
77,94,7,95.8
44,44,1,40.14
83,92,4,83.13
78,92,5,90.58
40,98,3,69.69
76,76,4,76.59
83,74,7,90.14
80,48,7,79.28
42,89,5,74.48
77,81,2,68.46
53,88,7,81.68
56,67,1,52.84
95,35,5,70.25
46,50,3,50.06
72,99,7,95.48
100,54,3,75.2
90,96,3,85.52
84,46,1,57.92
82,91,6,91.43
65,76,1,60.14
46,37,8,65.69
63,43,8,74.24
83,56,3,67.68
61,38,4,57.35
64,90,5,78.88
83,61,3,69.88
91,68,3,75.6
73,84,3,75.9
70,64,1,59.39
64,40,8,76.42
59,95,1,68.49
92,91,2,82.55
83,79,2,73.09
76,84,6,85.9
91,83,3,80.72
90,82,4,83.83
98,91,4,92.93
58,80,5,75.45
56,35,8,70.95
61,73,7,82.88
80,51,8,85.92
79,82,4,78.8
65,43,5,62.56
62,36,7,69.93
86,41,4,65.88
84,44,4,64.87
73,42,3,58.45
48,69,1,49.37
98,62,4,81.53
60,99,2,73.88
78,36,3,58.13
100,97,2,86.38
73,79,6,87.3
52,94,8,90.35
45,47,4,54.75
88,84,8,100.5
81,65,3,72.89
56,76,8,83.79
60,60,2,54.75
81,86,4,83.17
95,88,1,79.11
88,46,1,56.07
99,71,2,74.31
91,45,1,57.37
73,69,8,90.61
79,90,5,85.03
92,67,3,74.26
97,65,7,93.68
70,99,3,82.14
50,85,7,80.0
100,70,1,72.2
59,39,2,45.72
54,51,4,59.25
44,86,4,69.15
61,37,8,72.2
46,89,4,70.46
67,75,4,71.46
62,78,5,73.96
56,57,2,55.24
63,60,5,71.06
52,84,4,73.09
56,49,5,63.89
45,35,7,60.54
67,85,3,73.09
56,89,2,65.6
77,38,5,67.67
53,70,4,67.73
67,83,7,85.42
45,62,5,60.69
42,72,4,62.05
76,88,6,88.28
69,44,5,67.4
48,86,4,67.33
59,58,4,64.47
44,63,2,50.26
66,92,1,65.38
56,93,3,73.82
84,59,2,63.21
50,57,1,47.14
70,50,4,62.44
43,88,5,70.76
63,76,1,60.48
75,98,6,90.44
81,70,6,81.65
64,97,1,67.3
42,67,7,70.32
85,51,4,69.55
51,78,7,79.04
40,51,8,68.53
64,51,2,55.17
91,68,4,79.67
60,59,8,80.07
62,43,4,59.07
56,97,5,81.87
63,99,5,82.91
94,51,4,73.39
59,91,7,85.99
81,71,2,71.58
62,51,4,58.38
98,70,2,75.72
53,57,5,64.42
84,53,3,67.07
57,55,7,70.01
95,95,2,85.13
65,66,6,76.86
49,53,8,73.78
71,46,4,64.17
50,88,3,65.2
61,54,3,60.89
83,92,2,80.59
77,46,2,54.58
97,55,7,91.53
46,75,5,68.83
81,50,3,62.1
70,44,1,49.23
45,46,3,45.95
91,82,8,102.99
100,56,3,73.89
63,59,2,55.57
97,55,5,82.09
61,42,8,74.03
100,80,1,76.48
50,82,8,84.79
72,76,4,75.86
58,59,4,63.13
66,92,4,76.77
92,60,7,89.72
43,87,7,79.76
56,83,3,68.53
94,93,6,98.54
45,85,2,57.38
62,87,6,83.58
88,82,7,98.37
59,74,8,83.5
57,87,7,88.54
61,77,8,87.99
70,59,1,52.77
91,86,6,93.13
100,87,1,81.51
76,83,2,73.44
42,55,6,62.07
68,93,4,80.38
88,49,1,59.78
78,48,7,77.62
47,75,2,54.2
68,50,3,58.79
46,89,2,64.92
64,46,2,51.8
57,83,1,57.87
89,99,7,103.81
85,57,6,82.29
45,95,8,85.17
52,90,7,83.93
76,82,2,68.59
81,50,3,66.6
85,59,4,74.42
75,44,3,62.36
70,42,3,57.53
59,56,7,73.02
61,35,7,68.49
67,44,8,78.84
70,40,1,46.12
88,91,7,100.8
100,50,4,74.07
88,47,7,82.53
77,87,2,75.08
83,84,7,92.43
80,75,5,82.15
99,95,8,112.07
94,79,6,91.5
48,70,5,66.48
41,93,8,85.15
67,37,5,60.3
89,65,3,73.1
75,79,4,76.02
40,70,7,69.66
53,76,3,61.58
98,67,8,98.58
49,83,8,84.02
81,42,6,71.39
67,83,8,90.97
87,54,4,71.56
95,75,2,78.15
65,79,5,75.25
75,93,5,86.67
97,92,6,99.66
84,64,5,77.77
69,46,2,52.69
82,96,7,99.89
61,95,2,71.66
47,63,4,61.57
85,37,7,77.1
65,95,2,73.97
68,56,5,67.41
64,68,7,83.64
74,91,4,79.42
93,46,6,77.01
66,58,2,58.02
69,80,4,76.83
62,57,5,69.22
63,38,7,68.71
78,46,4,63.52
93,47,4,69.44
57,100,5,80.5
47,44,7,61.92
100,47,7,87.58
54,57,1,50.97
50,35,1,35.27
63,75,3,67.89
99,49,2,67.88
57,52,6,69.05
60,63,1,56.15
77,54,6,75.37
96,72,8,98.84
95,71,7,94.89
67,85,7,89.7
77,67,5,77.25
45,76,5,70.73
69,70,4,70.84
48,66,4,62.23
64,78,4,72.08
82,82,6,86.81
75,97,3,82.76
69,39,5,60.61
56,92,2,67.55
64,68,1,58.71
73,49,3,63.22
76,94,5,85.18
42,86,5,72.47
51,74,3,61.1
94,99,3,86.54
77,62,1,60.18
52,85,3,69.05
71,41,7,73.89
78,48,7,79.03
93,84,7,98.2
70,71,7,85.11
73,57,7,80.08
45,55,4,53.76
51,75,3,61.33
67,54,1,51.1
87,68,3,74.56
42,76,3,58.58
53,53,5,60.01
65,96,3,78.89
42,89,8,83.55
53,70,6,72.72
69,40,1,49.85
75,37,7,74.32
87,93,2,78.87
95,48,7,85.46
85,53,3,67.38
62,49,3,58.14
83,46,2,57.94
73,50,7,75.31
63,90,7,87.23
61,61,2,56.06
46,99,4,72.25
62,51,7,75.33
75,85,7,94.89
85,84,6,93.34
49,86,5,75.97
93,40,2,59.51
71,68,2,64.24
43,86,8,86.0
69,83,1,65.53
52,68,6,71.67
97,87,5,93.12
54,56,1,48.06
78,73,6,86.84
84,88,4,86.21
44,85,2,60.17
88,38,8,82.58
91,50,2,65.54
58,83,1,61.04
82,65,3,70.91
67,45,5,64.78
43,55,8,71.98
53,98,4,76.54
87,57,3,69.08
53,47,8,73.27
87,78,6,90.76
71,73,4,71.12
65,75,8,90.23
88,57,4,75.08
77,54,7,83.3
53,35,1,37.07
99,50,4,74.18
79,53,1,58.4
80,45,6,74.49
76,43,8,79.61
87,43,7,77.75
74,84,5,80.33
80,39,7,77.6
90,59,3,73.13
94,96,2,81.82
94,39,1,56.89
84,38,4,66.69
62,100,4,82.23
71,50,3,62.68
82,82,1,71.16
92,43,4,72.47
94,57,1,65.31
65,62,4,68.59
96,37,4,70.72
97,77,1,76.19
40,44,5,54.14
94,90,6,100.49
48,61,6,69.78
66,55,5,68.95
97,76,3,80.34
53,44,4,53.46
69,78,5,79.55
67,97,4,81.87
76,66,8,89.29
85,35,4,66.22
46,76,7,78.13
49,38,3,45.4
46,37,5,53.97
100,39,7,85.3
49,74,7,77.1
76,80,4,76.41
43,53,2,46.11
56,38,4,55.97
52,72,4,66.77
90,83,8,100.71
55,88,3,71.05
65,41,4,59.6
73,63,8,87.17
82,81,1,67.65
79,76,2,72.64
72,63,1,57.39
98,99,4,95.68
81,36,5,68.11
41,85,3,63.54
49,35,6,59.26
79,46,6,76.3
62,78,1,61.01
98,53,3,71.34
40,60,8,69.21
53,50,3,55.43
56,55,6,69.28
71,86,7,89.77
68,70,3,64.7
47,92,3,67.45
49,50,6,63.79
73,57,2,58.86
90,86,1,71.98
53,89,8,89.04
85,59,7,84.75
97,36,2,58.49
75,39,5,62.9
40,81,7,79.32
92,43,2,60.92
44,94,2,60.59
88,73,8,95.68
63,67,4,68.22
58,37,1,43.58
55,36,1,42.91
53,100,4,78.02
88,88,3,79.8
60,36,2,46.11
73,94,8,98.24
87,42,8,83.88
59,95,8,91.95
54,42,3,52.33
94,79,8,98.26
74,92,8,101.07
49,76,5,67.9
71,47,8,81.96
95,44,1,58.66
97,79,4,84.95
52,99,2,68.17
95,55,3,73.37
46,60,5,63.46
93,39,4,69.68
65,78,5,78.74
90,64,3,75.66
45,98,2,66.71
93,70,4,82.81
90,46,4,69.99
96,35,1,55.03
91,80,5,87.04
100,86,1,78.92
98,56,2,67.07
87,53,5,76.46
73,59,3,62.93
58,69,4,68.21
41,85,1,54.44
59,93,1,66.61
48,67,2,56.59
75,79,2,72.08
70,75,8,90.65
74,53,8,81.21
92,46,8,85.01
66,68,3,65.57
93,54,3,70.02
81,96,2,77.01
84,71,6,85.18
100,46,8,88.23
52,49,7,71.06
69,67,8,85.14
50,38,4,52.26
77,52,1,55.1
41,79,4,64.21
70,35,7,69.48
53,70,3,59.51
93,59,4,77.08
77,93,8,98.72
40,90,3,64.59
97,67,3,78.52
47,46,1,38.72
98,50,2,68.23
41,74,1,47.07
45,72,6,73.37
49,48,1,45.18
42,63,6,66.74
73,88,4,79.46
60,77,2,65.62
86,53,6,76.99
81,59,5,76.97
54,100,6,88.18
67,41,7,68.5
71,44,6,67.39
64,53,3,57.18
78,61,5,75.87
44,47,1,37.78
65,89,7,91.2
42,68,5,62.85
68,98,1,69.09
40,40,2,41.4
55,40,5,59.94
97,83,7,99.42
52,55,1,47.56
77,69,4,73.76
43,41,7,63.23
70,65,1,55.7
73,57,4,70.61
61,43,4,56.94
52,51,4,59.67
75,59,7,81.73
71,55,1,57.03
79,90,4,84.99
48,35,3,43.08
90,92,8,107.29
43,77,2,55.38
88,77,1,71.12
67,57,8,80.09
66,86,7,88.51
94,48,7,84.45
58,80,8,85.47
81,90,2,77.94
74,63,6,80.24
63,48,2,51.51
87,38,4,65.15
52,43,6,61.51
55,73,6,72.23
97,41,8,87.28
77,96,3,83.41
44,61,3,56.36
65,39,2,51.52
95,65,6,90.44
67,82,1,63.39
100,58,7,90.06
47,87,3,64.52
78,70,4,75.96
45,93,6,77.22
43,78,8,78.69
47,56,5,59.92
56,96,8,93.35
95,70,8,100.01
87,53,1,60.06
88,62,1,66.33
68,57,5,72.86
94,76,4,86.67
66,68,6,80.53
97,92,2,82.02
78,41,8,76.81
49,40,4,49.65
98,69,4,82.0
57,82,7,82.44
82,85,5,87.9
82,59,2,62.95
41,37,2,36.2
50,57,2,52.49
87,93,2,81.99
97,84,5,94.98
47,100,6,84.87
46,75,2,56.94
99,35,4,72.42
54,57,2,51.32
85,97,5,90.69
65,45,6,66.79
80,57,7,81.83
99,83,4,91.43
77,37,6,68.13
54,96,2,70.63
68,52,4,62.22
92,55,5,78.71
92,91,2,81.81
82,42,2,59.44
76,50,8,79.43
71,46,3,59.95
43,86,7,81.44
82,72,1,67.3
68,99,1,69.32
88,51,1,61.44
50,51,4,54.12
83,42,3,63.27
56,48,2,50.48
55,74,2,61.0
55,96,5,81.07
59,93,2,67.61
71,61,5,72.73
75,92,4,84.21
62,82,2,63.92
41,64,7,69.47
62,77,5,74.13
81,39,1,52.66
40,62,4,53.87
97,67,8,97.97
78,80,3,73.33
53,45,8,68.59
60,65,1,51.04
93,37,3,64.33
89,40,5,71.74
67,41,2,50.52
71,90,3,77.68
74,41,4,62.71
67,82,7,87.29
93,43,5,74.21
59,53,5,63.03
50,57,8,76.79
63,65,4,68.94
66,93,4,81.72
84,95,2,79.06
67,67,6,76.7
64,58,2,59.13
98,96,3,89.62
95,45,5,75.93
74,72,1,64.35
76,85,3,79.39
83,90,7,99.2
84,99,5,95.67
96,66,4,78.07
78,93,1,69.41
51,93,6,79.56
80,93,1,75.19
60,96,3,74.64
41,54,8,72.82
51,97,7,84.37
47,99,6,82.69
56,77,1,56.35
51,50,8,73.22
63,52,7,74.23
88,72,2,69.2
50,73,6,71.33
88,89,4,87.29
69,76,5,78.78
69,99,8,97.37
90,75,1,68.19
70,55,8,84.17
85,61,5,80.94
47,93,7,86.59
94,49,7,86.27
68,37,2,50.12
54,73,4,69.39
82,97,7,100.03
99,62,2,75.03
76,38,5,63.75
94,66,1,65.15
50,92,4,70.47
85,42,8,85.02
71,48,5,67.56
41,98,8,90.13
92,57,2,66.68
55,47,7,66.3
73,49,6,70.78
94,90,8,105.79
84,74,2,70.8
58,95,6,85.43
47,61,5,60.71
43,94,8,87.17
65,86,3,71.62
93,75,2,77.04
70,85,1,64.0
53,100,8,90.3
84,73,8,94.69
86,99,6,97.25
69,61,3,61.08
66,59,2,56.92
45,81,7,75.85
40,99,5,73.55
70,56,5,69.03
44,43,5,55.44
41,67,2,49.56
61,84,3,69.95
52,42,6,60.74
51,94,2,63.02
85,52,1,55.83
41,83,2,59.59
72,55,3,59.95
99,72,2,77.47
79,48,7,80.18
50,75,7,75.36
69,47,6,68.78
74,38,8,78.34
86,68,7,89.51
49,93,8,90.3
99,68,1,68.52
89,93,4,90.63
69,72,5,74.86
46,59,5,59.85
77,88,4,82.69
95,51,7,85.13
45,62,3,53.8
51,47,4,52.53
41,50,8,69.29
61,44,4,60.34
82,37,7,77.16
75,52,8,84.35
97,46,3,66.21
90,51,3,68.24
94,90,3,87.16
59,98,8,95.4
72,97,8,100.5
49,46,8,70.73
74,99,7,98.18
81,80,5,84.48
92,71,1,69.49
43,41,8,63.36
84,83,3,80.5
62,71,5,71.47
88,90,1,77.14
40,44,6,56.7
88,38,2,57.85
92,40,1,53.9
80,81,8,94.06
40,85,7,77.29
53,45,3,49.4
91,54,7,83.53
77,43,2,56.61
54,53,6,65.91
75,98,8,100.95
52,43,7,64.73
94,96,8,110.62
58,52,3,57.25
97,41,7,86.01
80,46,6,77.07
86,89,1,75.36
91,44,5,75.97
91,43,6,75.5
89,50,2,62.47
98,41,1,58.82
84,81,2,76.09
65,90,5,81.02
82,80,4,81.38
90,93,7,102.0
94,63,3,77.67
87,62,3,70.29
93,72,5,84.35
62,91,7,91.84
60,87,4,73.81
83,100,7,100.28
76,92,5,85.57
98,64,8,95.2
86,35,7,74.05
95,97,1,81.64
46,37,4,51.94
75,68,3,69.9
88,65,4,78.71
57,48,5,60.52
95,72,4,83.42
74,37,7,71.77
84,98,4,87.48
84,41,6,71.05
100,53,3,72.59
75,67,7,85.82
70,85,7,89.55
82,79,6,89.5
60,60,5,66.25
46,99,6,82.59
42,85,1,52.29
45,50,2,44.59
57,37,7,66.32
97,46,4,74.65
40,35,2,40.38
71,96,8,98.01
86,64,5,79.68
47,77,8,80.5
49,82,8,82.9
86,62,5,77.92
100,97,7,109.62
54,75,3,64.64
45,36,4,49.67
58,79,3,64.14
65,52,2,55.02
67,76,2,66.27
84,93,1,71.84
56,37,2,45.54
79,92,5,88.72
49,98,1,61.31
89,48,7,81.55
43,59,7,66.9
95,43,3,65.96
41,96,8,85.71
90,36,8,80.19
70,46,6,68.46
63,88,7,88.97
94,73,6,88.07
81,99,7,100.34
75,65,1,58.79
66,57,5,66.99
73,75,2,68.62
99,44,5,75.75
80,44,8,81.68
61,81,1,60.86
60,45,8,73.83
79,53,3,65.04
65,80,3,71.57
81,77,1,67.52
76,51,3,59.99
52,49,8,72.41
91,37,7,77.58
49,67,7,75.86
85,82,8,96.46
50,37,4,52.11
53,50,2,49.18
45,39,3,43.93
75,63,7,80.3
76,99,7,95.79
96,91,7,101.91
49,37,2,44.45
55,72,8,82.93
55,49,8,72.8
90,66,5,82.0
81,68,8,90.74
83,42,7,76.71
76,68,7,83.94
70,84,1,65.26
46,63,5,65.96
85,68,1,62.83
67,98,3,76.93
46,57,5,58.57
57,96,8,91.68
87,100,5,97.52
40,43,5,55.1
56,57,7,75.97
67,78,2,66.55
87,77,7,92.25
51,40,4,51.08
88,75,6,89.48
69,47,6,68.04
46,82,8,81.09
53,70,8,82.05
45,72,3,61.04
90,81,3,80.21
60,92,3,72.59
44,75,8,77.44
94,88,6,98.77
51,63,6,66.7
73,58,3,66.8
87,80,2,74.93
47,46,7,65.42
87,45,4,71.66
96,80,5,89.85
50,62,2,54.72
58,35,3,48.82
41,85,8,82.24
93,47,4,70.17
91,97,6,96.99
55,97,2,71.67
99,46,3,72.82
74,48,3,62.24
87,57,2,64.89
86,59,1,59.27
89,96,1,80.31
73,98,3,81.38
90,63,7,89.6
76,54,2,59.82
44,96,8,87.41
50,94,7,87.44
91,59,5,82.69
80,56,7,82.35
73,46,2,55.28
79,78,7,92.06
52,79,6,76.87
97,78,3,79.63
93,70,8,95.4
71,78,4,78.28
56,96,8,90.4
72,98,3,82.17
90,85,5,92.62
92,76,6,89.15
66,37,7,66.62
63,75,1,58.31
62,47,6,65.74
89,98,6,101.71
93,67,1,66.97
68,83,2,67.65
84,72,4,80.48
66,45,2,53.94
50,75,4,67.94
51,56,3,51.96
60,38,6,60.72
56,62,6,69.68
90,59,7,85.04
54,93,2,64.8
93,68,2,72.3
48,45,2,45.63
70,68,5,74.65
93,93,1,81.18
62,44,5,63.82
87,77,8,96.27
95,46,1,57.42
79,73,4,77.37
54,72,3,63.1
43,87,5,69.38
59,91,4,77.77
77,99,3,79.99
48,92,3,66.86
63,62,6,73.31
78,51,1,57.76
82,58,5,74.86
51,77,4,66.14
62,86,5,80.08
56,92,4,75.97
64,59,8,79.33
90,64,7,89.34
70,55,8,79.55
47,42,5,55.18
95,95,2,83.54
77,84,6,86.65
92,56,1,66.08
47,85,2,60.42
47,96,6,83.01
71,58,2,58.89
83,90,8,98.9
81,61,4,73.91
80,88,3,81.61
65,41,7,67.9
47,63,8,74.89
96,89,5,92.02
67,35,6,66.49
72,49,7,78.59
71,71,2,64.87
51,87,1,58.4
54,88,1,62.29
40,70,5,65.05
90,62,5,82.98
90,57,8,88.49
62,88,3,74.22
65,44,1,47.87
91,84,5,89.76
93,78,5,87.65
74,83,6,87.48
57,73,2,57.75
88,86,8,101.4
49,36,6,55.57
81,79,1,70.96
58,49,3,57.45
65,37,8,74.96
88,45,4,71.3
72,85,3,77.12
42,48,4,49.73
90,65,3,71.61
79,66,3,72.69
99,50,3,71.73
62,37,8,72.46
85,70,8,95.76
96,85,3,84.6
99,54,1,65.89
48,61,8,74.34
94,55,3,70.69
72,38,1,45.56
82,91,8,101.28
54,93,3,71.72
84,82,2,72.79
63,93,6,83.44
46,73,3,57.02
86,61,7,87.95
47,70,2,57.52
100,93,1,79.81
41,70,7,71.24
92,100,4,95.54
53,42,4,52.68
91,98,1,80.81
100,53,2,71.91
67,35,2,49.12
40,75,5,63.46
80,58,6,80.18
97,38,1,55.3
95,42,2,62.36
68,80,5,76.65
98,91,7,105.37
90,39,7,77.43
72,82,1,64.55
94,48,5,78.2
54,48,8,70.7
69,38,3,52.7
40,73,5,68.12
50,47,1,39.98
62,89,6,87.33
49,41,6,57.51
60,42,5,59.99
74,74,1,64.38
65,42,7,71.02
59,67,2,56.8
85,41,8,79.66
58,54,8,75.3
92,82,7,100.28
65,40,2,51.25
63,44,7,72.55
46,69,3,57.34
96,64,8,96.77
68,90,7,89.03
59,50,4,59.41
82,71,4,79.78
88,45,4,72.2
94,53,3,68.86
99,55,1,65.9
81,57,6,80.52
51,75,4,68.59
87,35,5,66.01
69,91,3,77.48
53,89,6,77.89
52,45,6,62.1
46,75,2,56.24
73,62,7,82.24
81,98,7,97.91
94,88,4,86.89
80,42,5,65.81
70,67,4,68.12
60,77,4,68.48
92,79,6,93.65
64,71,3,65.16
76,91,6,92.78
94,74,1,71.65
88,60,4,73.63
83,68,3,75.31
78,71,2,67.68
83,74,4,81.74
61,41,5,61.69
66,89,2,67.82
43,52,6,61.28
53,73,2,56.91
58,74,3,65.71
62,38,7,69.33
58,71,4,67.55
59,100,7,94.18
46,53,2,47.23
97,92,4,89.27
86,92,8,103.56
44,36,1,33.33
67,90,8,92.35
75,36,4,62.14
40,35,4,46.91
43,89,7,80.89
64,82,3,72.09
97,51,4,74.74
86,55,4,74.08
53,70,4,63.53
52,66,3,60.49
41,51,2,46.86
61,78,6,77.4
97,65,4,82.74
47,80,7,81.24
72,84,3,72.5
50,69,4,62.09
70,100,4,86.77
64,81,2,68.0
98,58,3,75.85
57,91,4,72.78
47,90,2,60.99
87,56,2,64.5
82,68,6,82.31
54,93,6,82.46
98,82,8,106.22
96,94,5,95.26
78,74,6,86.67
95,68,2,73.6
72,97,3,78.16
97,84,6,97.24
91,69,5,85.65
75,83,2,71.77
42,85,7,76.94
70,49,1,52.41
81,78,2,72.98
80,65,8,88.99
68,97,1,68.62
97,95,2,82.0
55,60,6,72.75
87,51,8,86.69
59,89,5,80.53
51,67,2,53.84
40,44,2,39.28
86,40,3,63.68
81,70,6,87.07
58,35,8,67.59
68,37,4,59.13
43,47,6,59.24
63,70,5,75.93
46,90,7,80.81
91,61,4,74.82
56,73,4,66.28
84,63,6,84.06
60,83,5,75.55
89,55,2,64.5
72,44,2,55.88
49,76,1,51.22
94,43,6,78.15
60,86,8,91.23
81,44,4,68.84
61,76,1,57.96
55,37,1,42.31
94,94,4,91.75
91,55,4,73.63
58,58,2,55.68
42,90,5,72.94
66,94,1,66.22
78,62,5,77.0
53,46,7,69.11
53,47,1,46.55
69,47,8,80.23
71,35,3,52.76
74,59,1,57.44
58,90,7,86.03
88,71,8,98.15
42,97,1,58.26
93,60,6,84.63
85,74,6,89.01
83,82,6,87.99
65,68,4,67.65
46,87,2,62.99
98,59,6,85.95
70,76,3,70.73
73,79,5,79.47
48,69,2,54.91
61,50,4,62.95
51,37,6,58.75
46,100,2,66.59
69,43,1,48.37
91,88,2,79.14
97,99,6,103.49
78,63,2,63.74
59,87,3,70.98
71,78,5,81.81
74,77,8,91.65
78,69,5,79.05
75,44,3,59.89
40,79,6,72.68
45,75,8,77.61
75,37,2,49.91
87,63,5,77.52
97,83,5,89.38
58,42,5,58.3
94,90,3,87.35
76,42,6,68.47
61,62,7,75.4
88,76,5,82.97
47,41,6,60.65
63,62,1,52.0
61,68,6,73.03
44,39,3,43.07
72,73,4,72.57
74,67,5,74.88
69,44,6,69.14
67,60,2,58.5
44,72,2,52.64
73,52,8,83.03
61,51,5,64.1
95,78,6,90.91
72,66,7,86.13
68,69,6,76.29
87,42,2,60.53
67,71,3,65.06
83,68,1,66.49
89,35,3,61.25
49,72,5,69.29
73,87,3,77.39
51,51,6,67.63
54,74,1,53.07
42,57,6,62.28
61,77,3,68.25
65,73,3,68.55
94,69,2,73.96
94,97,8,105.69
53,95,2,68.87
46,42,2,44.29
77,46,6,75.59
78,97,1,72.33
42,77,8,77.65
59,74,2,62.09
50,67,2,52.24
40,94,1,59.72
97,65,5,83.63
56,75,5,69.78
97,79,2,78.29
83,35,6,70.67
80,37,1,48.62
74,80,5,83.78
72,73,4,72.73
59,82,4,70.1
87,43,3,63.13
96,58,2,66.6
64,43,1,45.83
54,52,2,49.49
58,70,2,58.13
49,47,5,59.53
79,78,1,66.44
88,35,4,67.73
68,60,3,65.17
76,54,1,58.8
93,52,3,67.81
94,71,6,90.31
86,65,6,85.61
40,47,3,47.39
88,56,1,61.84
81,96,1,76.44
42,46,6,57.64
55,74,2,61.93
95,37,3,66.32
92,64,2,71.59
60,63,2,57.28
84,41,7,79.67
87,36,2,56.82
71,89,8,95.79
84,81,2,73.16
52,36,6,61.36
88,62,1,64.51
91,39,1,56.81
80,81,5,84.67
58,66,2,59.23
74,54,7,79.42
94,86,6,98.49
56,83,6,78.86
82,96,4,84.27
76,90,5,87.7
73,45,6,69.36
41,40,3,46.77
85,68,6,83.4
69,99,7,96.74
40,51,8,69.42
87,82,8,101.34
69,74,5,74.61
71,74,3,68.29
49,56,6,64.22
43,48,8,68.58
89,50,4,71.83
78,39,2,52.42
92,67,1,67.13
96,66,1,66.95
93,73,3,75.53
78,57,3,68.7
75,82,3,72.31
92,37,8,84.08
99,86,4,87.49
74,72,2,67.38
49,84,1,58.12
90,49,7,82.04
73,79,8,93.87
90,46,3,66.07
93,85,3,80.43
49,39,3,48.47
42,67,3,58.5
79,64,2,63.68
59,81,3,68.79
91,45,8,84.09
68,47,4,61.94
97,96,7,106.11
68,47,7,74.93
96,75,7,99.01
79,52,4,68.69
54,59,7,71.11
72,87,2,69.2
42,77,4,66.11
40,94,3,67.91
100,50,3,73.62
63,43,5,62.95
94,80,1,76.6
95,35,2,58.48
96,87,8,105.46
43,63,3,53.34
62,56,4,64.84
50,69,7,75.58
48,71,7,77.84
84,44,2,56.23
87,100,8,106.88
81,72,5,83.02
47,63,2,51.81
70,100,7,93.81
53,70,7,77.78
95,80,4,88.98
53,100,1,64.3
51,47,5,57.94
70,47,2,53.71
68,80,7,86.67
76,61,5,75.71
47,58,8,72.1
55,37,6,58.69
95,84,3,85.84
74,94,3,77.77
82,62,8,91.51
65,73,1,57.62
48,52,8,74.15
40,91,1,58.19
77,90,3,80.64
45,58,1,43.76
51,37,4,52.79
91,53,4,74.72
89,36,4,68.13
71,88,8,95.56
80,95,1,71.04
52,67,3,60.22
62,46,3,57.54
53,52,1,47.99
93,82,1,75.87
68,78,3,72.5
90,68,3,74.81
89,52,8,89.48
74,83,8,92.69
68,38,6,66.85
50,48,4,58.18
52,78,4,68.94
82,93,5,92.13
41,67,3,54.54
75,85,2,73.3
62,65,7,77.01
43,100,6,79.23
81,67,7,86.73
96,54,4,75.79
90,100,3,87.56
72,39,7,73.06
51,66,4,64.17
61,71,2,59.52
48,36,5,50.61
87,57,1,60.7
70,43,5,64.83
46,87,5,70.26
60,56,7,76.22
79,58,1,56.42
80,45,6,72.9
97,99,5,98.71
58,38,4,52.57
51,38,7,65.93
73,52,5,70.67
89,79,5,86.25
81,59,3,70.42
41,91,4,67.37
74,42,6,71.44
71,40,5,62.43
95,100,7,105.78
75,51,3,60.21
98,56,6,88.03
65,44,8,78.57
90,77,6,90.03
68,88,2,70.53
84,49,8,83.55
58,87,4,75.93
54,63,8,76.81
46,79,3,62.41
57,47,8,75.23
53,100,7,86.66
69,86,7,87.06
76,99,1,72.17
87,92,1,77.57
85,94,4,86.45
86,40,4,68.16
84,61,6,80.29
51,61,4,58.87
47,55,5,62.11
61,55,4,60.15
49,85,8,88.1
50,67,6,68.41
79,39,2,56.94
96,90,4,90.67
55,36,5,58.9
77,80,5,83.25
71,44,8,80.78
83,49,4,69.99
86,100,1,77.63
87,42,4,66.38
54,61,6,67.29
84,94,1,74.2
90,80,6,93.65
93,51,3,72.52
88,96,6,98.87
49,38,5,56.34
93,50,5,75.37
62,62,3,60.17
53,65,5,69.03
69,58,4,64.79
78,82,1,70.06
88,38,1,52.76
64,97,1,68.53
81,66,3,72.1
99,41,7,84.16
57,100,2,69.58
81,82,4,82.15
86,91,8,104.46
50,74,2,55.61
46,42,8,69.57
46,55,5,62.64
41,47,5,54.69
40,69,7,69.04
55,89,4,72.89
100,66,7,92.75
76,63,1,57.49
45,59,7,67.97
99,93,8,111.45
41,36,6,52.74
55,100,5,84.02
84,35,2,55.55
99,84,4,89.51
58,64,7,74.89
51,63,5,67.6
55,60,6,67.03
78,84,6,87.01
79,77,1,66.87
56,44,2,47.51
70,85,8,96.97
86,71,3,73.6
48,61,5,62.96
70,99,5,88.25
44,85,1,55.47
51,59,4,62.02
60,100,6,89.05
74,53,8,79.82
98,58,2,68.54
77,53,4,66.03
58,96,8,91.59
65,79,7,84.76
98,78,6,92.51
74,59,8,88.13
71,43,1,47.31
75,40,4,64.42
72,54,6,73.1
76,46,6,74.93
49,68,1,52.21
76,42,3,61.65
43,85,5,70.24
41,69,1,48.9
86,39,3,63.92
96,45,4,74.81
91,99,2,84.5
45,61,7,72.24
92,97,7,102.46
66,50,7,73.04
81,51,8,83.68
42,97,1,61.28
44,49,7,66.08
60,83,5,79.13
64,43,7,73.09
64,76,4,74.85
64,37,1,42.87
90,36,3,63.53
50,96,3,71.71
64,99,6,89.55
55,76,3,63.49
63,57,6,69.48
73,46,4,60.91
87,55,7,82.85
59,40,3,50.22
64,77,2,63.71
92,61,2,71.49
60,56,7,76.66
99,65,1,68.05
93,50,2,67.11
54,39,8,71.68
44,80,2,56.04
75,68,4,72.45
73,92,8,96.19
81,58,8,87.46
61,99,4,77.82
77,39,7,73.98
48,54,3,54.35
43,87,3,61.67
44,75,3,57.08
80,48,3,64.32
52,74,1,51.91
98,54,8,89.91
55,78,5,71.94
61,65,3,62.51
46,96,2,64.68
67,64,8,84.82
76,73,1,61.66
49,44,3,49.33
68,79,8,92.35
53,62,4,62.8
41,64,2,51.65
77,94,3,80.69
73,67,5,78.45
51,98,1,64.92
48,75,4,63.25
69,38,7,73.4
95,39,8,83.72
63,38,4,53.68
51,41,5,56.07
74,72,6,84.33
91,100,6,101.08
46,65,8,75.68
56,76,3,64.82
40,89,6,76.89
100,37,4,72.96
66,71,2,65.19
49,83,2,59.63
91,93,8,104.2
69,72,8,88.03
57,69,4,69.08
62,40,2,51.78
81,98,5,92.15
68,44,6,66.66
65,59,7,77.02
90,64,6,87.78
74,98,4,85.11
75,51,3,61.08
59,79,6,76.55
45,88,5,71.22
72,50,2,56.51
72,60,3,61.9
63,64,8,84.53
69,83,4,76.95
53,52,7,68.54
50,94,6,84.4
95,79,5,90.33
68,95,6,92.13
70,80,2,65.57
43,56,5,61.53
85,75,4,82.05
85,59,5,76.84
86,71,8,97.15
88,76,4,80.65
57,54,5,62.71
90,66,5,79.72
98,55,7,92.08
75,36,1,47.09
84,65,7,89.42
93,38,6,74.02
51,58,3,56.69
46,99,4,72.86
68,43,3,58.81
80,44,2,56.67
46,89,7,81.67
48,60,4,62.17
64,82,2,66.87
75,86,5,85.59
68,51,4,62.07
65,93,8,92.97
74,83,8,92.38
77,93,8,102.19
82,80,1,68.54
54,80,6,77.33
64,100,7,93.9
71,94,1,72.64
95,81,4,85.6
50,38,1,37.31
76,94,5,85.81
42,52,7,62.6
60,50,3,58.7
80,85,1,72.84
84,100,5,92.29
99,43,6,82.87
56,57,3,58.96
80,83,6,87.81
41,92,6,77.55
75,71,5,76.21
55,77,4,69.57
64,42,1,46.35
92,94,2,84.35
96,85,2,83.28
41,41,5,50.6
98,76,2,75.38
74,47,1,51.73
79,92,5,86.54
78,78,5,83.35
52,36,2,44.07
49,66,7,74.74
57,81,7,82.78
85,51,3,64.95
73,88,1,66.06
83,62,3,69.65
55,43,4,58.01
51,41,6,61.75
51,50,3,54.35
49,81,4,65.32
70,78,1,60.63
62,98,3,76.45
65,43,6,67.48
93,40,1,59.56
68,67,6,75.68
50,91,1,59.62
68,84,1,66.42
46,86,8,87.25
94,41,6,75.47
62,95,2,68.95
100,97,1,84.78
51,58,1,46.57
64,43,8,73.81
94,73,6,93.29
61,99,2,70.15
68,62,8,86.62
80,56,7,80.35
74,52,3,60.82
96,68,4,82.15
56,37,2,44.44
53,53,7,68.24
59,97,8,92.02
61,60,4,63.15
58,56,4,59.47
85,53,7,85.92
51,57,2,48.5
81,46,8,81.57
52,75,1,56.13
64,98,7,93.62
83,96,2,77.56
48,49,6,64.36
89,47,3,67.82
55,68,4,62.3
61,37,6,65.55
44,62,7,69.35
99,49,6,84.09
75,59,5,71.76
66,65,5,69.54
57,38,1,39.15
91,84,4,87.92
48,40,4,52.46
61,97,5,83.14
43,90,4,67.97
86,57,2,67.34
74,36,4,59.59
85,62,4,76.79
45,85,5,72.57
62,44,8,74.95
51,45,5,56.89
46,59,3,55.39
70,58,5,73.69
80,68,8,92.33
69,59,6,77.14
55,51,2,48.15
74,69,2,67.34
91,73,6,91.59
50,67,1,50.64
94,58,8,90.13
42,87,5,72.49
94,67,5,84.58
40,70,8,77.02
56,37,7,63.0
45,86,6,77.31
86,64,5,77.44
45,43,7,62.61
88,87,3,82.1
89,56,6,83.07
98,81,7,100.22
68,62,8,85.13
47,48,1,44.54
79,98,4,88.3
71,93,3,79.98
67,68,6,75.17
86,79,3,80.28
72,38,5,66.27
49,35,2,41.09
47,54,8,72.39
83,41,7,75.55
98,96,5,98.0
82,87,4,85.94
100,86,3,85.53
59,89,8,91.15
74,100,4,87.93
68,93,8,94.33
87,94,1,77.2
71,94,6,88.86
100,79,1,77.66
71,65,1,59.75
52,85,6,78.84
90,91,5,91.16
70,38,8,74.91
62,93,8,94.45
43,73,2,56.33
46,98,3,70.12
64,94,4,77.63
52,41,6,62.94
43,51,7,63.19
62,82,2,66.54
74,42,5,66.04
69,93,4,81.33
44,77,5,65.75
98,35,5,76.08
69,43,2,50.4
49,55,4,55.86
62,73,6,77.6
48,69,6,71.05
57,99,3,72.96
44,100,8,91.71
86,36,7,76.99
65,38,8,75.35
75,96,2,73.99
91,97,4,89.5
100,63,2,72.19
63,97,1,70.85
43,62,1,47.41
81,79,6,87.59
99,35,2,59.24
91,74,3,77.71
69,86,5,81.66
87,91,4,88.0
82,63,2,64.1
81,69,1,65.02
45,38,4,52.14
41,63,4,58.79
86,86,1,70.33
41,87,8,81.43
86,47,1,56.28
63,81,7,82.76
93,70,6,89.09
95,77,5,91.37
74,100,6,95.85
67,98,2,74.24
57,74,7,77.82
72,62,1,58.4
53,94,1,64.71
75,97,4,84.42
56,62,6,73.45
92,39,5,73.24
74,98,1,75.24
92,35,6,75.76
97,80,4,85.36
48,92,5,75.67
64,41,3,55.97
87,55,1,60.1
78,94,4,85.39
54,84,7,82.69
94,100,1,83.17
85,66,6,83.63
56,86,8,87.77
64,55,2,55.09
66,58,4,67.93
50,62,6,71.22
57,67,6,72.08
93,97,7,103.45
84,82,7,93.14
50,91,2,65.05
72,43,6,72.18
54,40,6,62.29
78,88,3,80.14
63,35,8,71.16
65,88,7,86.25
61,73,5,73.55
74,44,5,68.62
85,61,6,81.49
49,87,7,81.55
93,90,2,81.75
49,87,7,80.2
65,82,5,80.38
94,45,2,61.99
89,41,1,54.59
84,64,7,86.93
59,91,4,76.47
56,63,3,59.89
97,86,7,101.66
89,85,6,91.3
75,85,4,77.94
65,54,4,62.82
88,42,3,64.34
88,66,2,67.1
63,54,3,57.87
84,56,3,68.74
87,74,1,70.41
52,39,2,45.34
93,80,5,90.15
62,64,1,54.4
75,61,4,68.67
57,43,3,54.41
60,60,1,53.21
57,57,7,73.17
84,93,5,93.42
85,100,2,81.44
84,87,4,84.07
51,39,7,65.52
74,46,8,81.47
97,50,4,72.15
52,65,4,62.82
97,97,5,95.31
47,47,8,70.03
62,80,4,71.4
84,54,2,63.3
53,90,6,83.32
91,92,2,78.77
43,89,7,80.94
88,96,1,79.27
54,54,1,48.74
68,50,8,80.78
62,91,2,68.17
70,81,6,86.74
97,73,5,88.09
76,48,6,75.83
67,57,8,82.93
61,51,3,57.85
63,84,1,65.68
72,58,1,57.53
79,65,2,68.51
65,44,4,59.6
64,87,2,68.58
49,94,8,89.44
87,73,5,82.65
73,82,2,70.58
79,49,2,59.01
45,47,4,55.14
64,89,2,67.85
52,59,3,55.6
92,88,5,91.2
87,71,7,91.68
46,39,2,42.44
52,95,4,76.74
76,53,5,73.73
94,53,6,84.95
93,47,3,70.0
83,99,6,94.53
87,39,5,72.4
96,98,5,98.5
67,54,2,57.84
57,50,2,48.12
95,91,5,95.61
58,79,7,80.56
90,35,1,55.03
96,77,5,86.77
44,64,4,58.03
94,89,2,78.82
89,61,6,82.77
86,74,2,73.24
63,61,5,69.29
85,52,6,80.36
84,58,5,77.28
52,55,7,71.18
52,36,7,63.13
81,74,2,68.97
86,57,2,65.85
64,44,1,48.25
96,44,5,76.29
40,45,3,44.95
93,97,1,82.92
48,79,5,70.16
78,47,2,56.25
92,72,2,72.84
87,38,4,67.98
49,44,6,58.24
97,100,7,106.22
59,63,6,72.14
42,97,3,69.24
60,63,1,52.37
65,98,6,88.75
58,56,7,71.03
40,91,7,80.24
47,87,3,63.2
60,94,2,70.14
97,78,1,75.98
41,92,5,73.73
97,99,4,92.83
62,64,3,63.12
99,74,5,90.67
97,58,1,65.79
61,67,3,60.4
90,54,2,66.76
77,47,6,70.89
50,100,7,88.56
86,47,6,76.27
76,69,6,81.52
99,52,7,88.82
73,46,7,74.42
77,86,6,87.97
44,69,6,70.04
67,92,8,94.01
69,95,3,75.78
48,59,8,73.76
42,75,7,73.03
50,56,3,56.59
64,54,4,64.12
65,77,7,86.87
74,53,6,75.57
92,42,6,77.11
43,51,8,70.93
65,46,3,55.39
55,54,5,64.11
85,92,3,81.04
53,90,1,59.86
65,35,2,47.1
89,42,3,65.96
86,68,8,95.74
50,89,3,68.83
45,60,5,61.18
49,67,8,80.7
44,46,1,38.62
60,64,2,59.55
54,86,4,74.52
50,36,8,63.43
90,78,6,91.78
48,61,1,48.57
56,71,7,76.46
65,46,6,67.19
97,64,7,90.92
52,71,4,66.27
89,63,5,79.5
56,65,7,75.54
92,78,1,71.96
43,60,5,62.69
64,43,7,72.45
40,80,4,63.25
48,81,4,64.72
43,98,4,69.97
66,84,8,92.34
41,75,6,67.53
87,89,7,98.53
43,93,4,70.29
88,38,2,59.3
94,35,5,73.37
72,48,8,81.73
86,61,5,76.05
67,69,4,68.9
82,84,6,89.8
65,36,6,63.23
66,79,2,68.77
83,76,7,88.88
57,51,4,58.36
77,61,2,62.22
97,92,4,94.36
68,48,7,74.18
60,76,4,68.98
95,56,6,86.44
92,77,7,96.89
58,41,1,46.1
59,78,8,84.53
76,49,7,79.32
40,46,8,63.77
43,50,5,56.39
73,37,4,61.36
70,62,2,61.84
98,88,8,104.49
73,68,8,86.95
58,67,1,54.27
41,68,2,50.49
68,43,6,67.04
88,61,6,82.98
78,43,6,74.36
49,60,6,65.73
70,99,2,73.48
93,78,4,85.11
57,58,5,67.48
69,76,3,69.07
84,98,2,78.6
54,79,5,71.1
98,74,5,90.37
97,75,8,98.5
45,35,2,38.7
57,75,5,69.97
48,94,4,71.5
52,47,2,46.66
50,58,2,51.33
83,92,5,87.95
88,60,5,80.77
84,84,4,83.1
87,62,1,62.11
81,66,7,89.68
63,90,4,78.61
77,90,2,76.06
65,78,4,76.05
44,45,3,44.95
46,54,6,61.03
86,78,2,71.47
68,72,1,61.21
83,75,1,69.16
75,93,2,73.55
43,75,3,59.23
42,42,1,39.9
72,96,1,73.03
57,67,7,77.67
68,44,2,55.73
71,96,6,90.49
56,77,7,81.09
49,97,4,72.75
91,35,2,55.62
45,100,8,87.1
93,78,1,70.37
50,40,7,62.68
72,64,3,67.55
92,89,5,93.36
100,61,1,71.28
89,51,3,69.27
58,73,8,82.25
53,91,1,60.79
95,88,5,91.65
67,66,6,78.29
46,75,1,49.85
43,51,1,42.85
42,82,6,70.78
87,74,1,66.09
40,53,4,55.52
87,67,1,66.42
72,57,5,71.66
98,41,3,68.19
88,69,8,97.22
94,57,3,74.08
70,83,5,79.55
49,48,5,58.76
48,98,8,87.84
42,47,6,57.36
97,93,4,90.18
51,69,3,60.0
90,47,3,64.81
90,42,2,59.87
100,94,5,98.1
81,52,5,73.49
70,60,4,68.36
44,52,6,63.73
43,83,5,67.88
93,48,2,63.73
86,82,4,82.73
92,38,8,81.18
95,62,2,70.02
64,48,6,69.17
83,88,1,72.71
81,44,8,82.7
40,93,5,72.69
86,67,5,84.03
77,47,3,63.01
54,61,5,68.51
70,50,4,66.69
54,45,7,66.49
42,66,6,69.33
91,58,3,72.64
54,86,2,62.66
98,81,6,96.91
53,47,2,45.18
60,77,3,64.52
97,70,1,71.9
63,50,2,54.33
82,38,3,57.32
98,100,5,98.01
97,39,7,84.15
58,76,3,66.61
96,39,3,64.41
62,93,1,64.57
82,40,7,78.03
73,44,6,68.78
84,92,2,76.23
58,86,5,75.04
47,88,8,83.95
82,88,7,95.62
98,60,7,93.07
88,45,8,86.83
49,98,1,64.77
43,95,1,56.66
97,83,5,91.09
95,75,4,86.26
99,60,6,86.22
81,54,7,81.27
62,81,3,71.47
73,39,1,46.99
95,79,7,100.29
42,86,1,53.8
68,76,5,76.14
43,100,7,85.28
100,69,3,80.44
81,40,2,57.55
75,95,7,98.99
64,75,6,81.51
82,53,8,88.86
80,57,4,70.63
76,91,1,70.72
82,100,3,85.72
69,78,4,77.65
79,43,2,53.97
40,39,4,45.31
50,93,2,63.15
69,51,1,49.44
97,35,7,78.78
55,35,1,38.33
54,40,4,55.87
98,78,1,74.69
65,68,3,67.61
67,94,6,87.04
59,41,1,43.15
49,47,2,45.9
80,100,1,73.44
60,89,7,85.94
96,65,8,97.75
84,70,3,75.67
45,56,4,55.33
82,83,7,92.46
77,78,6,83.11
81,42,7,77.68
66,71,2,60.81
55,98,7,87.54
48,82,6,75.91
87,57,2,66.42
98,58,2,70.11
95,44,5,73.52
63,39,2,46.39
56,44,2,50.02
57,77,6,76.73
61,36,1,45.03
88,65,7,89.7
40,71,3,55.89
41,68,1,48.81
68,100,2,72.82
48,81,6,77.08
53,75,1,54.68
88,91,6,97.52
49,80,8,85.42
75,59,6,78.49
80,66,4,72.58
66,96,3,75.31
72,50,8,78.4
77,48,4,66.07
45,52,3,49.97
69,95,6,88.08
91,58,6,82.19
50,97,3,69.36
89,84,7,95.67
59,85,1,64.07
54,64,3,58.71
55,66,2,56.58
78,64,6,83.42
76,63,2,64.48
54,42,3,51.29
83,75,2,69.08
78,80,2,71.31
69,39,7,74.17
42,100,4,74.96
94,61,8,96.11
59,65,3,62.17
82,67,4,78.14
49,57,6,68.72
43,65,3,56.91
63,72,1,55.13
51,67,2,54.99
68,91,8,95.66
76,37,8,74.5
49,89,1,61.9
70,93,6,88.12
82,62,1,63.22
87,73,8,96.87
50,52,2,47.51
99,61,8,95.55
73,35,1,49.21
43,79,1,51.13
67,87,1,66.54
43,45,2,40.49
90,58,7,88.39
81,97,8,104.73
48,44,2,45.42
64,98,3,76.49
90,52,1,60.45
66,46,8,77.58
82,97,5,89.75
48,89,6,76.51
93,51,7,83.9
45,45,6,60.14
92,100,6,101.18
47,48,1,40.52
76,40,5,63.65
42,100,3,68.83
83,51,8,88.04
51,62,1,49.21
91,42,7,83.23
48,87,2,60.54
41,89,5,74.01
98,35,7,82.51
72,85,2,71.0
54,43,5,59.38
92,45,5,72.52
52,74,6,76.1
46,60,7,70.65
59,87,6,83.35
61,76,5,73.71
49,54,1,43.74
59,87,7,84.66
66,69,8,83.66
46,63,5,63.7
58,63,8,82.34
81,54,4,70.28
85,61,1,63.9
66,45,5,66.14
94,84,6,93.98
44,86,3,63.41
45,65,8,75.79
58,79,1,61.8
98,53,8,91.83
70,77,3,68.15
54,38,6,62.86
62,59,2,57.98
79,100,2,81.79
53,37,1,39.71
72,79,6,85.41
98,81,8,104.99
58,99,2,71.09
72,87,8,94.13
77,43,4,66.28
100,91,6,98.57
71,83,3,71.58
57,62,7,74.94
80,39,5,70.19
71,50,4,66.32
42,63,5,64.38
41,66,5,60.06
67,68,2,60.78
71,83,5,84.3
62,78,4,70.79
85,86,6,95.33
90,89,8,102.79
95,84,8,101.9
98,74,7,98.77
45,100,8,89.71
41,37,1,32.29
51,68,8,81.81
43,56,2,47.0
69,50,5,69.47
90,48,2,62.19
77,58,2,62.42
45,53,4,52.87
98,62,7,89.95
78,61,2,65.25
68,49,5,68.93
82,65,7,87.72
79,45,8,82.35
62,61,5,67.0
94,82,8,104.97
88,51,8,86.8
86,68,6,88.24
49,80,8,84.36
100,82,4,91.11
42,97,5,78.0
74,64,7,80.29
76,75,2,69.85
63,42,5,62.48
48,75,7,77.04
81,65,8,90.63
93,71,5,87.43
60,43,2,51.46
89,54,3,71.82
79,79,8,97.35
74,48,6,75.22
40,38,5,49.05
59,98,6,89.7
85,35,8,82.36
73,81,3,73.34
100,80,1,77.6
58,54,5,67.61
84,44,6,73.83
53,73,3,62.74
78,47,2,57.91
68,43,7,71.42
65,37,4,56.99
96,90,2,79.67
92,74,4,85.36
86,88,2,75.42
63,53,7,74.33
91,86,8,100.83
65,91,3,75.23
56,56,6,66.24
81,84,5,83.6
56,98,7,87.82
96,89,7,100.06
89,52,3,66.75
44,47,1,40.24
78,95,4,86.27
48,72,7,74.18
71,96,4,80.37
81,93,7,98.11
80,94,3,81.55
46,85,5,69.86
48,95,6,83.59
68,50,5,66.79
83,81,5,84.46
45,43,1,41.9
83,64,7,87.78
61,89,4,77.78
93,52,5,79.1
48,91,3,68.75
82,74,3,76.83
88,66,7,90.87
63,36,1,40.83
50,40,3,48.57
87,56,5,79.14
73,59,5,75.02
55,53,1,48.32
40,41,2,37.41
92,95,3,84.51
41,93,2,62.21
61,92,3,74.41
96,100,3,91.56
48,48,6,64.77
43,49,3,46.93
43,60,6,63.88
84,85,7,94.54
98,86,5,95.5
70,37,6,68.3
61,53,1,47.02
86,43,6,73.91
75,64,1,61.56
67,62,8,85.9
47,51,3,51.39
64,94,8,95.94
84,35,6,71.58
66,35,7,70.76
50,52,8,72.6
79,89,1,70.86
60,95,4,78.84
62,41,3,53.52
56,37,2,44.68
55,49,3,50.79
90,39,5,73.37
40,35,1,35.51
48,88,5,75.99
94,66,7,90.72
58,74,7,79.13
70,47,6,68.31
46,67,6,68.3
55,90,5,80.57
83,100,5,92.08
97,42,1,61.47
79,51,7,82.63
99,45,8,90.8
88,48,8,86.38
68,64,1,58.38
82,97,2,79.04
73,63,2,60.66
48,42,4,55.0
90,73,7,95.27
93,44,6,78.17
47,76,2,59.01
99,59,6,84.4
82,55,3,66.98
43,90,3,62.41
97,86,3,87.26
64,63,7,79.23
59,72,7,79.01
52,86,6,79.3
41,90,7,82.91
56,92,2,68.66
42,94,1,56.22
75,73,7,88.2
53,55,2,48.73
100,77,2,77.74
78,64,1,61.04
53,61,6,69.59
79,39,6,68.57
74,74,5,78.22
68,80,5,80.86
94,58,7,86.74
59,50,5,63.05
50,39,8,67.49
97,70,3,76.31
45,59,6,67.88
68,68,4,70.93
47,47,2,47.05
68,96,3,75.89
85,83,2,75.19
56,69,1,54.61
63,64,6,76.89
46,100,5,79.6
47,46,8,71.4
83,95,6,94.35
83,93,6,96.06
60,88,2,70.03
45,86,5,74.66
78,72,4,76.23
55,48,4,58.75
92,83,7,98.83
60,55,8,78.49
42,69,1,48.7
86,74,2,70.19
59,35,8,67.01
92,90,7,101.68
59,49,5,62.8
50,49,5,59.08
60,42,6,67.38
85,47,7,83.71
41,78,4,63.36
54,50,2,50.95
85,83,7,93.97
91,97,6,96.43
82,82,7,95.88
70,53,5,68.3
92,74,4,83.55
68,99,1,67.92
44,63,2,51.3
40,86,4,68.15
80,100,3,82.65
95,85,2,77.07
88,71,8,98.08
93,59,3,72.05
91,42,3,67.4
57,42,1,42.97
70,67,6,76.96
65,51,5,69.24
67,78,3,71.55
44,54,7,69.7
40,94,3,63.22
53,85,3,69.77
100,86,2,84.53
78,44,2,54.57
60,82,1,59.67
46,41,4,49.45
97,90,1,81.64
57,47,4,54.86
82,87,1,71.94
84,97,6,93.51
87,91,4,86.52
74,95,3,80.69
82,47,8,84.76
44,100,6,82.02
40,54,5,59.45
66,39,8,76.32
77,50,4,64.08
97,73,6,89.84
46,96,1,58.03
49,62,7,70.06
63,81,6,80.36
79,89,7,96.01
73,97,3,79.17
72,42,8,78.51
100,87,1,76.26
71,95,5,87.36
90,93,7,103.75
65,96,6,90.23
67,40,7,69.7
50,62,2,50.69
57,69,8,79.59
89,71,2,72.93
63,73,7,83.5
83,94,5,93.38
50,55,6,66.41
53,99,5,83.08
68,62,3,64.76
62,63,5,68.21
54,69,5,70.29
88,95,3,84.18
51,74,1,53.41
97,57,3,74.78
96,80,6,95.32
40,65,1,43.9
56,53,7,71.68
82,81,3,75.78
93,35,5,68.72
99,43,5,77.12
67,63,8,84.69
43,56,8,74.0
88,98,4,93.21
92,91,6,98.87
97,85,1,79.32
59,53,2,55.44
96,62,8,95.26
47,69,4,64.29
85,53,6,77.2
90,75,1,72.2
60,60,4,66.93
78,45,8,82.46
90,56,6,83.34
97,45,4,72.49
91,59,1,64.55
96,41,2,63.45
54,88,5,76.24
40,70,1,48.51
48,44,2,43.93
54,74,6,76.7
73,82,5,84.63
48,50,5,58.03
61,57,3,56.86
92,72,5,87.0
87,40,5,72.41
88,84,5,88.62
55,79,2,64.32
80,69,6,82.85
72,46,7,75.08
88,66,4,76.17
72,37,2,50.32
86,71,2,69.03
74,53,8,80.45
44,60,8,71.29
56,51,8,77.07
48,59,3,55.6
63,45,7,70.74
94,91,4,87.46
73,64,7,84.58
83,46,8,82.59
66,90,4,78.33
82,51,8,85.82
43,78,2,58.54
61,92,1,64.41
91,52,5,77.04
49,35,6,55.18
41,71,7,72.45
67,87,7,88.81
76,54,5,69.35
88,85,6,90.37
80,95,2,80.03
52,98,7,85.24
86,78,1,66.73
88,63,1,67.03
91,62,7,88.31
48,86,5,74.17
61,93,7,90.15
57,63,1,49.67
40,53,7,64.52
40,46,7,64.64
95,83,6,94.18
92,91,1,76.52
91,100,6,98.66
77,50,7,80.75
60,39,2,45.74
80,44,6,76.02
64,86,6,82.24
96,71,4,81.11
76,87,8,99.96
48,96,2,64.94
41,84,5,68.62
92,70,2,74.11
98,58,7,90.94
42,64,1,47.49
72,49,4,64.06
80,89,1,74.06
53,58,8,76.41
50,99,6,81.35
56,55,4,62.08
52,71,1,55.69
62,62,3,60.84
68,78,3,70.43
55,86,4,72.84
98,100,5,96.88
70,52,6,72.73
65,73,2,66.03
94,82,3,79.81
62,82,3,70.47
79,78,4,77.61
96,49,7,87.02
85,95,7,97.85
69,72,5,78.2
88,44,2,57.98
70,82,4,74.45
42,47,1,40.71
93,84,4,87.53
99,99,7,108.27
43,44,8,66.85
66,87,4,77.28
100,89,2,82.47
97,66,1,69.01
75,65,1,63.0
60,63,4,62.68
93,85,2,78.3
99,58,7,89.49
94,38,1,59.0
55,37,8,71.17
62,51,3,55.11
67,68,7,79.25
86,83,1,68.88
87,42,7,80.73
40,67,2,48.89
76,40,5,66.48
80,74,7,89.36
87,77,1,69.22
55,76,3,64.13
100,42,5,77.12
83,50,8,87.47
84,98,4,88.68
42,99,2,61.57
70,63,7,83.68
62,82,5,76.5
49,47,7,64.22
58,74,4,67.02
46,94,2,65.22
88,92,2,79.53
79,78,6,84.82
92,51,2,62.5
61,85,1,63.46
91,43,7,78.73
43,58,5,59.12
67,87,1,67.89
48,73,8,81.15
68,43,6,66.53
54,63,4,60.92
77,72,3,68.61
73,42,1,51.37
48,84,5,70.62
48,77,6,76.51
40,75,7,73.21
74,59,2,59.74
59,52,4,58.48
73,59,5,73.01
64,97,5,84.24
86,99,8,108.25
49,100,3,74.24
74,36,7,72.05
44,42,7,59.93
50,73,4,63.66
98,51,2,69.09
55,90,5,80.14
42,66,1,46.66
50,44,3,51.92
94,98,5,97.12
67,52,7,73.26
46,74,6,74.77
53,84,3,63.95
59,94,5,79.92
59,80,1,58.02
58,79,4,71.22
53,68,1,51.97
54,99,1,65.95
86,79,7,92.4
98,86,2,78.95
85,62,1,63.16
44,91,4,71.08
78,95,5,89.17
97,54,4,76.24
58,56,3,56.99
80,96,7,97.0
66,100,5,88.68
66,55,8,81.0
68,81,2,67.31
97,58,6,88.04
88,96,2,78.99
85,46,2,59.27
54,99,1,64.5
90,52,3,66.02
78,65,7,86.49
100,36,2,60.14
90,39,6,74.49
43,61,1,46.66
66,73,8,85.53
94,50,6,80.94
88,85,1,75.72
63,53,6,70.23
67,82,3,70.1
64,61,3,60.39
80,35,8,79.92
58,41,4,56.38
64,35,8,74.3
65,80,8,90.53
98,87,6,97.99
79,91,3,79.51
72,36,4,61.28
78,60,6,79.09
40,94,4,69.58
73,69,1,58.39
92,44,2,62.01
81,89,5,90.94
82,54,3,68.57
61,62,2,56.39
61,61,4,63.19
44,67,5,65.96
50,90,7,81.95
90,67,6,88.47
54,62,7,76.43
82,45,7,80.79
83,57,7,81.71
62,52,3,59.69
49,66,5,65.75
71,47,4,64.08
90,69,1,66.09
91,85,1,73.38
77,36,3,56.65
41,38,8,62.06
44,56,7,67.2
75,55,7,79.85
93,41,7,83.36
63,88,2,66.56
100,50,7,85.47
75,94,3,80.07
68,38,4,57.39
72,94,7,92.13
77,94,1,74.15
60,40,1,42.4
80,81,1,66.3
44,68,3,59.37
45,39,1,40.4
43,91,2,60.87
100,71,7,95.17
70,41,3,55.84
77,68,5,75.37
61,51,4,59.33
61,62,4,66.53
59,60,6,73.14
41,45,5,54.4
58,45,8,73.06
44,95,5,72.99
80,42,2,54.93
98,79,5,90.29
62,84,1,59.78
97,35,7,81.3
95,45,5,76.84
88,51,5,73.23
81,59,4,70.74
56,44,8,73.31
100,83,2,81.75
87,85,5,89.43
64,43,5,61.14
96,83,7,96.87
41,72,7,73.65
97,80,2,77.13
67,99,6,90.59
89,86,2,80.97
45,37,8,67.04
41,48,5,55.94
51,89,4,72.95
49,82,7,81.7
47,53,5,58.73
68,90,2,70.72
48,53,8,71.01
85,49,7,81.26
50,99,5,78.9
65,42,7,70.02
77,46,5,68.8
87,69,1,65.7
40,43,1,39.31
40,40,4,45.24
81,81,7,90.73
56,73,4,68.89
99,98,4,94.9
50,46,1,43.85
54,37,6,60.54
75,36,8,74.62
45,67,3,55.41
85,44,3,64.2
98,88,2,80.12
92,100,3,89.96
67,53,5,65.22
94,45,6,80.08
41,92,3,63.83
61,37,4,52.36
71,86,5,81.2
84,94,1,75.67
77,42,4,64.63
56,88,7,83.97
60,62,5,66.58
65,54,1,51.43
82,99,7,101.92
56,75,8,87.34
86,80,8,98.01
64,38,3,50.85
55,46,7,68.9
99,61,5,81.13
46,59,6,67.91
73,54,1,56.1
74,99,1,73.24
64,54,4,62.2
70,92,6,88.88
73,40,2,54.74
100,58,3,72.98
80,54,6,78.91
81,50,7,79.72
74,72,4,71.63
83,92,2,80.98
41,37,6,55.67
66,66,5,71.97
75,61,6,76.37
84,69,7,89.3
96,46,6,83.45
45,39,3,45.38
64,46,2,49.55
56,78,2,60.02
72,79,8,92.51
43,38,2,43.27
86,52,1,60.91
43,83,2,57.37
91,51,1,63.07
62,41,4,54.38
97,35,6,73.83
64,48,6,70.36
94,48,5,74.41
42,84,3,63.63
59,71,6,74.07
94,64,1,64.73
44,40,3,42.77
96,64,4,82.95
90,61,4,74.08
85,38,2,60.07
47,65,5,65.59
40,83,2,59.56
88,72,5,81.57
88,57,5,75.6
47,94,2,62.83
59,77,7,81.15
84,100,6,98.2
93,63,6,85.93
77,36,4,63.29
75,97,5,91.13
60,96,2,68.6
91,40,2,58.83
58,69,5,72.28
60,60,3,62.46
95,39,7,82.7
92,80,2,74.55
60,41,3,49.4
96,41,7,80.86
99,85,7,101.18
98,43,3,69.56
89,96,2,81.99
91,62,2,68.1
77,92,8,100.66
61,72,7,83.08
97,65,8,98.47
86,81,3,81.33
88,88,7,101.26
71,57,1,57.93
80,62,5,77.65
85,76,5,83.97
53,94,7,86.91
63,70,2,61.88
60,42,7,69.35
45,73,3,59.8
46,58,3,55.41
79,82,7,93.36
81,57,1,61.81
57,79,7,82.76
68,69,4,73.11
78,65,5,76.98
100,77,3,80.8
44,85,7,77.62
86,56,3,71.04
99,54,4,74.81
58,52,1,48.62
92,100,6,101.64
84,74,2,72.1
62,96,1,68.27
78,99,1,76.75
83,72,4,77.33
59,70,3,63.65
51,79,6,74.0
40,93,6,76.46
67,66,3,67.75
50,36,4,50.18
40,43,7,60.66
98,81,3,83.34
67,54,7,78.45
76,99,7,100.84
89,86,2,75.55
41,54,3,48.95
71,95,1,73.23
42,39,8,66.62
42,100,6,78.15
41,41,1,38.51
60,94,7,88.32
93,37,4,65.89
76,75,1,66.96
67,97,4,80.13
73,65,2,66.15
98,35,7,78.75
91,50,8,85.74
60,96,5,84.67
59,99,4,77.93
46,55,3,49.49
97,83,7,100.59
51,45,8,73.34
78,55,7,79.9
42,58,2,47.44
93,92,5,94.92
82,58,5,76.15
76,88,5,88.53
97,70,5,88.73
92,66,1,68.15
53,47,2,48.42
51,76,5,73.16
48,83,4,70.79
69,44,3,57.76
41,48,6,58.16
97,37,8,86.56
60,80,8,90.67
67,83,6,85.42
87,87,5,90.67
76,77,4,79.89
54,60,2,56.29
67,100,8,97.96
62,91,4,80.11
57,64,8,77.62
48,40,3,45.7
54,82,7,82.04
67,88,7,88.58
87,40,2,58.88
40,36,8,60.8
51,94,3,68.68
67,97,4,82.63
96,44,8,86.69
100,100,3,93.4
90,59,7,85.03
42,87,4,66.66
50,75,6,74.06
68,45,8,74.28
90,50,8,90.14
89,79,2,73.52
58,60,5,67.19
87,89,7,96.01
58,64,7,75.03
60,43,7,70.83
66,45,6,71.27
47,78,7,79.15
80,36,2,54.53
62,73,1,57.75
69,85,7,90.06
84,53,6,81.26
78,79,3,76.42
50,46,7,65.72
65,45,6,68.48
100,69,6,88.95
49,62,4,62.87
90,74,3,76.99
77,90,3,77.53
54,73,5,71.25
59,40,2,48.18
84,79,4,80.86
77,89,5,84.17
49,60,3,57.4
42,92,2,61.13
97,61,3,75.11
78,52,6,76.09
53,87,5,76.48
40,65,4,58.29
58,53,6,71.25
40,49,4,52.12
50,62,5,62.28
44,58,2,47.34
88,66,5,80.3
98,57,8,92.99
70,53,1,51.02
70,38,3,54.96
74,96,8,99.58
77,85,8,96.36
66,74,7,85.37
94,45,2,62.29
87,100,7,105.44
57,65,7,77.75
42,84,5,68.22
48,70,3,60.01
90,68,2,70.85
62,63,6,73.43
84,86,3,81.81
54,69,8,78.24
43,52,3,48.0
92,71,6,89.73
58,90,8,88.86
65,61,7,77.48
85,94,2,79.04
98,68,5,83.8
66,85,6,87.17
63,56,2,58.39
77,81,5,81.94
67,42,2,50.79
99,42,1,58.78
40,58,3,48.8
71,43,2,52.76
44,88,8,85.44
78,92,8,97.54
40,47,2,42.61
98,69,8,98.52
79,93,7,98.12
91,55,2,65.65
91,97,5,94.78
94,84,4,90.03
90,48,1,59.67
92,39,7,77.77
59,84,2,66.89
48,49,3,51.9
85,43,3,64.88
88,72,7,92.69
51,58,5,65.82
71,66,7,84.66
67,76,3,67.42
76,52,3,63.13
57,62,1,52.35
80,92,6,90.97
58,35,6,62.9
92,77,7,94.62
95,38,7,79.49
90,97,1,78.31
97,88,4,89.21
77,35,8,79.3
89,83,4,85.15
76,54,5,69.24
67,48,7,71.87
63,69,8,87.39
44,69,4,61.05
91,58,3,69.35
73,73,1,64.01
42,47,5,56.17
85,90,8,104.66
51,53,2,51.92
66,60,6,74.76
76,47,7,76.26
59,89,2,68.04
59,96,3,76.06
64,52,3,59.39
75,37,5,62.48
85,35,4,62.49
55,92,7,85.23
41,100,3,70.72
53,55,6,66.34
90,52,1,63.7
70,77,2,69.65
62,84,8,88.15
80,44,2,55.72
58,54,3,59.24
61,98,4,78.02
60,39,8,69.31
56,47,2,51.92
96,98,2,85.42
56,92,3,74.12
66,36,7,68.12
46,74,3,60.89
82,97,8,102.94
86,87,4,84.22
83,64,3,68.81
53,67,6,73.1
60,52,1,48.54
75,97,4,84.6
87,91,8,104.11
68,77,2,66.52
46,43,2,43.06
63,88,7,91.09
87,41,8,84.88
88,98,6,100.48
83,82,3,78.33
59,94,3,72.57
90,49,3,68.88
90,41,5,70.94
65,71,3,65.92
98,46,8,92.4
68,87,2,72.14
93,81,8,104.08
99,97,8,108.6
52,41,7,67.91
79,66,2,66.66
51,64,6,71.49
48,80,5,74.1
48,54,1,47.13
97,44,6,80.38
90,61,7,90.02
65,88,4,79.43
78,62,5,75.02
96,77,8,98.73
81,73,4,79.82
58,45,2,50.48
65,74,3,69.07
87,82,3,76.75
63,44,4,57.65
87,36,5,68.13
45,54,4,53.01
87,88,7,96.2
81,97,1,76.64
79,47,1,53.28
59,47,5,63.45
44,70,3,56.85
63,59,4,64.42
54,60,7,70.71
51,73,3,62.89
90,63,3,73.12
85,93,7,99.71
40,49,8,69.67
98,49,5,81.62
50,59,3,55.11
76,86,3,79.72
46,42,1,36.22
96,49,5,79.61
89,93,1,74.76
59,35,2,44.62
63,95,5,80.75
64,75,4,74.19
51,59,3,58.43
44,43,7,62.54
87,85,4,82.95
58,41,2,48.39
86,50,7,79.75
68,96,3,75.2
75,86,4,77.43
77,97,7,96.7
88,81,6,92.0
74,90,3,75.82
48,63,6,68.06
56,80,8,84.99
70,96,1,71.08
64,93,3,76.47
68,87,1,67.78
45,42,6,59.45
79,43,7,78.87
89,57,8,87.82
64,71,2,61.35
63,95,4,80.36
95,71,1,71.76
90,93,1,77.0
94,83,4,84.56
73,89,7,92.82
73,95,5,86.55
55,59,3,54.83
86,47,7,78.83
78,83,8,98.34
72,73,8,89.25
68,85,4,79.74
59,65,7,77.38
77,100,5,92.14
64,52,4,60.44
77,75,5,80.21
53,85,5,77.29
70,93,5,84.38
97,44,5,75.16
48,75,1,53.24
93,88,7,101.61
68,88,6,87.68
76,71,5,75.81
82,58,7,81.84
99,43,7,84.8
62,89,4,79.38
68,80,4,76.84
92,53,5,79.57
89,82,3,80.34
48,73,4,62.19
99,39,7,85.98
40,83,8,83.48
66,42,1,47.28
69,98,6,90.96
77,62,2,65.59
47,91,3,67.19
44,55,5,58.88
40,74,3,56.12
58,55,8,78.54
56,63,6,71.98
56,100,6,84.21
40,81,5,65.99
47,67,7,70.77
67,81,7,88.31
65,81,1,60.72
73,52,2,57.91
89,68,2,68.3
90,83,3,81.1
67,77,6,80.5
86,46,1,56.88
93,70,2,72.16
65,72,1,61.79
95,67,4,78.96
42,61,6,66.99
84,72,3,77.1
48,41,7,62.43
90,94,8,104.41
43,95,3,64.77
62,40,5,62.51
48,39,1,36.5
50,66,7,77.21
82,44,5,71.46
41,85,2,59.79
94,79,8,100.09
58,87,6,80.72
42,98,5,74.44
89,93,4,86.31
77,58,1,55.78
91,82,2,79.46
55,76,1,56.55
53,59,3,59.23
80,50,1,56.93
45,94,8,87.42
95,67,7,93.61
83,59,8,86.62
100,93,1,80.74
61,67,1,53.17
77,39,8,76.2
86,40,6,76.47
65,84,6,86.18
64,78,3,69.75
90,91,6,94.36
93,49,6,78.86
84,52,3,67.01
76,40,1,52.14
95,91,3,87.69
90,73,2,70.4
77,52,1,55.02
68,45,7,71.45
51,40,4,55.26
83,45,5,72.32
44,100,2,67.27
89,82,7,98.59
98,72,5,86.63
67,67,5,72.23
72,76,6,83.19
99,63,7,93.95
43,38,1,34.18
45,42,7,61.07
89,36,3,60.33
73,79,8,93.86
96,71,7,94.44
83,52,6,77.91
71,53,7,80.25
98,84,1,78.42
98,94,5,94.5
77,91,2,75.62
45,45,7,64.53
83,90,8,102.23
76,54,2,57.03
60,55,7,75.73
69,68,8,88.25
83,69,6,83.71
63,52,7,71.63
100,58,2,73.72
43,81,3,61.44
95,85,8,103.54
48,38,6,57.88
80,63,4,73.03
44,46,4,49.94
98,95,3,89.2
64,68,5,73.74
60,64,1,55.66
69,43,8,74.44
58,82,7,81.16
55,68,6,70.45
68,42,7,73.72
57,54,7,74.19
76,38,3,55.03
93,46,1,62.23
62,98,1,66.67
49,62,1,51.04
62,84,3,71.08
51,97,3,72.23
56,60,3,59.01
81,71,1,63.94
69,37,6,67.05
41,75,6,69.86
90,56,1,63.46
96,83,8,105.78
92,69,2,72.75
72,86,7,88.85
75,63,7,82.99
63,98,5,85.95
99,89,3,85.22
58,86,2,66.35
93,49,5,76.3
93,92,5,91.1
83,89,2,73.99
80,80,5,85.75
40,55,2,46.49
61,83,2,67.0
94,84,3,81.97
46,38,6,56.54
79,71,4,78.96
91,48,6,79.74
85,85,7,95.79
87,59,3,68.3
50,79,7,80.45
98,56,2,70.19
78,64,6,78.81
74,96,3,81.03
98,88,1,79.17
55,37,2,46.46
63,74,1,60.21
44,57,1,43.95
49,38,1,38.18
85,45,5,74.3
85,47,5,74.3
68,71,4,71.06
66,68,3,67.06
70,83,7,87.42
43,38,6,59.13
57,35,1,39.9
61,93,4,78.57
92,51,8,87.96
94,60,1,65.7
49,55,6,65.96
40,44,8,66.49
62,67,5,70.76
47,36,7,60.94
89,89,6,96.94
59,91,4,76.76
75,90,6,88.41
79,62,3,67.43
49,53,8,74.02
75,78,7,92.02
40,67,8,76.96
46,89,5,71.84
70,80,1,63.05
69,52,8,78.96
91,94,5,95.34
41,71,8,76.68
43,53,4,52.48
65,80,7,85.98
49,62,2,50.94
44,92,2,65.28
53,49,7,69.95
90,72,2,73.03
97,86,6,99.07
97,73,1,73.44
72,97,2,75.99
48,60,2,49.61
53,77,7,80.89
77,56,5,73.5
84,37,5,66.71
45,69,5,67.05
47,54,3,51.41
63,95,2,68.62
63,37,5,62.01
61,67,3,65.42
69,75,4,74.34
62,78,5,77.98
93,82,1,74.51
74,73,8,87.9
63,83,1,60.27
86,58,2,66.78
55,93,2,66.74
75,68,4,70.85
58,37,5,57.65
72,74,5,79.01
74,41,5,66.0
41,43,2,39.75
56,96,8,90.54
71,41,6,67.62
52,79,3,66.22
74,64,2,65.53
93,97,4,90.04
64,52,8,79.63
90,97,3,84.98
99,57,3,72.64
45,50,1,42.34
42,57,4,56.62
63,66,6,73.89
70,94,2,72.41
41,80,3,62.93
90,73,8,100.06
44,94,4,69.51
91,36,4,63.86
46,78,6,74.11
94,51,4,74.05
75,98,8,102.23
83,89,1,74.9
97,96,5,96.01
57,65,1,51.4
82,44,8,84.67
100,89,8,110.22
75,39,8,78.26
94,53,3,70.07
78,63,5,78.17
68,48,4,64.67
81,70,5,80.6
60,89,2,69.17
99,65,8,97.82
63,93,7,89.7
70,89,3,76.85
61,43,4,57.05
78,80,5,82.04
95,62,4,79.02
55,44,3,50.82
100,66,7,93.28
68,97,3,76.36
94,89,5,91.88
95,37,8,82.62
72,67,6,77.79
88,59,6,81.26
72,42,8,78.85
85,86,2,77.69
78,65,2,62.65
68,75,5,76.89
40,84,1,53.45
45,83,2,60.5
80,69,7,87.7
49,94,4,75.96
46,61,3,55.13
44,98,5,75.81
78,53,3,62.91
66,65,5,71.02
40,66,3,56.63
95,50,3,71.33
68,78,4,71.54
94,99,1,79.76
62,64,6,72.07
70,76,4,73.45
72,60,3,67.8
76,78,2,70.22
84,72,6,85.09
98,44,4,72.86
93,84,8,105.15
89,65,3,73.77
40,49,3,46.25
90,81,2,75.72
53,64,7,75.75
74,64,3,65.86
63,62,8,83.46
53,41,1,41.22
62,65,2,60.69
69,63,7,82.33
52,37,1,39.53
62,64,1,55.27
52,49,4,55.41
79,50,5,72.98
61,91,3,73.16
42,77,8,78.14
91,77,3,81.37
97,35,8,85.28
83,68,4,75.86
57,56,1,46.62
66,65,7,79.73
71,47,1,52.02
81,80,5,82.13
53,71,2,59.14
75,52,6,73.37
45,98,7,85.08
77,41,7,76.4
56,71,3,59.85
88,55,1,60.7
46,81,7,77.62
88,69,5,82.74
59,67,6,75.01
71,79,7,86.3
72,89,7,91.03
95,75,1,71.76
74,43,1,50.26
58,54,2,51.18
50,65,5,65.1
100,60,1,70.82
75,35,5,66.13
98,73,8,102.26
73,61,2,59.11
61,69,8,86.28
77,41,3,56.47
79,79,5,80.96
89,37,4,64.38
48,50,1,44.55
84,54,1,57.56
46,82,5,71.49
46,44,7,62.67
87,75,1,70.27
70,65,3,66.43
74,88,1,66.44
77,48,8,79.66
94,41,2,62.65
47,56,1,48.0
77,70,4,75.82
56,69,1,51.24
91,90,6,99.38
58,77,3,63.58
52,96,4,73.52
96,50,4,75.38
75,72,8,89.14
52,94,2,66.94
91,74,4,81.34
90,35,7,75.17
93,49,6,80.68
87,91,8,103.22
69,97,6,89.26
97,68,2,72.72
57,66,5,67.81
88,56,2,62.67
52,90,7,84.22
76,63,1,57.85
51,46,1,42.0
88,83,4,85.82
78,78,1,64.95
62,79,4,71.66
66,99,7,92.81
80,81,4,77.66
61,40,4,58.81
65,68,6,75.64
46,81,2,59.04
59,79,8,87.72
81,58,8,90.08
61,38,3,50.85
63,80,1,58.66
67,96,7,95.25
50,97,6,80.99
87,79,5,84.34
52,35,4,52.79
56,47,8,74.24
68,65,1,54.37
68,98,1,73.32
57,96,8,94.34
46,83,6,73.07
83,93,6,94.84
91,44,6,75.76
94,95,7,105.46
77,82,2,68.69
86,80,2,77.33
61,97,8,96.5
42,42,7,61.02
50,97,5,78.41
74,47,6,73.18
62,58,7,73.13
60,40,7,65.01
54,71,1,51.91
100,66,7,94.22
87,91,7,98.04
88,90,5,89.47
87,95,7,99.87
77,81,2,70.92
51,88,6,80.5
60,51,6,69.42
76,82,3,74.63
65,95,2,71.13
78,78,1,67.59
55,61,6,67.97
67,95,2,72.91
63,80,8,87.64
79,88,2,72.52
81,78,3,75.92
68,95,4,83.52
74,51,7,79.97
51,70,4,62.39
51,80,8,85.18
46,39,4,48.44
47,76,3,58.91
53,75,4,65.63
77,75,6,85.1
91,56,8,93.04
42,69,1,49.62
51,61,5,62.54
66,66,3,67.55
75,71,6,82.44
70,48,1,51.34
89,53,3,67.31
44,100,1,63.66
57,75,5,71.18
62,96,2,68.4
80,97,3,80.2
70,76,1,62.98
48,98,2,66.76
89,58,5,81.2
42,79,3,61.22
86,65,4,77.56
99,90,3,87.51
95,90,8,107.81
84,98,6,94.23
57,61,8,81.66
90,44,4,70.14
41,69,1,50.3
95,55,7,89.5
51,53,6,66.53
93,97,7,102.3
99,65,2,70.71
58,83,8,85.85
57,84,3,71.0
93,42,8,84.77
79,45,2,57.94
65,82,6,81.77
44,62,6,69.28
76,96,7,93.96
72,61,8,86.67
58,89,6,82.25
99,37,1,55.52
72,40,6,70.82
76,100,3,84.52
79,60,8,89.81
61,72,8,85.87
97,47,5,76.87
79,97,6,94.18
72,81,8,92.45
50,94,4,75.79
74,73,3,68.96
51,38,7,63.65
70,74,8,92.02
73,94,4,81.79
72,83,4,75.41
64,56,3,57.61
64,51,6,69.0
57,71,4,68.26
46,58,6,65.4
41,47,6,59.25
96,71,6,91.94
73,77,1,61.09
53,95,1,65.75
93,94,8,106.31
43,46,4,49.07
89,37,2,56.51
71,41,6,69.92
70,91,6,89.48
63,48,7,69.48
45,55,3,50.37
52,52,6,67.42
62,71,7,78.45
86,47,5,73.13
59,46,8,72.31
54,64,6,70.89
48,49,3,53.22
50,42,5,58.48
80,48,4,68.11
85,87,7,94.35
92,67,7,94.51
40,74,1,48.02
86,51,2,64.9
65,74,4,69.78
100,75,4,88.42
90,36,6,73.79
54,94,5,80.26
92,36,6,72.92
79,67,6,84.89
84,51,2,59.13
43,40,6,59.22
76,62,4,71.86
65,80,2,68.62
70,41,2,54.84
56,95,6,84.77
46,40,5,51.68
50,35,1,39.6
93,41,1,56.93
93,87,4,85.38
72,75,8,88.12
75,85,7,92.18
55,73,6,73.95
93,57,2,70.19
54,68,2,56.62
92,44,1,55.53
86,71,4,79.64
96,43,8,89.16
45,47,5,54.09
74,86,4,80.61
40,72,7,69.83
66,62,2,60.43
79,67,2,63.55
81,69,7,90.39
48,52,8,71.48
84,91,8,102.38
43,67,8,76.44
55,53,7,73.64
80,47,7,77.86
91,63,6,87.27
49,61,4,61.16
76,42,4,64.88
55,55,2,54.86
56,57,7,74.98
59,73,8,86.35
47,81,8,80.71
45,58,2,52.04
48,77,6,75.66
72,38,4,62.35
91,40,6,74.57
91,37,3,61.87
97,80,1,74.94
88,43,1,55.9
50,76,4,66.08
98,75,1,71.77
71,92,2,75.96
71,98,4,83.42
47,49,4,55.22
42,75,5,66.75
96,63,5,86.44
59,66,1,54.32
44,98,6,78.3
47,57,1,45.43
51,67,4,64.17
76,77,8,93.47
89,63,7,88.81
94,70,5,85.68
92,78,3,79.33
69,65,2,62.81
72,69,4,75.39
41,57,5,60.53
71,99,8,99.6
42,76,8,77.8
69,87,8,91.53
70,53,2,56.24
69,51,6,73.25
92,50,4,72.52
82,96,2,76.76
75,55,4,66.94
67,49,4,64.23
70,55,2,58.03
60,91,4,77.98
54,44,7,66.4
89,38,5,72.12
46,37,3,45.2
66,88,1,66.26
97,49,4,76.71
44,66,5,63.05
53,80,1,56.02
55,93,5,81.83
62,39,4,54.68
65,65,8,83.53
84,66,7,89.03
56,66,2,57.92
58,61,4,63.9
99,37,1,61.06
47,82,5,68.79
98,59,8,94.18
43,80,5,71.5
61,85,5,80.32
47,72,8,81.47
99,50,7,90.12
76,52,7,81.23
91,90,7,99.57
51,71,6,70.66
99,54,5,81.35
55,97,4,77.56
95,76,5,86.4
99,98,4,93.66
59,46,2,48.75
61,98,3,74.34
48,85,4,67.77
95,46,7,87.15
88,84,4,85.09
68,42,4,58.58
78,43,2,58.8
72,44,2,51.7
88,83,6,91.17
67,52,7,77.45
84,38,6,73.67
47,39,8,68.51
51,36,6,58.68
80,47,3,64.01
64,35,2,46.4
41,94,1,57.58
85,35,5,68.1
51,37,8,68.18
44,87,3,61.71
84,63,2,67.18
57,83,3,69.81
63,86,8,90.87
64,55,8,79.01
93,86,5,90.82
61,93,6,84.81
97,53,6,85.75
82,41,5,71.7
94,90,5,92.69
49,77,2,59.61
96,39,8,87.71
66,59,4,68.83
79,76,6,83.91
41,54,2,47.58
65,58,2,59.54
42,57,8,70.58
72,81,3,70.22
45,40,3,43.46
81,88,3,80.8
64,98,8,99.03
81,100,5,91.51
99,86,1,75.61
82,72,2,68.71
73,71,2,65.43
41,88,2,59.59
63,91,3,75.79
57,82,1,62.58
98,92,2,83.44
46,72,1,51.56
97,98,2,83.76
63,81,3,69.45
91,53,6,83.15
64,77,1,61.83
75,41,8,79.97
79,37,8,79.61
52,92,3,67.44
92,78,2,76.1
72,67,3,65.41
80,52,6,74.41
88,37,2,60.28
94,41,5,71.27
80,80,8,94.96
75,70,6,79.99
69,44,8,79.85
85,84,7,95.91
84,82,6,88.97
60,77,7,81.93
40,72,3,55.45
70,66,4,73.08
87,74,3,78.23
42,67,8,77.98
68,76,8,91.97
80,39,2,57.3
46,59,3,51.88
47,71,7,73.02
69,40,7,73.22
46,64,2,50.68
77,68,7,88.94
72,60,5,73.07
61,77,6,76.45
52,51,6,66.81
61,46,5,65.55
93,65,5,84.88
100,38,4,68.52
80,95,4,84.21
43,80,1,56.03
87,73,5,81.92
69,78,4,75.83
96,98,3,88.59
62,77,1,59.25
41,94,3,65.58
87,54,2,65.77
95,77,3,81.73
54,86,4,71.18
74,61,8,86.89
68,65,2,58.74
88,44,7,79.14
57,40,2,45.81
61,95,5,84.9
74,52,3,60.53
55,51,2,48.24
87,100,2,85.57
84,73,1,67.45
69,53,6,75.41
41,79,5,65.84
96,82,4,86.62
55,92,3,72.32
51,59,5,62.24
41,45,5,54.36
91,81,8,98.81
88,87,3,82.98
53,35,4,48.73
65,35,6,64.69
50,51,5,61.38
80,90,3,82.29
49,91,5,73.36
42,46,7,62.65
99,67,7,96.23
47,45,8,69.73
40,85,4,67.55
77,35,4,59.77
71,61,1,57.58
73,61,3,66.67
58,56,2,53.83
53,48,6,64.75
89,35,5,71.99
40,73,3,56.39
68,96,1,67.85
44,56,6,65.9
83,94,5,92.03
73,51,2,56.74
88,40,5,68.45
95,35,3,63.19
80,72,3,74.76
49,90,8,85.63
64,72,4,72.86
54,65,3,57.46
82,73,3,76.07
87,62,5,80.58
68,82,4,73.58
52,57,7,74.08
58,53,5,62.88
96,48,3,66.68
69,92,7,90.77
76,98,4,87.71
66,56,8,80.52
82,78,2,72.32
57,49,7,72.68
81,58,6,77.16
60,92,8,93.35
73,75,1,61.15
64,48,7,72.62
48,40,3,49.92
55,41,5,56.34
67,99,7,94.32
66,46,3,58.16
84,37,8,82.56
97,59,5,81.03
65,81,3,71.62
87,56,8,91.65
57,86,5,79.49
88,88,4,88.9
67,57,6,73.69
80,42,5,70.76
62,99,4,80.77
93,95,7,102.85
75,90,7,92.11
75,98,6,92.0
59,69,5,72.19
93,84,2,77.31
78,38,3,56.33
85,48,7,80.73
65,72,4,73.65
93,47,4,70.12
50,45,4,52.33
62,53,1,48.2
51,62,7,74.89
55,56,3,58.7
76,84,5,86.52
99,91,5,95.51
86,90,3,80.08
65,83,7,84.71
59,67,7,77.47
59,57,7,76.09
98,64,2,71.89
82,86,4,86.04
52,42,1,44.07
92,80,1,71.27
73,37,6,69.12
58,96,3,75.46
51,80,5,73.12
96,43,1,61.48
78,82,7,91.03
55,75,1,56.57
55,39,7,67.22
58,38,1,43.88
69,90,2,71.26
55,53,4,56.95
74,83,5,85.6
94,41,2,61.91
46,45,2,47.24
49,62,7,73.15
68,73,7,85.13
64,85,3,69.38
59,39,7,65.47
87,49,5,76.48
99,79,8,102.25
56,86,3,70.04
80,70,6,82.3
71,96,2,74.5
82,98,1,78.51
46,61,1,49.37
64,49,4,58.56
71,92,5,86.26
76,43,1,50.71
91,60,3,69.45
98,63,6,88.14
87,70,6,85.92
76,53,3,64.63
47,73,8,78.0
48,54,7,68.44
45,46,8,65.68
51,87,8,84.25
73,79,7,90.63
73,67,3,67.0
75,100,8,104.17
56,97,2,68.36
45,73,4,60.48
72,89,2,72.79
69,56,6,73.31
85,57,7,86.01
41,72,5,67.02
82,39,4,66.96
43,55,7,66.42
72,76,4,75.4
41,59,7,69.38
88,48,1,58.56
96,96,2,84.13
84,55,2,65.01
89,79,5,87.81
69,50,5,68.83
62,92,8,93.87
62,100,2,72.59
64,52,3,60.04
88,39,7,79.81
73,98,6,92.44
44,92,6,75.7
79,74,4,77.72
94,74,6,89.19
56,77,2,62.81
81,80,8,96.58
62,59,1,54.46
53,57,3,54.3
56,55,1,48.44
77,89,5,85.77
94,62,6,87.6
46,66,3,56.95
73,65,6,76.73
50,47,1,42.77
64,42,2,51.91
52,80,4,66.69
98,38,1,57.83
76,89,7,93.66
62,45,8,77.54
94,53,1,62.6
91,94,7,100.67
52,85,2,61.48
49,72,2,53.42
70,92,6,90.38
99,77,7,100.84
71,71,1,63.33
44,83,1,56.25
54,40,8,67.96
57,51,1,48.24
65,65,2,62.24
41,74,6,69.4
66,92,3,75.52
55,51,4,57.29
93,87,6,98.06
71,68,1,62.39
84,52,8,84.7
79,62,4,75.39
94,100,4,92.38
86,88,1,76.09
54,56,8,74.86
57,60,7,76.42
78,50,6,74.55
95,79,3,79.32
48,95,5,75.37
43,84,1,54.95
68,88,4,76.19
89,60,1,61.07
80,67,8,91.95
85,73,2,74.01
59,92,5,78.17
44,78,5,66.06
79,47,5,71.9
57,57,2,51.37
68,71,8,86.12
89,93,1,79.13
41,50,3,46.33
54,81,7,83.36
95,55,3,71.19
62,93,3,75.5
54,99,7,86.71
79,79,8,98.08
48,95,7,87.93
46,99,5,77.09
60,67,2,56.01
57,42,2,46.48
91,51,8,89.06
91,93,4,90.08
100,64,7,96.53
56,80,5,76.37
49,69,8,76.62
75,94,5,85.76
83,36,3,62.51
56,49,4,56.41
88,75,4,78.55
84,50,1,58.53
43,74,2,56.74
100,52,7,87.86
68,74,2,65.82
40,96,4,67.72
86,39,4,68.4
40,72,2,52.27
98,41,5,74.4
80,37,4,60.53
89,85,6,92.93
98,77,3,84.73
94,90,5,93.15
80,42,3,59.99
76,38,1,50.63
89,72,8,96.96
67,38,1,45.94
78,82,7,92.52
91,36,1,55.9
51,52,4,58.77
69,50,7,78.39
90,51,3,70.27
64,40,5,64.2
80,56,2,61.9
63,50,2,51.2
100,77,1,73.01
72,51,1,55.88
92,99,1,79.37
76,97,3,79.37
99,81,6,95.15
98,37,5,73.87
96,84,5,92.59
52,86,2,60.33
43,92,5,75.44
97,39,1,61.35
87,93,6,95.65
45,81,1,55.48
48,46,8,68.27
82,97,1,77.0
86,82,3,78.79
87,45,8,87.65
49,65,6,67.8
50,76,1,53.84
45,71,1,53.08
89,45,5,73.08
54,41,1,42.43
96,41,3,66.58
54,90,2,67.33
51,61,2,51.58
98,91,5,94.13
87,94,8,107.3
68,95,7,96.19
90,39,6,75.28
49,64,3,54.29
93,55,5,77.08
73,61,3,66.21
47,73,5,65.67
43,56,6,61.92
61,61,1,53.09
96,83,1,74.85
61,83,7,85.55
70,64,4,71.36
48,38,8,64.12
78,84,5,83.02
62,37,3,50.87
44,50,8,70.32
93,53,3,71.7
89,35,3,62.0
48,90,7,81.01
40,97,3,68.69
88,35,5,67.05
46,53,8,72.8
64,58,8,77.87
91,51,1,62.14
51,67,6,71.17
78,87,2,73.04
61,65,6,76.69
40,92,1,54.82
88,42,6,75.59
97,74,2,79.06
70,93,2,73.73
56,72,1,53.94
100,52,6,84.19
85,88,1,70.67
50,47,2,44.3
97,97,7,105.48
75,61,3,66.64
79,82,6,87.41
71,63,5,72.37
72,63,7,83.12
42,83,1,54.64
49,86,1,59.54
44,38,6,56.93
64,46,8,75.27
94,45,1,57.85
44,92,1,56.83
85,46,3,65.25
48,90,6,76.98
95,54,2,69.16
71,37,8,72.49
57,36,7,67.14
67,81,3,71.07
65,38,6,67.18
99,36,2,60.98
55,88,3,66.6
78,99,6,92.45
74,52,8,85.23
82,96,6,95.11
97,68,7,91.95
95,38,7,81.55
51,71,4,66.56
75,67,2,64.91
67,82,7,86.87
61,36,6,60.14
62,81,2,65.19
84,83,4,84.48
63,57,5,70.27
95,95,4,90.81
96,99,2,84.35
70,69,8,85.85
90,82,4,82.69
92,43,2,63.66
91,40,4,67.71
99,68,7,92.73
59,69,4,67.13
68,39,8,76.99
65,92,7,92.77
40,38,8,65.28
70,91,1,68.92
74,36,7,74.88
51,70,5,68.08
78,60,6,79.96
82,63,3,69.12
73,79,7,89.53
93,95,8,104.24
45,96,2,66.3
92,46,7,83.7
100,46,7,87.37
40,53,2,45.86
40,60,3,53.29
71,75,7,87.34
93,78,1,75.1
81,75,2,71.07
97,42,8,86.73
63,53,2,53.18
42,74,4,63.5
91,86,6,96.32
57,81,2,61.35
45,96,8,86.77
75,37,8,77.46
99,73,6,90.77
72,40,7,74.42
77,60,1,60.72
61,46,8,74.2
85,47,8,81.92
80,42,5,66.55
72,35,8,77.13
56,50,1,45.41
100,62,2,70.17
90,61,2,70.23
43,78,1,52.32
73,97,5,86.8
51,61,3,57.16
50,94,8,88.46
93,87,3,85.38
54,90,2,66.74
72,55,8,84.35
79,83,8,99.47
50,47,6,60.02
71,92,3,76.65
65,76,2,66.46
60,40,8,74.48
96,75,2,78.97
73,78,1,64.66
96,62,7,89.51
65,83,3,71.17
50,44,4,52.36
64,99,3,76.21
52,69,1,50.52
88,70,6,86.81
90,85,5,89.82
70,45,6,71.27
46,56,7,67.64
81,94,4,88.29
51,83,3,67.27
69,55,5,68.7
57,90,7,85.19
74,65,4,71.2
83,46,3,65.11
69,56,7,75.78
55,50,1,44.11
98,91,3,86.89
89,90,7,97.16
80,75,6,85.38
95,98,3,88.74
69,56,6,75.74
98,48,1,62.83
53,36,1,40.88
65,54,3,60.17
94,45,1,60.12
78,54,3,65.41
61,35,1,40.75
88,70,4,79.72
50,37,4,53.16
71,36,5,63.76
98,83,7,98.9
75,43,8,81.08
90,69,2,72.32
81,83,1,68.22
72,73,4,73.74
73,57,7,78.11
45,78,1,55.52
76,100,5,87.75
54,83,2,62.09
73,45,3,61.97
96,46,3,66.01
62,80,7,85.46
92,83,3,82.43
42,72,3,58.57
87,35,1,52.67
95,65,1,68.26
91,75,1,73.2
76,55,4,67.65
89,88,7,101.22
97,39,3,63.68
100,92,7,104.54
50,40,6,58.96
100,63,4,83.6
76,91,8,100.03
40,62,5,58.96
76,91,3,80.2
60,54,5,65.06
77,93,5,88.62
70,39,4,59.78
47,63,6,67.6
76,82,6,84.67
52,59,8,78.44
45,90,6,75.91
72,74,3,70.17
83,91,3,80.74
70,39,2,49.62
98,62,2,71.4
65,43,5,62.63
68,50,7,75.94
95,87,3,87.42
71,100,8,102.96
48,83,1,53.9
73,37,5,65.8
67,60,4,65.25
96,52,5,79.49
91,82,1,73.05
55,60,3,59.02
42,83,5,70.93
40,53,6,61.55
53,69,2,59.28
78,66,6,84.55
78,55,1,58.36
66,67,5,75.61
56,88,8,88.3
85,100,5,96.52
72,82,3,76.14
89,96,8,105.29
74,45,1,53.04
79,49,4,69.59
66,39,2,49.71
87,89,2,79.99
95,40,4,71.11
69,73,6,78.52
49,86,7,82.04
87,41,7,80.24
56,74,4,65.47
40,49,4,52.4
98,51,1,65.86
48,43,5,59.32
49,80,1,56.43
65,94,2,74.22
66,57,7,74.56
74,54,1,56.14
50,39,8,64.84
100,72,4,85.56
72,53,5,72.32
41,55,6,62.14
98,89,1,76.86
66,44,1,50.57
68,58,3,61.48
44,100,2,64.08
48,94,5,78.49
79,51,6,78.45
74,82,5,83.82
76,91,3,78.69
48,66,5,64.35
67,83,3,74.39
93,65,3,72.43
80,91,1,73.23
52,37,3,46.43
87,92,1,77.01
86,59,5,77.0
91,88,4,88.7
70,63,8,83.5
62,91,4,79.75
48,97,2,64.85
98,57,7,91.41
58,92,8,91.59
77,35,1,47.13
60,68,4,67.44
83,85,2,77.21
71,37,6,69.72
43,78,1,54.2
70,68,6,79.06
100,71,1,74.08
85,53,8,86.15
53,52,1,44.02
71,43,2,55.81
82,60,4,74.12
46,74,3,62.16
73,64,3,68.55
61,84,2,66.42
40,86,7,80.72
68,91,4,79.81
98,51,2,68.06
82,98,8,105.33
44,81,7,79.36
46,84,8,86.45
41,57,6,63.31
68,84,4,76.85
73,90,2,72.64
46,68,2,51.86
79,82,6,86.39
88,44,5,75.18
44,51,5,59.48
91,67,3,74.88
94,35,4,67.05
81,72,2,68.98
78,64,3,70.3
77,65,5,77.29
84,58,8,86.64
50,50,8,69.43
51,59,2,51.5
52,76,8,83.23
82,51,5,74.54
98,98,8,109.23
55,99,8,91.82
63,82,5,78.85
99,77,4,84.18
62,56,8,77.65
74,73,1,65.65
82,42,8,81.18
69,54,7,78.45
99,61,7,93.35
100,83,5,90.81
77,67,5,78.81
40,37,5,48.63
63,84,6,84.3
48,83,6,75.12
70,42,2,50.66
51,78,8,82.89
51,58,8,74.65
47,89,4,69.95
71,65,1,56.65
45,54,6,64.45
42,38,3,41.7
93,48,2,62.37
95,62,2,73.3
59,59,5,68.02
75,93,6,89.05
43,85,2,56.93
78,47,8,84.01
73,53,6,75.71
61,57,6,70.45
67,65,5,70.96
96,50,5,77.84
82,54,7,83.46
56,85,3,66.63
95,82,2,79.87
82,69,3,70.27
71,59,7,77.29
90,46,7,83.12
51,89,6,77.04
75,80,2,69.34
97,41,3,69.78
68,57,8,80.4
73,48,7,74.3
63,53,7,76.18
91,82,3,83.64
99,64,7,91.73
67,66,5,72.25
99,35,4,72.46
93,42,2,60.05
63,46,2,54.27
52,55,8,73.76
54,70,3,61.05
67,98,7,95.39
44,84,8,81.58
85,79,1,71.72
77,60,6,77.58
72,69,3,70.42
96,43,5,77.97
78,93,1,70.73
90,67,7,91.49
96,96,5,94.8
70,78,6,84.7
78,78,3,76.54
54,70,1,55.35
75,81,1,68.41
87,98,6,98.4
98,77,2,79.21
51,75,7,76.17
80,98,2,80.62
74,79,1,65.88
84,67,1,62.78
47,75,5,69.88
72,61,5,75.97
40,94,7,82.33
64,59,7,77.78
90,53,6,78.3
82,96,4,89.87
99,59,2,73.13
58,42,1,42.92
75,76,1,61.85
100,84,8,105.27
100,78,1,76.62
78,83,2,75.06
63,86,6,86.42
43,62,1,43.2
43,55,1,43.79
65,66,6,74.46
82,83,4,81.68
42,60,7,69.8
57,83,8,87.18
78,39,2,54.9
48,53,5,58.58
47,61,1,46.82
68,71,8,84.97
68,51,5,65.31
78,36,4,63.95
54,75,6,75.55
77,58,4,71.15
79,55,4,71.83
47,99,2,63.5
47,90,6,81.7
63,35,2,49.76
79,85,5,86.12
42,50,6,59.89
67,40,1,48.08
71,75,8,92.55
83,86,4,85.47
78,59,6,76.52
81,77,8,92.26
60,49,4,60.35
42,90,2,61.05
76,60,8,83.82
64,80,8,92.04
83,83,3,81.11
40,62,2,46.37
53,82,6,80.37
57,77,8,84.93
79,35,3,57.1
70,43,1,46.97
90,55,2,68.02
44,87,6,74.18
71,80,7,89.0
57,51,7,72.51
49,50,6,63.95
73,85,5,83.89
94,87,5,90.22
48,44,7,66.73
48,36,4,49.33
44,85,8,85.81
59,39,7,66.51
95,83,6,96.83
53,54,2,50.38
96,83,5,89.19
94,47,2,66.74
41,98,7,83.6
93,87,6,94.22
77,99,4,88.64
52,80,6,76.31
81,49,3,66.15
68,36,1,44.85
48,67,8,75.99
96,65,4,79.09
82,73,7,88.49
89,67,7,92.41
69,73,6,80.37
75,80,1,68.53
44,92,7,80.95
70,95,5,88.99
92,72,7,94.86
98,75,8,99.92
76,79,1,67.89
56,66,8,80.89
68,99,7,92.53
76,76,2,69.04
57,95,5,81.49
67,37,7,71.91
72,61,1,56.79
98,72,2,77.92
63,88,5,78.67
69,59,6,74.51
97,85,4,86.87
91,70,3,77.43
89,67,3,73.82
46,99,5,80.28
77,64,6,83.09
46,98,4,76.07
67,68,3,63.94
94,83,8,104.31
48,87,8,84.88
61,50,5,66.41
62,67,3,63.25
40,74,5,63.39
60,86,7,88.18
95,85,8,105.44
59,44,7,68.03
48,40,1,37.55
76,39,4,60.96
73,72,1,62.88
86,36,3,61.32
93,43,8,85.37
53,53,8,75.28
47,92,3,66.4
50,77,3,63.4
67,40,4,56.28
89,79,6,93.57
84,97,1,76.33
75,64,8,86.34
56,37,1,40.49
46,66,7,71.81
76,89,8,98.48
50,48,3,52.72
98,86,4,88.83
59,90,4,78.28
43,74,8,77.69
83,45,5,72.0
44,90,4,68.4
44,87,6,75.89
71,92,2,74.48
53,75,3,61.3
66,80,8,89.2
89,93,3,85.81
46,48,4,52.4
98,38,8,88.92
79,82,3,79.15
50,43,1,42.79
74,54,1,56.62
65,66,5,71.28
57,50,4,57.62
68,73,7,84.46
55,96,8,89.95
92,75,7,97.06
82,38,5,70.54
90,76,6,90.24
55,54,1,48.54
61,66,1,57.03
97,61,6,84.96
61,47,1,45.8
85,49,1,55.94
88,45,6,76.63
66,85,7,87.37
62,44,1,48.59
40,87,8,82.4
57,83,6,78.34
77,79,1,66.99
43,97,2,62.55
87,64,1,65.96
87,37,6,75.33
81,38,1,51.72
83,37,7,75.08
89,39,1,55.15
88,75,8,95.35
91,44,1,58.23
40,67,5,65.39
95,43,3,67.69
49,64,3,55.24
78,57,5,75.88
43,56,3,53.28
94,53,6,84.45
89,50,8,90.32
47,71,6,69.95
67,88,3,72.5
88,92,2,77.75
55,97,5,82.35
55,69,8,82.31
40,72,8,76.0
96,40,1,61.08
81,53,2,62.84
44,53,8,71.06
94,43,8,89.55
44,97,2,64.29
48,44,1,43.42
47,66,3,54.28
72,61,1,59.49
72,62,7,82.18
88,92,1,78.95
58,63,1,53.78
56,71,1,54.77
78,39,8,76.17
74,64,7,80.95
87,66,5,83.74
92,51,4,74.95
52,50,8,71.14
95,43,6,81.37
55,80,4,68.71
89,54,8,87.63
41,79,1,51.03
98,87,5,92.72
56,76,8,82.18
80,58,7,85.78
63,97,6,89.48
44,35,7,60.41
90,95,1,77.23
84,49,3,66.76
66,40,7,67.91
63,84,1,63.59
85,72,5,80.81
64,89,3,70.46
79,98,6,95.24
88,36,4,68.2
54,46,4,57.77
40,73,8,79.53
60,86,3,69.58
89,62,5,79.45
98,87,8,105.93
71,40,8,78.15
100,89,2,84.05
71,70,4,75.22
83,55,5,74.08
87,55,3,67.39
42,39,3,46.47
91,98,1,78.46
49,85,6,78.67
59,80,2,61.16
42,37,6,55.0
95,79,2,78.09
82,71,7,90.84
83,63,5,78.9
70,63,6,79.95
53,84,4,72.73
47,94,2,64.42
42,78,6,69.45
70,81,8,92.09
83,72,3,76.17
91,100,8,108.92
69,73,3,71.04
55,85,2,65.03
97,81,7,96.7
52,39,2,43.98
74,36,1,47.86
74,35,6,67.55
97,39,3,69.08
82,72,7,87.65
45,76,7,79.12
75,94,7,93.19
53,54,4,56.61
40,76,8,76.81
95,63,5,81.27
88,69,8,96.74
85,74,3,72.78
79,49,7,79.08
51,81,4,68.91
89,94,1,74.37
48,86,8,86.86
63,78,6,80.95
43,81,3,63.26
68,61,2,60.7
89,96,1,79.74
59,86,6,84.17
80,82,3,78.91
44,54,6,61.01
40,52,4,53.74
64,44,1,47.36
64,70,1,56.91
43,55,4,57.65
47,56,7,71.83
57,59,5,66.8
75,100,7,95.89
95,86,7,99.75
67,87,7,87.58
67,74,7,84.64
46,90,2,62.19
55,71,5,72.48
89,97,5,92.3
85,73,2,68.78
75,52,5,70.45
84,84,1,72.18
93,76,8,100.13
42,42,2,43.83
70,87,7,87.99
68,83,5,80.86
65,87,6,82.76
66,52,3,56.33
73,43,2,57.33
99,82,7,102.87
45,76,8,81.64
65,35,2,49.64
49,39,2,40.21
92,50,8,90.22
62,99,8,96.42
89,49,6,78.61
94,47,8,89.08
48,90,1,61.16
89,82,3,78.35
68,86,2,68.33
94,63,6,88.88
52,44,2,48.38
70,98,8,96.4
64,72,6,79.25
73,65,1,60.64
73,67,4,70.95
45,95,1,60.2
40,89,1,56.91
67,64,7,82.84
58,71,2,61.34
84,72,7,87.93
59,48,1,43.87
65,54,2,53.18
44,95,6,81.5
72,64,3,65.81
64,63,8,84.41
73,52,6,71.64
81,67,1,65.57
43,38,1,36.13
99,70,3,81.06
79,73,6,83.25
84,46,8,82.02
77,87,3,79.28
78,43,1,51.15
89,69,8,95.88
70,93,8,96.77
59,55,4,64.59
68,70,1,56.42
88,82,8,99.63
59,72,2,60.16
92,87,4,89.9
95,35,1,58.87
80,42,6,70.1
42,77,4,64.39
68,48,2,55.97
43,49,6,59.28
81,35,6,67.69
94,99,6,103.7
99,80,4,86.58
100,35,5,73.51
88,45,6,74.69
61,98,2,68.79
100,71,5,87.5
49,53,1,42.25
45,78,7,79.62
70,89,1,68.38
64,35,3,52.26
64,48,3,57.69
48,62,2,49.3
83,85,4,81.53
67,81,2,69.79
64,98,2,72.8
86,60,2,67.04
72,96,4,82.0
99,91,5,94.56
44,42,3,46.51
90,58,8,91.86
61,97,5,83.62
98,64,5,86.85
44,60,7,68.34
73,75,2,67.81
67,90,7,91.54
42,53,7,65.44
65,71,1,60.32
48,71,3,62.16
86,78,3,75.71
52,39,6,63.2
42,97,3,69.1
100,61,6,90.3
66,90,8,93.72
48,82,1,54.89
98,39,5,74.86
62,85,3,70.85
72,70,4,73.09
94,69,7,91.46
42,92,3,63.96
56,85,8,86.77
63,61,4,64.48
81,58,5,73.93
61,52,8,76.95
84,51,6,77.07
98,76,8,100.94
45,99,4,74.41
87,39,5,69.95
53,62,5,63.61
89,60,4,76.5
100,37,5,72.16
95,93,1,76.86
87,67,1,65.3
47,66,8,77.76
63,72,3,67.65
44,35,6,52.79
49,83,7,78.87
58,88,8,87.9
83,40,6,71.91
81,58,6,79.65
78,85,8,99.55
98,73,5,89.12
45,92,1,61.79
85,48,1,59.57
47,100,1,65.75
80,51,7,80.89
95,70,1,70.41
41,59,2,46.19
58,54,5,66.36
69,46,7,72.06
40,77,6,72.89
63,77,8,89.28
100,90,4,89.54
73,94,8,96.05
76,66,3,71.05
58,88,7,86.72
55,68,2,58.53
58,40,3,50.72
68,54,6,73.84
63,66,6,76.12
73,97,6,91.61
41,87,3,66.01
41,80,1,49.53
72,45,6,71.78
69,78,2,65.12
58,40,4,53.13
47,51,2,49.55
72,79,4,77.08
51,57,5,65.86
75,91,2,73.17
84,69,2,71.47
72,78,5,80.2
52,72,8,79.23
52,44,6,63.27
86,52,1,60.39
76,54,4,65.72
83,57,1,59.41
78,46,1,54.94
41,61,2,50.68
86,35,3,57.63
83,99,3,84.85
42,83,7,78.44
56,74,8,83.02
72,61,3,63.61
56,40,1,42.11
94,66,5,84.46
91,52,3,70.73
51,46,2,44.58
97,42,7,84.08
74,65,1,61.02
81,90,7,98.68
99,48,1,61.27
96,87,2,79.9
85,74,7,89.98
71,89,1,65.95
75,54,6,76.95
71,74,4,74.73
75,44,4,62.13
99,93,7,105.84
80,98,3,85.58
47,65,6,67.18
62,44,3,56.01
52,36,7,66.02
47,89,8,86.69
68,97,5,84.81
57,94,5,80.62
99,76,5,90.97
47,36,4,48.53
50,56,2,52.61
53,39,2,42.44
53,87,5,77.23
59,80,6,81.31
94,40,4,68.78
46,55,5,62.7
41,83,7,75.67
62,37,4,54.95
99,39,2,65.12
52,58,8,76.62
83,92,6,95.65
99,52,2,68.12
45,53,3,49.88
94,48,3,70.1
73,81,1,62.65
76,66,5,76.25
90,45,4,72.68
79,84,8,99.82
75,74,6,83.79
65,39,5,63.14
54,39,8,68.6
40,66,3,57.35
91,82,2,74.61
80,79,3,72.96
66,41,8,76.32
55,77,3,67.73
93,80,6,95.92
83,53,7,83.74
96,54,1,62.24
41,85,3,65.14
47,93,3,68.03
98,93,5,96.85
52,76,8,81.96
86,78,6,89.28
74,80,8,94.62
85,55,1,57.91
61,37,3,53.46
72,80,1,65.87
87,88,3,81.54
98,51,7,88.33
48,35,1,37.35
75,93,3,78.47
47,93,6,81.01
47,77,8,79.24
73,36,6,64.69
58,86,2,67.62
51,54,2,49.57
41,42,1,35.15
70,44,7,75.78
93,60,4,76.84
80,78,1,70.05
85,79,8,94.66
88,80,1,73.05
46,35,6,56.87
74,84,1,68.51
44,83,6,72.33
59,35,8,72.47
51,99,4,73.2
90,74,8,99.71
50,54,4,58.51
56,68,4,68.19
69,99,3,81.93
85,75,3,75.53
95,72,3,76.92
68,88,3,71.91
52,81,2,62.41
62,68,1,53.56
40,86,5,70.91
50,47,2,46.93
100,93,3,91.35
65,45,2,49.42
78,56,2,62.56
66,47,7,75.81
90,92,1,75.14
41,82,4,64.55
83,58,4,70.29
57,51,6,67.65
59,98,1,68.33
67,66,8,86.21
83,39,8,78.49
70,77,2,67.99
41,97,4,68.31
54,63,2,57.07
75,95,7,93.72
76,35,6,68.02
87,75,4,78.62
53,55,8,72.67
73,76,4,74.77
74,38,3,55.52
52,85,3,66.23
43,38,8,67.14
68,74,2,63.83
87,78,4,83.19
77,48,1,53.43
64,74,3,65.79
87,82,7,97.93
45,61,7,69.62
68,100,4,85.71
46,35,8,61.92
77,89,4,84.06
51,68,6,70.65
77,36,6,70.38
59,85,7,85.62
99,64,8,94.79
71,81,6,84.14
62,97,7,94.01
43,100,6,78.32
96,72,6,91.77
96,51,8,88.97
42,82,4,63.86
42,100,4,74.68
62,92,4,75.8
46,80,8,82.49
80,35,6,67.31
51,45,2,44.27
98,78,4,88.83
76,41,8,80.83
94,51,4,73.9
68,80,6,81.33
50,43,6,60.38
44,96,2,62.12
44,98,5,79.08
81,62,6,80.55
48,89,8,86.67
87,94,5,91.4
98,72,1,73.39
58,84,6,82.54
48,78,6,72.28
46,100,4,73.33
69,73,6,82.18
98,70,6,92.34
100,72,8,103.72
79,35,7,70.95
72,57,2,62.13
75,37,7,70.45
90,66,5,83.08
93,57,7,89.25
48,43,1,38.75
44,56,5,62.55
100,81,7,98.97
60,91,6,85.5
52,65,6,68.94
77,79,1,67.08
73,57,6,77.93
59,43,1,47.5
81,83,5,85.85
59,93,3,70.2
79,86,4,84.3
88,98,2,83.6
62,68,6,74.28
92,45,2,61.97
60,86,2,63.74
54,57,4,60.75
60,38,2,50.11
67,60,3,64.06
87,50,7,84.07
56,44,1,46.66
47,85,6,77.39
64,93,2,73.0
60,98,3,75.36
62,66,4,68.55
83,64,6,80.76
71,38,4,60.01
43,76,7,77.3
59,62,7,76.16
59,44,5,62.69
45,66,8,77.17
77,62,3,68.74
56,84,6,82.19
65,77,3,69.37
49,86,8,85.47
69,75,3,69.34
48,80,7,77.77
48,76,7,77.8
98,59,6,87.18
78,86,2,76.16
52,91,5,77.91
94,77,1,73.71
79,62,7,84.34
44,71,1,49.33
87,61,3,68.64
53,46,4,57.77
60,62,1,55.39
57,79,5,76.33
93,60,4,79.47
69,100,7,94.23
64,52,2,54.86
48,58,5,60.22
97,57,5,82.37
68,40,4,58.19
40,58,2,47.42
85,54,4,73.26
83,40,7,76.77
51,86,3,65.93
44,87,2,60.43
76,62,6,77.06
70,83,4,76.71
87,75,8,99.12
82,42,7,79.14
64,96,6,89.94
43,68,1,48.65
94,73,5,87.4
46,95,5,77.87
90,39,3,62.17
87,54,2,62.22
68,39,2,52.38
73,44,8,77.15
73,84,3,76.32
80,96,5,91.1
58,65,4,62.55
83,69,7,91.72
52,50,1,42.18
100,98,5,101.51
43,84,5,68.49
42,64,8,76.71
97,41,2,62.44
68,67,5,71.68
99,36,8,87.32
68,91,2,69.39
78,41,8,77.5
71,99,8,101.92
91,75,1,70.95
53,96,6,82.55
95,69,4,79.28
52,98,4,78.41
84,57,6,83.01
92,44,5,73.4
87,51,8,87.16
99,48,8,90.89
98,92,6,98.63
91,42,5,75.33
63,59,5,71.68
64,39,1,46.46
83,39,6,73.71
72,62,4,68.59
96,53,1,64.49
62,44,6,66.73
68,68,6,79.08
73,81,4,75.52
78,90,4,80.58
41,49,8,67.38
64,71,5,72.35
57,51,4,61.6
80,79,3,73.36
69,99,8,100.17
93,93,1,75.44
69,82,1,62.43
77,95,4,84.03
62,98,7,92.9
82,98,6,97.91
58,45,6,65.69
80,93,3,80.78
69,43,8,78.48
93,97,2,83.12
82,52,5,73.54
83,38,2,57.11
67,47,6,69.77
61,56,2,56.93
93,96,5,94.2
62,75,8,86.93
44,82,8,80.87
70,43,2,55.9
84,50,1,57.07
86,86,5,91.75
58,46,5,59.15
79,61,7,81.68
59,59,6,69.41
100,63,7,95.6
86,74,8,94.79
44,58,7,67.38
79,77,1,65.01
98,52,3,73.91
45,42,8,67.24
70,65,1,58.13
83,73,7,92.25
97,38,5,74.09
81,49,5,69.36
94,92,2,81.8
73,37,6,65.11
81,46,8,80.02
79,56,5,72.55
81,86,1,69.52
49,68,7,73.44
59,78,5,74.62
81,76,7,87.82
44,81,5,69.29
63,87,8,89.2
82,71,4,79.1
83,95,2,76.87
65,91,4,77.17
91,52,2,63.56
92,75,3,80.37
77,85,7,95.25
67,54,8,80.6
46,73,6,68.82
41,83,6,71.43
59,51,7,71.66
74,87,4,82.74
56,38,2,44.08
66,90,5,79.7
44,75,5,65.23
60,36,7,63.47
95,63,1,66.59
100,81,6,96.68
57,96,6,84.67
98,38,6,79.18
99,54,4,74.71
96,99,7,103.57
71,88,5,81.86
45,60,2,51.54
81,61,7,86.64
69,68,1,60.88
87,72,4,81.35
50,40,5,58.87
43,75,8,76.29
42,70,6,67.46
58,57,4,59.59
69,59,5,71.58
55,47,4,58.69
92,80,3,80.92
75,52,2,59.84
79,97,3,85.35
79,83,3,79.74
62,40,1,43.16
86,59,2,63.84
92,62,7,90.15
44,75,4,62.98
47,89,8,88.81
85,76,8,93.84
44,70,3,59.23
47,68,2,56.78
51,42,6,60.11
53,50,3,51.27
85,41,1,51.87
88,93,6,94.61
46,37,5,51.83
81,53,3,67.88
53,36,5,57.13
62,46,5,61.75
63,38,5,60.83
97,51,5,77.53
45,70,7,71.03
42,74,7,72.85
48,95,1,58.87
40,69,8,74.82
73,86,3,74.5
74,43,5,67.73
62,74,2,60.97
91,55,6,81.59
94,86,1,74.74
69,54,4,66.35
55,58,2,53.97
40,47,7,64.82
53,44,5,57.62
72,63,5,76.87
49,82,2,63.3
73,54,4,69.25
62,87,4,77.67
87,97,2,83.71
71,57,3,65.38
70,37,5,62.26
80,95,1,71.98
80,42,8,82.63
60,91,1,62.5
90,62,5,83.14
40,82,6,73.72
84,100,3,84.66
66,70,1,59.97
80,79,2,74.02
42,47,7,62.22
72,62,7,84.59
43,50,6,60.85
79,84,7,94.25
68,61,7,80.1
97,63,1,66.42
89,82,1,74.73
99,47,5,77.18
82,49,5,73.48
70,42,4,62.67
65,51,1,51.8
88,44,1,56.86
75,79,6,86.87
45,50,8,68.94
49,77,6,76.4
56,86,2,64.02
44,92,1,55.85
87,81,3,77.57
98,70,3,81.1
79,71,3,72.64
46,44,7,66.11
80,99,7,101.59
77,73,8,93.08
46,80,7,75.84
59,40,8,69.08
56,78,8,83.07
69,53,6,74.95
100,70,6,94.56
100,99,4,92.96
80,43,6,72.79
70,52,1,52.12
66,80,6,82.79
42,46,7,63.31
47,64,1,47.97
42,92,5,74.77
52,73,2,56.5
59,78,5,76.18
51,85,5,75.56
54,48,6,63.52
100,96,6,103.7
66,55,1,54.27
44,94,8,84.98
60,59,5,65.31
41,75,4,61.02
98,76,2,75.78
85,62,4,74.64
89,74,6,90.41
63,72,4,72.92
42,80,2,59.13
42,94,3,63.59
63,98,4,80.73
82,48,8,86.5
84,91,1,72.96
40,53,2,42.52
70,48,3,59.87
54,50,3,52.15
77,40,3,58.11
62,78,7,86.92
94,80,6,93.97
49,38,5,51.95
52,47,3,54.56
97,82,7,100.58
50,84,7,84.27
91,98,3,84.9
67,100,1,68.01
58,65,4,67.27
74,65,6,79.86
91,70,4,80.39
81,81,8,95.05
70,42,5,65.57
70,45,6,70.9
50,69,7,77.1
50,37,2,45.63
83,80,1,67.52
77,52,6,77.05
40,78,6,69.2
97,100,7,104.86
92,93,4,91.53
41,82,1,51.99
75,68,2,67.59
57,89,2,66.66
58,82,6,79.74
92,67,6,85.84
77,46,5,70.34
93,36,4,69.94
72,97,5,87.28
53,85,3,64.5
58,93,8,93.91
48,80,5,70.32
83,99,3,84.15
89,62,6,81.57
76,65,2,66.63
66,46,5,66.48
95,70,1,67.59
62,95,7,87.91
87,82,5,89.48
70,54,7,75.6
65,37,4,54.94
63,48,8,75.15
41,85,5,69.83
60,89,2,68.31
48,68,6,70.84
92,80,4,83.91
62,37,7,69.74
57,88,7,86.72
55,63,3,61.83
45,51,7,67.94
59,52,5,64.04
57,41,2,46.26
92,86,1,75.19
90,83,5,89.3
89,98,8,106.79
64,96,3,75.62
91,76,8,101.06
80,98,8,101.28
73,78,3,70.32
41,82,2,56.86
61,78,5,75.05
60,48,3,57.69
92,85,6,92.56
81,39,3,59.09
99,56,4,79.77
52,78,4,65.34
54,74,8,83.84
84,63,1,60.34
100,75,3,82.76
61,87,2,64.25
84,51,4,68.58
67,90,8,92.15
70,71,4,75.01
94,82,1,76.1
61,63,4,67.28
66,39,7,72.49
65,36,4,56.31
71,97,2,73.21
79,57,7,82.95
86,85,6,93.86
41,81,1,53.79
54,55,8,73.91
64,65,7,80.94
83,56,3,69.38
76,45,2,55.65
58,63,7,76.96
47,85,7,78.19
100,93,8,111.06
98,95,2,88.17
53,100,6,85.56
75,78,2,69.41
41,42,6,54.69
84,96,1,77.09
49,49,1,40.31
56,76,3,66.65
67,93,3,77.82
56,41,5,57.46
91,88,2,81.89
66,68,7,83.78
61,43,6,66.92
85,60,2,66.98
84,50,1,58.87
96,79,5,88.11
66,74,5,76.38
50,81,3,67.1
93,68,5,83.62
66,75,5,74.34
53,97,5,77.89
64,57,3,62.73
58,99,5,82.01
100,52,8,95.45
77,66,6,83.12
74,58,2,63.02
70,79,4,78.19
77,39,5,67.3
62,78,8,89.27
53,55,1,49.08
81,69,5,79.3
55,48,2,49.03
81,87,5,86.71
97,86,2,81.94
68,85,8,90.51
71,72,3,67.19
88,54,6,81.1
82,55,1,56.24
58,42,3,54.78
41,94,5,74.37
87,48,3,64.8
75,62,8,86.26
84,70,8,93.74
87,84,3,82.34
77,59,1,60.81
76,82,8,93.29
60,46,4,57.62
64,86,7,85.32
77,47,3,61.64
69,58,5,73.72
51,45,1,44.72
78,48,1,53.72
54,50,5,62.25
49,91,2,62.24
98,79,1,74.42
83,58,1,61.17
60,35,4,54.2
97,84,2,81.43
57,76,2,62.76
89,62,2,70.12
92,87,4,85.2
73,47,7,73.5
77,45,3,61.92
44,64,5,63.86
80,76,6,85.78
49,45,4,55.04
52,95,1,61.67
99,56,3,71.85
58,42,3,51.66
41,67,1,49.08
41,58,7,64.76
94,46,5,78.29
41,75,8,79.43
55,60,3,59.93
57,44,4,54.27
40,75,8,77.76
67,92,2,73.98
40,60,7,65.07
96,42,5,76.71
93,50,3,66.84
66,51,6,71.78
92,94,8,103.67
63,87,4,73.77
97,89,8,104.27
54,90,4,72.77
62,40,7,70.33
54,62,2,51.83
56,95,3,72.42
82,63,2,67.97
93,96,1,78.4
99,99,4,93.35
56,50,5,60.12
98,61,4,76.83
91,92,4,92.09
85,100,3,83.69
84,99,5,93.83
97,37,6,80.41
69,84,7,87.74
49,61,2,50.11
40,55,2,46.03
78,52,6,76.44
42,52,8,71.29
85,57,7,82.1
66,94,6,85.82
41,48,2,40.96
57,54,5,66.23
41,41,6,58.79
75,36,8,79.15
85,81,1,69.86
76,87,6,86.52
61,42,3,53.75
92,69,6,89.28
41,100,1,62.62
53,60,7,71.12
99,79,4,88.34
94,45,1,58.61
92,71,8,94.29
66,54,1,53.97
78,51,7,79.77
91,41,8,84.58
66,52,2,54.51
58,70,5,71.41
99,100,5,98.58
96,98,6,99.15
70,45,1,50.85
63,72,3,65.72
56,97,2,71.17
56,89,2,66.52
97,57,6,83.42
49,72,7,78.38
63,85,6,83.5
51,96,2,66.52
49,43,6,62.26
56,65,1,54.62
81,40,2,57.4
50,69,7,78.45
95,92,6,101.71
71,85,1,67.12
59,83,6,81.93
64,41,2,51.07
65,74,2,61.54
58,60,8,76.4
90,96,5,92.64
55,79,2,61.04
75,72,4,72.49
50,36,7,61.81
73,75,6,82.76
54,37,8,66.62
74,44,4,65.61
82,55,3,64.83
99,91,2,83.9
59,94,7,87.48
71,90,8,94.19
67,92,8,98.15
81,72,5,82.03
73,74,3,71.05
48,80,5,69.21
55,60,8,79.39
74,50,7,74.77
49,41,5,54.31
47,66,5,65.47
47,35,3,42.23
65,47,8,77.47
94,68,1,70.9
95,57,7,88.41
76,75,6,82.17
79,71,7,89.36
71,49,6,74.17
81,48,7,78.08
88,50,2,61.71
84,58,4,72.42
51,85,8,85.83
76,63,8,86.19
87,61,5,81.72
54,56,5,61.96
99,44,8,86.6
96,100,3,88.38
55,80,5,72.77
68,73,3,68.61
47,60,1,46.82
86,83,7,93.46
92,38,6,76.04
82,35,1,48.35
44,57,4,56.33
67,53,2,54.41
86,41,5,68.43
89,78,5,85.13
95,71,2,75.06
40,74,2,50.96
66,41,5,60.53
54,35,1,40.39
99,78,4,86.74
94,84,2,76.53
72,95,1,70.04
86,36,2,56.72
95,77,2,79.29
76,44,8,77.53
96,46,5,76.18
82,77,5,81.63
44,61,2,51.85
83,96,7,98.68
95,72,6,89.05
49,72,4,65.7
90,76,7,94.97
77,73,6,86.27
47,85,6,79.72
59,53,1,47.67
93,48,6,82.51
91,73,7,90.74
43,41,5,54.46
43,88,7,79.28
52,97,7,89.58
60,73,8,86.37
68,38,6,68.49
80,94,8,102.63
96,38,3,65.25
98,43,6,79.77
44,48,4,54.56
79,43,1,50.99
62,47,7,72.03
41,81,4,66.02
84,63,3,71.46
74,96,7,93.74
52,80,3,61.8
47,52,5,62.07
70,97,7,92.02
66,56,5,69.77
93,49,8,89.43
65,42,7,72.11
80,98,4,89.43
70,37,6,68.86
62,54,3,57.66
89,99,2,83.88
84,40,7,77.7
46,58,1,43.93
50,56,8,75.07
72,92,8,99.83
70,66,5,72.16
43,53,7,65.2
77,40,6,72.45
45,61,1,45.25
76,44,1,49.47
86,94,6,94.09
56,56,5,64.64
69,74,4,71.58
58,58,7,73.72
93,60,7,91.58
100,90,3,88.49
85,37,7,75.88
56,35,8,66.36
76,97,8,99.37
89,56,3,67.8
71,68,5,75.17
53,76,5,73.8
62,39,5,58.82
98,66,7,94.89
49,46,2,44.36
42,83,3,60.53
64,96,4,78.49
62,50,8,78.26
75,44,3,57.63
40,81,8,78.29
82,87,8,98.44
82,91,2,78.36
96,94,6,102.95
77,87,1,69.84
74,57,5,75.37
80,47,6,72.11
90,66,3,75.2
88,57,5,77.51
70,65,3,66.86
51,88,1,61.37
45,98,8,90.54
60,100,7,94.61
68,61,7,78.61
61,70,7,83.25
97,35,7,79.47
73,58,1,57.28
73,81,1,63.53
76,67,6,82.96
63,53,7,73.44
75,73,7,90.11
55,38,3,48.78
81,66,6,85.12
47,70,7,74.98
61,75,6,76.24
65,91,1,66.94
57,41,4,58.03
97,57,5,82.0
99,52,3,73.53
80,57,5,77.53
43,56,6,62.85
49,72,6,69.67
89,92,6,97.72
91,94,5,95.47
99,79,1,76.49
55,99,1,66.49
63,61,4,64.56
52,58,4,61.47
51,49,6,66.18
90,38,8,80.93
59,47,6,65.77
88,44,6,76.44
95,53,1,61.63
95,79,3,80.71
46,56,6,63.88
81,100,1,78.73
80,65,3,72.84
89,98,3,85.5
71,79,3,69.94
73,90,2,71.86
84,83,8,96.89
52,85,5,76.46
48,85,1,59.26
83,79,3,79.24
94,41,8,84.02
71,96,1,73.11
53,63,1,47.75
63,44,7,73.14
49,58,8,77.48
98,88,3,85.93
66,44,1,45.04
47,51,5,57.64
66,40,5,62.02
61,83,7,84.04
61,92,1,64.63
78,44,7,74.72
77,62,1,58.01
93,86,6,96.44
68,74,8,87.3
98,46,6,82.33
90,91,3,87.36
84,62,1,64.17
83,75,8,92.78
82,80,7,90.36
89,97,4,89.0
43,80,2,56.17
79,87,2,73.55
73,48,8,82.13
40,44,3,47.26
88,60,7,90.09
84,71,8,93.12
49,87,6,76.02
47,65,4,61.06
90,73,3,75.64
62,54,8,76.41
96,95,8,110.51
70,88,7,91.36
40,40,5,54.24
69,79,6,84.29
76,38,3,59.48
62,37,6,62.26
85,75,7,93.86
45,75,3,58.68
54,59,3,56.64
81,79,4,81.73
41,81,4,65.9
65,91,5,82.34
75,72,7,87.33
97,49,1,61.25
80,57,3,67.44
64,66,3,62.82
58,87,2,65.65
89,62,7,86.52
59,45,6,66.86
71,61,2,62.96
72,84,4,78.9
70,64,7,81.65
77,71,2,66.48
83,73,3,76.43
96,74,8,98.38
56,60,5,67.64
45,53,3,53.87
81,38,1,54.16
78,67,8,89.65
45,94,7,85.46
56,41,8,71.94
69,96,1,69.92
69,48,7,73.92
98,95,3,88.91
76,88,6,92.5
43,63,4,56.02
50,96,4,74.24
92,63,5,82.51
63,84,5,79.05
74,43,1,49.76
79,54,1,57.63
46,70,6,69.23
94,72,1,67.69
40,54,7,63.03
84,69,2,68.11
79,93,6,94.99
45,61,7,69.72
88,89,4,88.11
74,48,7,76.22
70,56,5,73.35
80,59,8,84.93
91,91,3,85.86
66,92,6,86.56
68,63,3,66.33
60,100,8,97.28
53,71,6,75.51
79,89,3,79.18
94,94,1,80.31
97,70,8,99.75
96,81,3,83.27
63,93,4,75.87
75,81,7,91.36
88,41,2,59.67
86,100,7,103.23
95,58,8,92.98
61,58,2,58.4
44,56,8,70.85
92,42,1,57.41
43,97,1,62.12
42,69,2,52.48
45,44,2,41.98
49,43,7,64.76
61,55,7,76.3
42,97,6,79.02
47,95,1,60.86
79,82,4,80.25
49,78,6,72.73
65,52,5,66.87
48,71,4,63.71
77,72,8,90.67
45,36,6,57.45
95,80,1,73.13
69,62,6,76.39
78,91,5,88.11
40,49,6,60.28
68,92,1,66.61
81,91,4,83.58
85,57,3,67.06
60,68,7,76.29
55,55,1,50.04
73,84,1,68.18
93,49,1,63.23
44,69,1,46.59
55,38,6,59.87
70,81,4,76.02
70,56,7,77.05
86,94,6,96.71
62,72,5,74.25
96,66,3,78.51
89,41,6,78.36
98,87,2,83.34
53,81,4,71.39
69,92,8,97.38
59,49,3,54.32
40,68,5,63.22
77,74,4,76.54
67,38,3,52.65
49,96,5,75.01
65,85,7,88.57
83,53,4,72.59
81,97,1,72.89
68,39,6,68.46
98,95,4,91.6
75,96,6,89.42
56,63,8,79.38
52,100,2,67.52
92,78,6,90.87
57,87,6,83.05
41,82,1,52.76
77,97,6,93.13
68,77,1,59.3
58,81,7,82.79
82,62,5,78.15
97,72,1,73.95
65,36,8,71.2
98,78,8,104.17
85,91,2,79.19
58,87,2,68.64
76,62,7,81.18
57,56,7,75.79
86,44,8,84.91
78,95,8,99.03
45,45,2,44.52
52,98,1,66.83
90,99,2,81.57
83,76,4,78.48
78,44,2,54.72
75,36,5,61.62
72,87,3,74.62
50,93,7,87.15
54,48,2,51.34
80,43,8,78.63
57,93,7,88.56
75,62,7,85.67
80,40,7,73.52
51,45,2,45.25
90,82,8,98.95
60,65,5,71.14
86,95,8,105.93
73,63,6,78.14
57,51,2,52.81
54,41,5,60.32
69,54,5,68.31
97,69,4,82.71
88,50,5,75.92
81,61,3,66.24
65,58,2,55.02
58,99,7,90.13
70,86,1,65.59
43,77,8,78.59
46,65,2,54.15
89,50,2,66.13
42,83,5,70.66
43,86,4,68.14
94,70,2,73.05
58,94,7,90.05
61,45,1,44.27
49,45,6,59.32
70,84,2,68.08
86,58,2,65.88
77,67,3,68.91
73,53,2,61.31
79,47,8,79.77
66,83,7,88.15
70,85,2,68.64
41,45,3,44.33
70,87,1,64.5
66,100,6,91.09
95,37,3,62.35
95,77,4,84.25
61,66,8,84.84
69,67,7,79.76
53,68,3,57.88
61,83,7,85.4
77,63,6,81.74
59,49,8,78.17
79,92,8,97.96
70,83,1,67.47
79,86,3,79.4
65,94,4,77.36
64,87,4,74.76
76,37,7,76.14
74,100,5,90.92
92,89,5,93.36
67,53,3,59.5
76,92,7,95.74
60,96,8,94.1
99,59,1,67.17
78,81,1,70.34
81,67,4,76.43
58,55,1,49.39
59,45,3,51.91
61,54,2,52.14
48,95,2,64.07
61,99,5,84.09
100,35,2,61.62
96,46,4,72.79
50,55,2,47.93
76,82,2,73.81
65,53,1,50.69
55,67,4,64.78
88,41,6,78.59
43,61,7,71.22
88,63,7,87.3
62,95,4,76.95
99,37,3,63.9
96,60,2,70.94
73,48,6,71.47
47,56,3,51.51
69,98,4,80.46
65,83,4,72.31
91,51,7,84.76
91,81,6,92.78
44,38,6,57.67
73,82,8,94.06
94,39,3,67.52
70,65,4,71.39
54,81,8,84.93
92,96,2,80.55
43,58,8,73.44
65,70,5,72.52
92,67,3,77.53
71,36,8,72.96
88,73,2,74.47
50,73,8,81.45
74,42,5,65.28
98,90,4,93.92
96,97,1,80.86
50,99,7,88.28
98,60,7,93.53
83,37,4,62.07
50,91,2,61.9
96,65,3,75.29
97,53,3,74.5
46,53,4,55.46
40,87,2,56.75
94,58,8,94.74
88,37,4,67.24
96,41,7,81.77
40,61,8,73.45
45,37,1,36.45
100,35,5,76.99
44,73,4,64.26
49,77,6,74.02
72,82,4,77.65
62,36,8,68.99
48,94,6,81.46
70,82,2,69.59
62,76,2,60.48
66,65,5,72.25
94,88,7,100.62
98,58,1,63.95
99,86,6,100.18
56,82,7,84.73
87,63,3,73.93
98,82,3,82.78
63,76,6,80.95
80,81,4,79.57
41,54,2,46.64
64,46,7,70.78
75,86,2,71.14
80,86,3,78.17
48,54,1,46.14
100,87,6,101.64
93,43,7,80.52
65,39,2,47.13
55,97,5,78.0
93,51,6,83.82
71,47,6,71.91
85,77,4,82.52
45,39,1,37.12
95,82,2,78.46
95,72,5,88.16
88,86,6,94.55
99,84,5,94.04
81,87,1,72.95
82,50,6,79.73
81,74,4,75.99
90,44,4,69.97
77,100,2,81.29
90,74,6,91.7
57,69,7,80.45
56,96,3,74.11
98,79,2,80.35
76,54,2,58.42
79,95,5,89.57
76,45,7,76.97
94,91,8,108.44
80,91,5,91.11
46,84,8,86.42
69,86,2,69.77
89,45,6,75.94
52,97,4,73.22
90,93,5,90.86
72,64,6,76.23
90,72,1,69.73
82,76,5,80.32
41,78,6,74.36
82,99,8,106.15
59,40,5,58.69
67,42,1,45.88
96,58,6,86.29
56,49,6,68.42
98,94,1,80.57
64,98,2,75.33
100,81,1,74.32
94,53,5,78.1
41,40,5,55.09
88,74,1,66.43
48,39,8,69.71
69,41,7,69.85
77,47,5,69.37
68,65,7,83.81
59,64,4,65.62
59,62,2,56.15
80,90,1,71.81
40,91,6,76.87
61,79,5,77.84
51,87,6,78.67
96,94,1,78.73
90,86,4,85.99
74,62,5,73.28
82,46,3,61.71
68,84,1,63.81
67,75,5,74.34
93,77,2,76.54
92,87,2,80.75
71,35,4,60.52
83,44,4,69.1
65,43,8,78.1
61,61,1,55.23
42,95,5,76.19
79,55,1,55.46
70,100,6,92.33
52,52,8,75.12
78,93,1,71.09
67,84,1,64.93
92,43,1,57.49
71,44,2,56.91
66,44,2,53.32
96,38,7,80.85
44,42,6,59.4
78,42,8,79.12
62,75,3,68.66
95,85,5,90.59
67,77,5,75.23
59,38,4,52.06
94,44,8,85.76
55,46,1,43.8
72,91,7,91.76
43,96,8,84.67
55,81,7,82.19
98,40,4,69.87
55,97,6,86.9
50,71,7,73.63
45,46,6,59.64
82,69,5,80.19
52,40,7,64.18
93,80,6,95.33
50,71,4,62.65
69,50,6,72.24
86,40,1,52.77
89,93,7,98.9
71,39,7,72.41
99,94,4,91.95
51,78,8,82.06
89,99,6,97.84
73,90,6,91.73
97,100,1,83.34
93,42,1,57.2
87,60,6,82.98
42,35,4,48.67
64,64,5,73.79
94,100,1,80.9
90,85,1,76.84
68,39,5,61.65
68,71,6,81.02
61,82,7,84.86
87,60,5,76.89
43,58,1,42.26
72,95,3,80.8
71,78,7,87.58
80,98,5,90.2
87,80,7,97.01
66,92,5,84.77
98,87,5,96.96
79,95,7,98.34
96,70,7,91.43
73,36,4,60.56
79,71,7,90.99
78,61,5,77.96
84,98,7,102.04
92,46,1,59.45
45,40,7,64.86
99,86,8,104.73
54,37,1,42.59
53,52,4,56.93
43,82,2,60.55
88,70,7,90.84
42,47,7,63.45
94,53,6,84.86
96,49,1,63.43
59,60,6,69.15
47,90,4,72.08
48,90,8,86.16
99,42,5,74.66
80,63,1,61.76
73,35,3,56.21
58,55,4,58.97
60,49,6,69.06
41,62,8,71.56
91,46,6,79.64
71,50,2,55.85
63,83,7,89.09
49,95,6,82.09
41,92,6,76.76
83,91,1,73.02
48,65,5,65.79
65,82,7,84.03
40,78,5,67.66
73,66,4,73.01
44,82,3,59.69
66,37,6,68.03
67,57,7,79.12
77,62,3,65.88
45,88,8,87.85
74,38,6,66.74
82,91,5,86.5
54,76,5,69.98
49,59,3,56.75
81,61,4,75.61
100,70,7,95.22
62,50,1,47.03
45,99,4,75.75
69,43,3,58.06
66,71,8,89.48
77,97,7,94.89
93,63,1,65.75
78,67,3,68.97
91,96,1,80.73
56,86,1,61.43
100,99,5,97.06
41,62,2,51.41
85,93,8,100.35
52,61,6,69.95
51,39,4,53.96
71,41,1,49.41
84,51,8,86.03
55,93,4,76.61
72,95,7,94.93
59,91,5,81.58
77,91,2,75.54
41,96,4,71.38
50,67,4,60.13
80,85,4,84.26
66,40,3,55.9
94,53,5,77.93
79,39,6,71.06
81,88,4,81.38
98,97,8,109.57
97,100,7,103.82
56,35,8,66.12
95,47,5,75.0
93,91,7,102.73
57,41,4,56.99
89,83,3,79.82
55,93,5,80.08
93,95,1,80.98
41,75,3,60.94
83,92,8,100.95
60,68,6,75.31
53,96,3,68.86
92,58,7,85.96
72,96,3,76.82
72,46,7,77.16
86,99,5,92.26
98,56,3,75.84
61,92,7,86.24
95,56,4,74.76
58,95,7,86.74
86,42,2,58.96
94,43,6,76.53
91,70,1,66.19
82,88,3,81.14
60,49,5,60.92
42,91,1,58.46
65,67,8,86.79
68,99,1,71.57
85,42,7,79.84
78,82,4,80.97
89,71,6,88.75
67,68,5,72.05
75,92,5,84.89
89,77,7,97.02
98,62,6,90.37
77,68,2,63.76
100,64,7,92.06
76,86,3,74.07
97,52,2,65.34
72,49,8,77.47
96,64,2,71.05
50,97,6,80.25
94,81,4,87.45
89,70,6,87.88
67,89,7,88.25
65,71,1,55.9
81,41,7,77.93
88,64,6,87.2
45,93,4,68.89
53,66,1,48.62
76,52,5,74.05
90,83,1,75.63
40,63,4,55.53
75,88,6,87.15
79,51,2,61.68
81,95,5,88.88
64,92,6,83.92
84,90,8,103.43
74,50,8,80.49
57,48,2,50.71
52,65,4,62.93
99,58,6,85.24
66,51,4,64.44
75,62,3,68.15
51,76,8,81.38
52,97,2,65.07
86,66,6,82.93
93,98,7,107.22
44,75,8,82.41
91,95,6,98.57
51,70,7,75.41
87,49,1,56.49
96,75,1,70.13
42,79,2,57.53
76,59,4,70.72
60,77,2,65.6
64,91,7,89.93
65,40,7,68.17
84,63,8,92.79
97,79,4,84.81
41,93,1,58.44
87,65,4,73.99
89,65,5,84.25
40,49,4,50.63
53,99,1,64.22
43,56,4,56.43
49,93,5,74.3
46,35,7,62.52
73,97,1,71.79
58,36,8,66.62
49,88,4,69.0
96,91,1,79.29
85,57,2,67.77
40,86,5,71.64
90,49,8,89.58
43,76,8,79.42
90,63,2,72.06
58,63,7,74.54
99,60,5,83.61
80,58,2,60.24
69,49,3,62.05
100,52,1,66.07
49,84,8,83.78
90,65,7,89.98
43,58,8,72.7
77,73,5,79.1
80,45,5,69.01
85,86,3,79.99
97,64,4,79.94
62,37,3,54.2
85,58,3,67.71
68,94,2,71.24
85,81,7,95.88
59,83,5,75.77
98,70,5,89.96
53,97,8,94.1
94,54,4,75.47
52,85,7,83.05
85,66,5,80.28
51,76,5,70.05
65,78,4,76.03
50,52,7,68.91
85,75,5,82.6
49,96,6,84.64
44,98,5,74.03
53,95,8,88.52
51,78,2,61.74
53,48,1,43.66
80,73,6,86.36
77,74,8,89.94
80,77,5,84.7
45,95,8,85.97
64,82,5,77.52
89,97,6,100.4
66,41,3,55.22
85,72,6,89.39
66,35,8,73.44
100,88,3,88.32
66,45,5,62.74
98,69,3,79.68
41,63,1,44.8
53,45,3,51.2
41,97,4,73.58
71,45,5,66.75
82,62,5,77.91
84,82,3,78.52
68,77,3,69.14
79,76,6,87.78
62,47,4,57.78
97,80,3,84.25
100,75,1,71.89
79,61,4,74.02
95,46,6,78.82
97,59,6,88.58
94,93,1,76.92
57,85,4,75.18
58,44,4,56.17
87,91,2,76.4
57,78,3,65.04
53,50,3,50.24
98,96,7,103.94
88,83,2,74.25
40,58,7,64.88
59,48,6,64.44
50,78,2,58.82
93,54,5,75.99
99,56,2,69.54
85,66,4,76.57
91,85,7,97.2
88,96,6,97.85
57,49,7,68.63
47,53,4,55.53
78,60,4,70.99
60,76,8,86.92
61,75,1,60.05
46,62,8,74.57
100,75,2,77.63
83,70,7,87.51
55,36,5,58.97
61,73,2,62.98
70,93,5,84.72
97,55,2,68.49
85,92,6,92.86
69,83,8,95.35
63,50,4,59.33
75,86,3,77.33
53,59,2,54.78
59,95,5,84.36
67,91,2,71.28
46,76,5,68.06
62,79,1,61.02
93,68,6,88.53
79,51,8,86.91
71,90,7,93.95
55,39,5,60.36
47,88,8,86.55
60,53,8,80.04
72,67,5,76.88
41,46,7,64.3
41,60,4,56.98
69,41,8,73.46
42,59,2,46.11
68,58,2,55.66
75,66,6,77.55
73,62,6,78.05
82,74,7,90.34
40,63,3,51.84
98,47,4,76.1
63,98,7,94.15
95,100,1,79.9
59,41,2,47.2
82,97,4,90.05
53,47,4,58.22
77,48,8,81.03
44,49,7,63.31
83,63,7,84.52
58,50,5,64.77
60,88,6,84.05
50,52,4,53.92
99,62,8,99.13
67,87,6,85.59
74,94,7,94.05
96,89,2,83.06
94,81,4,84.55
82,55,5,74.82
87,83,6,89.35
46,77,1,52.38
89,53,3,65.96
47,36,5,52.1
40,62,4,56.38
95,39,5,71.11
64,45,6,64.92
80,91,6,93.41
40,77,3,59.62
68,75,3,71.46
55,67,8,81.74
88,71,6,86.28
43,45,5,55.06
93,62,8,93.91
79,43,6,74.82
40,70,3,55.37
99,97,8,107.92
65,63,5,70.03
83,93,7,96.33
80,93,6,92.96
43,73,1,48.32
77,36,1,46.3
64,42,7,73.1
78,39,2,55.96
73,47,2,56.84
66,49,6,69.39
100,57,7,88.73
92,41,6,77.48
79,63,2,67.13
70,76,5,79.06
58,94,8,92.97
48,77,2,56.05
62,58,6,69.62
90,54,8,92.41
58,39,5,58.17
66,45,2,54.14
75,81,4,77.44
48,86,1,59.0
74,42,8,78.03
75,38,2,53.78
46,73,8,80.04
47,66,6,67.65
67,68,5,73.77
100,37,3,69.2
56,48,7,72.25
56,58,6,68.89
45,77,8,79.68
68,38,7,69.73
43,80,8,83.63
62,87,8,91.53
57,55,4,60.62
48,45,4,53.16
84,96,2,78.57
48,63,8,74.09
41,71,7,73.59
74,54,3,64.45
59,76,1,57.04
98,92,2,84.53
82,92,5,92.37
61,82,5,77.44
79,49,5,72.66
67,48,8,78.07
43,58,8,72.47
67,70,7,84.07
42,97,3,66.18
51,41,7,64.82
81,59,4,72.1
97,38,3,63.58
91,66,7,89.37
82,93,8,99.91
89,77,8,100.38
82,94,2,78.77
64,74,2,65.07
87,91,3,85.75
92,88,5,94.4
60,74,1,58.52
70,45,2,52.47
98,86,1,75.13
84,46,3,62.22
40,55,8,68.59
88,86,2,79.19
66,74,1,62.02
57,94,3,71.63
72,48,7,78.48
43,94,3,67.42
77,73,5,82.59
73,52,4,67.66
58,81,1,59.77
53,65,2,54.91
45,65,2,50.65
51,95,2,69.31
77,63,8,87.7
76,54,4,69.41
42,83,1,52.5
52,82,2,63.96
77,53,1,58.7
65,84,2,69.33
45,100,1,62.42
80,53,8,85.19
72,70,2,64.47
96,68,4,81.24
99,60,8,98.39
77,84,2,72.03
75,36,5,64.3
84,75,8,96.0
92,68,4,77.05
45,44,8,67.17
69,55,4,66.24
44,55,8,71.68
91,97,3,85.58
46,64,1,49.42
67,99,2,75.08
74,47,1,51.38
85,94,4,85.39
87,92,6,97.08
82,56,6,80.49
97,37,7,83.45
76,95,6,95.34
61,61,3,63.58
98,54,4,79.39
96,77,1,72.55
84,49,8,83.93
97,60,5,80.49
49,55,1,45.46
89,47,8,87.85
87,53,1,60.14
99,71,1,71.75
53,88,8,85.47
88,99,6,101.32
59,66,6,74.95
83,44,4,63.81
51,55,8,73.76
100,84,2,80.38
66,100,4,84.61
56,86,3,70.22
86,90,3,83.41
96,96,2,86.12
51,97,6,84.89
89,100,8,108.95
51,81,3,67.56
75,83,2,71.84
100,38,1,62.16
52,97,2,66.37
50,96,7,87.33
85,62,3,71.81
85,65,1,66.4
87,51,5,73.27
76,61,2,64.97
46,94,5,77.09
45,99,5,78.42
67,38,2,47.08
65,35,4,55.48
52,47,2,49.07
88,38,4,67.12
99,56,5,79.94
90,58,8,88.45
56,43,3,49.66
42,86,7,81.5
80,63,2,62.99
53,40,6,60.78
48,100,5,78.93
52,74,4,68.78
84,58,1,60.66
97,56,5,81.62
50,91,7,82.47
92,65,6,86.74
42,99,7,84.12
73,39,4,60.79
100,90,4,90.19
52,53,3,52.58
94,90,4,88.63
52,73,2,58.53
97,54,2,69.66
76,55,8,81.77
69,42,5,62.23
91,60,8,92.48
51,85,6,77.51
86,81,2,72.48
59,82,6,77.52
66,62,7,80.42
56,48,6,64.25
63,57,5,67.31
83,49,2,62.63
41,56,6,64.0
82,81,2,70.21
81,67,4,76.94
48,88,7,81.22
52,40,4,50.25
71,100,3,80.5
80,56,3,68.14
99,79,5,89.46
63,85,7,85.2
61,86,1,60.0
44,43,6,56.35
48,89,8,84.88
54,66,6,70.21
94,79,7,100.16
51,62,1,47.24
92,38,6,78.31
53,85,5,76.96
76,70,2,68.2
80,85,5,88.23
87,81,3,81.24
59,55,3,57.47
69,51,7,75.48
88,84,5,87.15
58,64,1,52.05
50,81,3,61.9
49,82,2,61.49
95,54,4,73.7
58,82,7,82.55
85,59,5,79.03
81,88,8,100.05
42,78,6,73.79
71,73,8,87.87
62,73,1,55.2
53,76,2,62.15
74,70,8,91.07
40,41,5,54.02
76,47,2,56.83
87,96,3,82.78
92,81,7,94.36
42,74,4,60.41
42,80,4,64.8
98,73,4,83.44
63,71,6,76.86
91,38,6,78.23
85,87,3,81.13
63,71,3,66.37
74,81,7,91.0
91,40,4,70.04
78,82,2,74.94
86,92,5,90.26
61,67,5,69.47
89,85,8,98.98
75,92,2,75.49
41,41,1,38.74
70,47,1,53.23
97,62,7,91.25
57,63,2,53.38
79,55,5,75.35
63,92,1,63.9
66,100,2,73.54
67,56,8,82.76
52,75,6,73.69
56,67,1,54.63
46,51,7,67.18
73,86,4,81.3
54,50,4,55.34
79,89,4,81.47
74,49,1,54.82
66,39,8,72.27
93,83,3,84.69
50,43,6,63.64
63,83,8,91.02
100,100,4,94.91
45,74,7,73.25
51,80,6,77.04
65,98,3,77.6
56,81,1,61.65
80,58,6,78.38
70,73,1,60.6
76,75,4,74.18
70,60,6,78.27
75,74,7,90.17
54,67,7,76.85
82,66,4,74.87
50,81,8,82.68
67,96,2,73.1
52,69,1,52.78
88,72,4,79.85
65,60,8,83.08
81,100,6,95.57
70,42,7,73.91
40,74,7,75.94
54,92,2,66.47
80,69,8,89.8
70,80,6,84.22
46,94,7,85.86
48,62,3,57.75
83,87,4,83.63
77,51,3,65.88
52,39,2,45.73
80,49,3,64.0
50,78,7,79.95
94,51,6,80.42
94,65,7,89.46
57,60,3,59.57
100,67,8,100.74
62,53,4,62.21
75,75,2,67.12
93,52,1,60.11
80,55,3,68.72
48,65,5,64.35
64,81,4,73.13
57,66,5,68.2
64,40,1,45.83
49,98,4,77.1
56,44,2,48.71
77,93,3,81.22
84,87,6,90.95
60,74,7,81.29
91,43,3,63.27
70,49,7,78.29
96,77,8,98.21
42,82,3,64.41
40,85,2,56.16
63,97,4,78.88
65,79,5,77.81
74,44,8,79.36
56,72,2,61.41
55,63,7,75.22
69,72,5,78.1
78,88,8,98.74
58,71,4,69.31
58,68,7,76.18
97,50,2,68.57
50,59,8,75.56
84,94,6,95.71
59,93,2,69.18
57,49,6,65.75
94,87,8,106.34
42,75,4,60.1
60,51,8,77.45
86,54,5,75.25
46,42,3,45.97
48,55,3,54.37
54,87,5,78.87
71,99,1,73.53
63,95,1,66.05
92,56,1,64.15
97,76,8,101.04
87,92,4,88.47
50,83,8,83.12
80,64,1,63.66
72,36,5,65.42
58,83,8,87.08
55,80,6,77.33
81,50,7,79.56
66,39,2,50.76
67,40,6,69.34
55,77,8,83.51
83,37,3,61.56
80,69,5,76.75
51,65,5,68.53
61,59,8,81.55
68,62,2,58.18
83,52,7,83.24
44,79,8,78.89
57,93,7,87.02
72,63,8,84.89
43,52,2,45.03
76,69,7,88.61
45,83,6,74.59
67,55,3,62.86
91,53,7,83.84
74,74,2,70.03
89,88,6,91.83
57,62,6,72.03
61,71,5,75.36
78,53,4,70.69
76,55,7,81.98
52,60,4,58.02
74,49,4,67.91
84,58,5,75.17
69,62,1,57.39
81,86,7,94.04
83,99,3,83.31
48,40,5,52.7
70,89,5,84.08
67,89,2,71.94
51,81,3,65.55
62,47,3,52.71
92,74,7,92.73
58,43,4,59.28
99,45,7,86.85
61,39,8,69.9
92,70,4,78.1
98,66,3,79.68
75,35,3,58.44
98,56,7,87.89
97,100,4,96.24
50,41,4,54.77
74,88,1,67.44
50,57,8,72.05
45,47,3,46.57
98,37,5,75.12
46,70,5,67.91
100,91,5,94.79
98,66,4,81.09
95,69,4,83.54
51,94,2,67.03
51,56,1,48.41
77,71,8,89.5
91,75,6,91.4
40,42,7,62.97
87,49,5,74.2
88,78,7,91.6
86,41,4,64.07
96,36,3,62.31
66,92,6,85.14
83,39,3,63.61
60,91,4,74.63
68,100,6,91.23
94,57,6,84.95
60,57,6,69.17
49,44,3,52.09
93,85,5,91.46
82,85,8,96.8
95,35,7,82.72
93,40,8,86.81
87,97,7,103.2
98,49,5,75.99
51,63,1,48.63
66,65,8,85.32
90,37,5,69.09
79,75,7,87.52
86,69,6,88.15
79,46,4,67.97
99,59,7,94.04
87,62,1,62.16
45,44,8,66.27
43,98,3,69.03
48,90,7,82.75
52,91,6,83.4
64,91,6,85.08
84,86,5,90.83
59,44,3,54.5
87,56,5,74.94
48,53,1,44.72
86,89,4,86.32
83,38,2,57.03
98,88,8,108.95
84,97,5,93.35
49,75,8,79.63
48,80,8,80.44
90,94,7,100.34
97,50,5,79.08
72,87,1,65.2
89,68,4,78.36
54,40,2,48.33
96,67,8,95.36
85,52,2,59.83
60,58,7,73.56
56,71,7,77.01
75,98,3,79.33
63,76,4,73.25
69,80,8,90.77
59,74,1,56.9
57,42,3,52.24
64,72,5,76.87
75,80,7,89.13
93,51,2,65.94
70,43,1,48.51
56,57,2,53.6
98,48,5,79.88
87,65,1,64.04
41,45,8,65.41
51,64,3,57.02
85,70,2,69.81
47,54,1,45.23
56,41,3,48.88
52,59,1,47.34
41,39,4,48.7
63,55,3,56.91
88,97,2,84.94
94,36,6,74.41
88,44,4,70.36
75,50,8,83.74
40,62,2,47.26
86,76,3,77.02
83,57,3,68.31
89,39,7,78.04
100,40,4,70.18
87,64,3,72.3
96,93,1,81.28
76,94,8,97.93
77,97,4,87.45
43,64,2,50.5
48,80,4,67.19
95,66,7,94.6
49,87,4,73.29
43,41,5,56.17
41,38,7,61.53
93,85,6,95.89
48,76,1,54.47
81,96,6,93.52
62,60,6,75.73
90,50,3,70.7
73,54,4,64.65
70,80,8,90.41
79,43,2,57.43
60,82,2,65.48
78,83,4,80.23
58,62,7,77.69
51,76,3,59.9
60,51,8,77.29
63,49,7,70.84
72,43,4,64.08
66,52,3,60.15
95,88,5,91.75
67,74,8,86.12
43,55,4,55.51
93,79,1,71.6
98,43,8,87.71
94,71,5,86.5
91,57,4,76.27
90,67,1,68.33
66,89,4,77.19
90,97,4,89.14
43,35,4,50.11
64,64,3,63.92
90,54,5,76.87
96,87,6,96.58
90,92,4,89.38
78,68,6,83.35
97,75,8,100.39
83,90,8,102.0
60,72,4,67.78
76,35,7,72.5
57,60,5,68.01
44,92,5,75.85
46,94,5,77.07
81,67,5,79.44
44,42,6,61.37
79,99,2,76.73
55,70,8,81.24
81,38,7,73.52
75,82,2,68.81
50,73,1,55.9
91,73,8,96.22
69,42,4,61.93
84,96,6,97.76
81,100,4,85.84
61,86,3,72.86
99,73,6,95.1
48,83,6,78.36
80,80,2,70.53
86,52,2,64.2
80,87,4,83.5
80,62,2,63.82
53,39,8,70.74
64,64,3,64.9
63,67,2,60.13
78,99,5,90.2
80,92,6,94.16
55,75,3,66.2
40,88,3,60.98
41,75,5,65.27
73,48,7,73.41
83,50,4,67.23
48,66,8,75.64
86,94,8,104.01
73,83,8,93.51
42,77,2,53.36
80,95,6,94.1
87,73,2,74.59
42,94,7,84.05
41,92,3,63.89
85,88,7,99.07
98,40,6,78.68
83,79,6,91.22
49,65,2,53.11
61,80,6,78.14
80,91,7,96.51
61,45,7,72.18
58,65,6,73.44
77,50,6,76.79
53,88,4,70.69
45,58,8,71.01
67,56,4,62.8
64,47,7,74.4
82,94,3,83.06
75,41,2,53.31
69,46,7,73.0
82,41,7,78.26
52,45,8,72.09
42,76,2,56.9
45,99,1,63.7
53,44,3,51.52
89,39,6,72.32
59,64,2,56.32
74,58,1,57.17
40,74,3,57.52
96,95,6,97.44
63,65,3,62.37
40,75,1,52.03
92,80,8,101.47
84,72,1,65.54
98,35,2,60.57
79,70,7,89.35
99,73,3,79.54
93,56,8,91.19
93,38,8,84.9
93,96,2,83.46
40,48,1,36.46
93,82,8,100.46
61,53,7,71.57
56,58,7,73.97
79,96,8,100.25
92,62,4,75.63
44,55,8,72.29
90,81,3,79.43
86,69,3,71.86
42,83,7,76.98
96,62,7,93.92
55,76,2,60.44
95,51,7,87.75
59,35,1,43.15
99,85,1,76.27
94,74,6,89.24
79,51,5,74.12
67,41,4,60.95
79,58,6,80.28
81,95,2,80.11
51,51,3,53.63
55,67,1,50.54
75,89,4,81.82
44,100,4,72.76
45,80,8,83.79
87,100,5,96.66
51,68,8,79.07
66,65,3,65.01
44,61,3,56.97
63,60,5,68.37
87,44,2,61.0
91,39,3,66.1
93,76,7,94.7
70,80,2,70.82
67,83,5,78.19
76,45,7,75.12
48,50,6,63.37
56,74,1,58.95
44,75,3,57.4
42,86,8,86.18
84,53,2,64.27
92,54,1,64.76
64,68,5,73.88
98,92,6,102.6
83,71,1,66.86
79,74,4,80.17
69,89,2,72.28
95,53,1,61.37
55,85,7,85.02
79,78,8,97.44
88,87,1,71.85
48,93,1,62.59
89,59,4,77.98
89,48,2,60.9
42,96,6,79.29
41,55,2,45.97
68,82,4,76.56
75,91,7,93.39
93,79,6,90.98
89,81,8,99.53
100,72,4,84.03
48,92,6,80.17
86,96,1,75.31
80,35,5,67.94
65,37,4,58.17
42,91,8,85.61
76,86,8,99.56
85,46,7,79.97
40,62,1,44.82
61,51,3,54.34
76,50,1,55.2
82,81,2,73.95
90,75,8,95.94
86,41,3,60.12
88,37,6,72.74
79,39,2,57.62
93,64,1,68.01
65,36,3,52.24
62,67,8,84.03
40,47,7,65.47
68,39,4,58.55
45,69,7,76.34
96,40,8,85.63
65,78,6,81.63
85,78,5,86.49
54,93,1,64.04
53,50,3,55.75
83,50,3,67.51
44,72,5,63.45
40,49,2,42.03
95,88,4,90.9
48,37,5,51.04
72,56,3,62.88
83,39,2,59.66
51,83,2,62.81
46,69,8,80.3
74,72,6,79.52
55,88,6,83.78
65,90,3,75.61
72,51,7,79.53
86,48,1,57.19
100,93,5,95.13
43,45,8,69.08
89,37,7,77.57
78,80,3,77.91
88,68,1,66.77
94,63,4,79.47
50,88,4,71.07
67,47,1,48.65
70,90,4,82.76
100,65,8,99.8
48,56,4,56.58
95,44,4,74.57
85,50,6,75.04
73,42,7,76.31
81,60,7,81.41
47,100,4,73.73
60,98,1,68.02
62,72,8,84.33
55,39,5,57.91
82,52,5,72.25
61,53,5,68.56
96,75,7,96.16
93,96,8,108.79
81,78,7,92.31
63,53,6,67.95
85,66,3,70.79
44,48,7,65.85
81,41,1,55.56
54,95,7,89.86
82,78,6,86.05
94,55,8,92.96
48,92,6,78.2
52,42,2,47.44
92,47,5,73.83
42,51,8,66.56
47,39,7,63.4
98,71,5,87.05
61,49,6,70.99
94,60,4,78.05
86,90,2,75.89
64,83,8,93.42
48,41,8,65.7
78,98,3,83.16
86,45,8,82.23
50,80,6,78.4
63,88,5,83.0
74,81,1,63.17
54,90,4,71.41
67,41,4,57.09
46,60,6,63.74
66,81,7,86.06
52,56,3,52.8
86,79,5,88.07
92,44,2,60.02
96,99,8,109.71
98,90,8,108.02
61,96,1,69.3
51,53,1,48.27
95,54,8,91.03
76,61,7,82.47
42,86,8,80.89
52,46,7,70.12
75,95,2,78.15
64,52,7,74.02
77,68,8,92.53
41,90,3,65.33
55,57,5,63.19
53,67,2,54.11
43,54,4,53.31
92,90,8,105.49
81,50,2,61.67
62,63,4,65.71
51,53,4,55.46
81,76,3,73.21
64,91,4,75.6
49,92,7,82.89
99,85,6,98.95
95,59,4,80.08
92,43,3,66.5
96,98,2,83.59
67,70,1,61.48
72,74,1,62.2
47,87,3,65.71
92,58,1,62.41
80,45,4,65.58
71,42,2,52.17
73,35,4,59.46
70,67,7,83.2
68,92,7,93.55
46,41,5,54.51
68,62,2,58.95
95,38,6,76.54
47,52,7,64.72
96,100,7,105.72
91,63,1,64.87
70,96,4,85.21
61,62,4,63.29
86,92,2,79.2
40,61,5,62.5
70,56,3,62.68
99,83,8,104.81
58,80,4,72.44
82,43,7,78.74
72,69,2,63.74
70,86,4,80.74
51,96,5,76.63
88,99,1,78.94
87,67,7,91.69
67,47,2,54.73
69,52,4,65.04
41,68,4,60.01
97,76,7,97.23
57,40,3,50.36
45,77,6,73.23
97,77,8,100.83
81,72,7,87.14
58,94,6,83.1
69,53,8,82.74
95,81,7,95.45
96,75,4,84.34
43,39,8,63.08
50,97,7,83.92
75,66,7,84.92
95,96,8,107.21
86,44,6,74.89
56,98,4,80.0
70,83,2,70.42
42,52,2,44.52
58,60,4,63.32
64,88,7,90.49
84,97,2,78.32
44,56,2,48.98
90,47,6,77.52
48,57,2,51.29
76,79,4,76.8
53,36,5,57.3
86,99,7,101.91
51,48,8,70.78
93,85,7,101.14
68,65,8,83.61
92,85,2,76.72
73,93,4,83.35
99,78,1,72.13
58,81,4,72.23
56,96,5,83.07
73,71,2,68.15
52,90,4,71.96
40,60,4,56.26
92,46,5,76.16
83,57,2,61.41
96,96,6,101.55
45,59,1,44.38
98,40,1,62.19
73,46,4,63.31
53,93,1,63.5
71,94,3,80.92
63,55,8,79.57
48,45,5,58.35
83,60,8,86.85
68,85,2,68.5
86,40,6,76.18
72,98,4,83.04
60,42,8,70.46
46,40,7,62.89
51,70,7,76.72
52,96,2,66.81
92,69,4,82.06
63,83,6,80.82
93,41,2,59.77
46,66,5,66.91
63,69,6,75.1
89,57,1,60.96
87,45,4,68.87
58,48,1,45.86
86,47,5,73.22
41,51,2,45.45
94,94,8,105.87
92,76,7,96.69
51,79,3,61.69
50,53,8,71.28
85,69,1,64.47
87,66,2,67.69
67,76,4,72.92
67,58,4,68.03
42,79,4,65.54
50,61,1,45.63
75,56,5,72.38
76,80,5,82.2
64,43,2,48.47
98,66,7,92.65
43,87,2,62.64
77,76,8,90.6
87,52,1,59.6
40,81,7,75.46
52,61,4,59.75
82,50,7,79.71
61,91,3,75.2
96,88,7,100.26
47,61,3,56.36
60,83,1,62.54
97,37,3,64.61
59,56,7,73.76
78,48,8,81.66
100,46,6,79.5
58,89,7,88.28
80,46,2,56.16
88,94,6,97.25
54,97,8,89.94
90,67,2,69.97
96,46,6,81.91
85,37,6,70.05
54,98,6,83.39
91,63,6,88.1
91,75,5,87.32
98,84,3,83.05
67,89,1,63.78
47,74,3,62.24
67,77,2,63.28
62,50,6,69.26
98,77,5,91.59
59,60,4,61.81
52,81,4,71.81
51,83,6,78.08
69,81,6,84.93
99,46,3,68.76
44,61,4,60.82
48,54,1,45.24
58,81,1,57.04
74,73,6,85.43
54,50,2,48.87
88,86,5,90.0
57,72,3,65.35
47,68,4,61.37
95,64,6,84.66
40,37,1,36.15
45,39,4,49.94
88,54,4,71.26
80,51,3,64.09
90,48,5,74.89
80,51,3,65.58
44,73,4,62.01
75,76,1,65.46
46,40,5,52.69
58,95,6,87.91
83,100,5,95.51
82,53,1,60.25
50,98,2,66.12
55,77,4,68.17
87,89,5,92.04
90,62,3,73.88
81,97,8,100.95
82,99,2,83.08
91,81,6,89.81
90,39,7,76.95
57,76,8,87.42
47,74,4,63.23
62,99,7,89.87
46,91,3,65.32
52,62,7,70.84
78,60,2,60.86
52,43,6,61.18
76,87,7,94.81
95,65,8,93.97
58,94,5,81.46
47,75,4,67.79
61,91,1,62.48
47,73,8,82.26
91,91,3,82.47
99,57,6,83.98
95,67,6,88.17
43,53,1,42.5
54,50,8,70.89
73,59,3,65.24
73,71,5,79.4
43,76,2,55.9
75,88,1,68.03
72,85,8,95.49
61,45,6,66.02
99,46,5,76.06
63,75,8,85.95
51,94,7,87.76
77,74,1,65.69
52,97,3,68.94
44,43,6,59.1
74,89,2,76.11
67,51,8,78.08
60,57,2,52.19
55,82,7,84.6
80,38,2,58.01
77,79,6,85.98
72,42,2,55.42
80,43,2,55.01
57,87,2,67.31
82,39,1,52.06
55,100,5,80.58
91,39,8,86.94
89,60,4,77.88
88,96,1,76.62
99,57,7,88.37
71,50,8,81.9
45,50,8,70.96
87,64,7,87.64
74,90,5,84.12
80,59,7,81.84
61,58,4,64.79
65,99,5,85.97
82,36,2,57.46
63,66,2,60.49
85,60,1,64.1
77,55,1,54.02
98,66,2,72.17
60,81,7,84.62
49,99,1,63.0
40,74,5,64.17
40,58,3,53.41
55,62,4,64.38
71,80,1,65.2
94,71,3,80.71
50,96,5,80.04
45,35,3,45.42
66,72,2,61.91
80,55,6,77.01
41,82,2,57.71
96,85,7,100.73
66,92,7,90.9
54,47,3,53.1
100,89,7,102.04
83,72,6,83.47
46,43,2,45.38
66,73,8,85.28
53,99,5,78.91
53,59,8,77.94
83,82,5,83.49
73,77,2,65.33
93,58,1,64.17
56,61,5,69.27
58,39,7,69.75
89,58,2,65.63
100,68,2,76.22
65,39,5,62.06
88,39,6,75.25
68,89,4,79.03
49,46,6,60.23
67,77,5,77.41
42,42,4,47.57
91,72,4,79.52
76,36,7,70.53
42,92,5,76.07
64,76,8,90.1
92,76,3,77.21
74,98,1,73.43
96,96,4,90.09
46,93,1,58.51
72,57,6,76.82
75,57,2,59.65
89,94,4,86.32
70,65,1,57.34
76,53,2,58.34
55,87,8,88.16
74,84,2,72.11
61,71,1,59.26
68,83,5,83.13
50,54,1,43.02
61,35,1,43.01
60,71,8,83.38
67,58,1,51.97
81,99,5,89.3
58,35,2,42.69
91,37,6,76.67
51,98,4,78.51
82,47,3,66.26
45,87,1,55.29
63,79,2,63.96
43,61,7,71.15
80,58,7,84.3
93,83,3,83.87
92,42,7,81.45
49,76,6,72.83
81,53,6,80.36
87,43,8,82.96
42,81,7,78.58
94,39,1,54.96
89,57,8,93.19
69,38,5,64.63
64,35,8,71.73
90,43,2,62.46
96,73,4,83.73
92,68,1,70.6
72,44,1,51.98
42,87,7,78.75
85,46,8,84.86
93,89,6,95.98
71,39,6,67.49
91,85,1,76.84
85,70,6,88.18
92,48,8,88.57
74,73,5,76.19
64,58,6,71.33
93,92,4,91.05
73,77,6,84.18
85,70,6,86.64
57,67,8,79.01
50,63,8,74.87
79,67,3,71.91
89,72,3,78.49
72,77,8,91.5
47,83,2,58.62
61,52,1,47.48
42,78,7,73.12
91,79,3,81.46
92,62,3,74.7
82,60,8,87.24
56,94,5,78.08
59,98,7,90.66
86,38,8,83.51
45,41,1,36.18
45,50,5,60.9
43,55,8,72.51
79,61,4,73.05
61,62,7,74.46
48,59,7,70.62
82,36,2,53.58
77,84,2,70.33
60,47,4,60.41
53,45,8,72.89
48,73,1,53.85
70,60,6,73.34
100,95,5,100.52
85,73,8,92.65
57,51,1,47.93
63,53,2,52.64
60,98,5,81.21
62,84,7,85.85
51,68,4,61.37
85,92,2,80.43
86,44,5,72.31
98,74,2,78.14
64,76,6,81.77
61,78,6,78.82
85,71,5,83.09
68,95,1,66.75
77,85,8,96.57
79,85,2,73.88
94,99,8,106.97
66,39,7,69.25
66,91,8,95.29
83,91,1,72.81
98,37,5,75.02
77,70,2,69.68
80,38,6,70.23
41,82,2,54.45
84,92,7,101.11
83,38,5,69.63
61,71,6,75.0
91,100,7,103.92
55,54,7,69.09
59,70,2,57.07
59,80,8,90.39
44,76,8,79.76
85,84,4,82.04
85,51,7,81.63
96,99,1,81.75
40,70,4,62.92
60,69,6,74.54
50,70,3,62.74
82,47,8,84.73
69,44,5,64.65
88,49,5,76.46
84,61,7,85.26
57,97,2,71.95
53,88,1,61.04
62,38,6,66.67
71,42,5,66.43
70,84,7,92.42
49,47,8,71.58
84,37,5,70.98
58,68,4,63.84
98,62,4,79.76
85,42,1,56.48
40,91,3,63.84
82,54,1,60.02
49,72,7,77.9
74,37,2,49.65
59,97,8,92.63
64,50,6,72.14
92,43,7,81.53
70,71,6,83.19
54,91,6,80.04
96,56,8,93.5
97,92,1,77.33
93,63,8,93.74
46,79,7,79.55
73,66,3,69.2
56,38,7,66.95
64,76,3,66.77
41,97,2,65.49
71,66,4,71.07
61,52,4,61.44
93,82,3,83.8
70,65,4,70.23
82,97,2,77.63
56,65,3,59.91
43,93,7,80.48
56,87,8,88.19
87,47,5,73.9
44,41,2,39.02
99,64,2,73.14
88,41,3,62.86
70,43,1,51.08
69,85,5,83.15
69,62,3,61.69
81,43,8,80.13
68,49,5,66.79
48,68,7,76.08
80,83,3,77.47
43,47,7,61.18
46,76,4,62.69
62,67,7,78.55
63,99,6,88.47
81,39,5,65.7
68,41,4,58.75
57,47,2,52.34
57,60,7,76.03
70,51,3,58.58
60,41,2,49.08
63,77,6,81.7
70,46,8,76.57
81,75,4,80.55
80,97,7,97.53
56,72,4,69.1
77,50,5,68.12
57,75,6,76.64
100,65,8,99.95
84,74,4,78.09
76,100,5,92.14
86,83,3,81.49
40,59,7,66.96
95,79,5,90.4
82,45,4,68.22
87,86,7,97.44
62,90,3,71.55
73,59,3,65.42
76,87,2,70.21
40,60,1,46.18
69,37,7,71.14
43,97,3,68.14
90,35,1,56.61
49,57,4,57.3
48,74,8,80.45
49,91,2,64.43
76,69,8,92.66
71,76,6,82.28
81,62,6,84.03
40,90,5,70.84
56,62,6,71.08
78,99,2,79.62
59,35,1,44.17
51,47,8,69.32
42,62,2,51.24
89,35,2,56.63
83,76,5,82.74
49,62,7,70.09
88,52,3,67.21
83,90,3,79.51
52,96,2,67.14
83,71,6,87.39
47,76,6,71.99
76,63,8,89.9
60,82,7,82.17
40,38,4,48.38
96,54,6,86.78
82,78,3,73.43
53,71,8,80.35
97,79,5,90.13
86,52,3,66.46
69,93,7,94.72
75,85,2,70.52
48,66,4,62.72
77,41,5,67.6
51,74,1,52.61
81,83,1,70.13
98,73,1,75.18
45,95,6,81.22
95,68,4,80.07
79,69,7,86.29
81,77,3,73.16
41,77,7,76.44
49,88,8,85.68
59,44,8,74.23
70,46,4,63.24
76,91,8,100.77
70,39,3,56.27
81,92,6,93.48
79,86,6,87.19
74,54,6,72.59
85,69,8,94.42
71,41,6,70.97
73,99,4,85.82
69,56,6,73.71
41,37,3,44.85
71,59,5,72.96
47,89,5,77.1
73,55,7,81.81
42,96,1,61.99
72,74,7,88.3
86,97,8,106.97
96,50,5,76.03
54,89,2,63.03
63,85,7,84.77
70,47,7,74.48
88,56,8,88.19
58,48,7,67.88
99,67,7,96.73
92,77,6,90.91
57,98,6,85.48
66,45,7,73.61
52,88,5,73.17
44,93,7,83.55
84,57,5,79.2
67,71,5,75.45
96,51,3,71.97
59,47,4,56.03
48,81,8,81.21
84,85,1,74.25
57,89,3,73.26
66,82,8,90.21
80,60,8,88.68
70,69,1,58.72
76,88,3,80.08
43,68,6,67.29
66,40,1,45.64
52,45,7,66.97
78,72,7,90.35
97,65,5,84.54
82,100,8,103.39
74,47,3,58.35
100,38,6,82.13
64,83,1,60.26
46,90,6,78.39
51,36,4,52.35
99,71,6,94.37
85,66,6,83.83
64,64,1,54.87
61,45,8,76.96
72,100,3,78.92
41,95,6,75.99
54,98,1,61.9
46,73,7,77.65
60,53,7,74.41
67,48,8,79.92
46,43,2,40.83
92,56,2,65.67
97,37,4,69.15
45,82,6,75.67
44,70,1,47.63
87,58,8,88.07
81,78,1,68.11
80,93,1,71.06
57,95,3,74.88
58,81,3,69.92
78,37,7,72.87
53,50,4,57.42
80,52,2,63.29
76,95,1,74.29
49,63,3,54.55
69,76,8,91.27
45,66,2,51.38
73,71,7,87.8
99,57,7,91.02
75,79,5,79.91
77,88,5,86.81
71,80,1,66.46
74,43,2,57.19
55,58,3,54.24
53,100,7,90.5
100,71,7,94.31
92,94,6,97.29
64,97,7,89.64
69,65,4,68.51
61,75,1,60.74
90,73,2,76.02
50,47,3,53.62
74,89,1,69.51
86,96,6,96.33
76,59,5,72.88
95,88,1,76.17
87,45,2,57.85
52,43,1,40.27
63,96,1,67.31
61,93,7,92.49
74,89,7,95.59
98,60,8,94.48
42,66,6,68.22
53,96,4,74.16
73,59,7,81.57
45,65,3,58.28
98,80,3,83.67
50,99,2,67.8
75,40,5,63.14
61,82,5,77.73
80,51,1,55.16
90,63,2,67.61
70,57,5,69.08
96,48,4,73.92
47,95,4,72.42
66,40,4,56.09
96,100,6,105.13
55,55,4,58.38
78,62,7,83.58
44,53,2,49.6
100,90,4,89.83
43,66,1,49.74
44,75,2,57.57
89,82,8,102.62
52,100,1,64.02
64,99,6,87.05
89,100,6,99.18
97,90,3,84.06
100,50,1,66.61
74,70,5,76.06
87,64,4,76.24
91,71,6,90.53
91,86,2,76.31
97,85,6,98.31
93,43,8,85.79
97,45,4,69.84
41,85,1,51.54
80,37,3,56.59
63,84,4,74.62
76,86,6,88.23
42,75,1,50.81
65,63,8,80.26
100,92,2,86.64
98,93,5,93.62
72,52,3,61.34
72,80,2,66.42
74,74,4,72.23
60,66,8,82.43
83,40,8,80.77
93,93,6,100.7
78,85,8,97.65
54,36,2,43.77
79,47,1,57.02
50,49,1,41.99
82,50,6,75.45
97,53,6,85.09
61,69,6,74.33
87,94,1,74.49
61,51,8,78.27
62,38,2,48.39
43,41,2,40.5
71,43,6,70.97
86,97,4,91.2
65,54,6,70.99
89,89,4,88.76
77,39,1,48.3
65,86,8,92.47
94,66,8,96.44
79,97,6,93.87
84,79,6,87.72
67,77,7,87.54
100,38,1,56.47
72,35,4,59.89
97,79,1,73.03
52,77,2,61.47
65,96,4,79.01
68,45,8,78.97
74,42,4,62.04
42,83,8,84.05
94,78,8,100.85
65,72,1,56.21
96,84,5,94.83
49,43,4,50.18
92,82,2,75.58
67,87,7,90.16
46,60,5,64.66
87,48,5,75.57
76,100,5,93.33
41,83,6,74.18
69,45,3,54.82
87,37,6,73.2
41,63,7,68.39
84,97,1,73.68
86,79,2,75.88
70,76,3,70.73
88,76,4,79.95
55,56,7,71.74
69,91,6,86.92
78,84,7,90.01
76,77,2,72.02
55,58,6,67.67
74,96,6,93.96
46,64,4,60.02
90,96,4,88.66
63,54,1,52.99
46,54,5,57.62
90,58,2,67.98
66,56,5,66.85
42,48,5,58.14
86,81,2,72.98
40,96,7,82.8
71,47,3,57.48
42,60,5,63.72
63,62,2,59.36
67,46,1,51.94
68,73,1,62.61
53,54,1,46.01
47,53,3,52.1
86,56,2,64.83
47,54,6,63.71
44,90,7,79.6
42,60,1,44.4
93,77,3,82.79
86,58,6,80.17
60,53,3,55.56
100,51,3,70.06
81,49,1,57.78
74,80,2,70.18
61,61,7,74.89
98,50,3,68.78
50,74,2,59.69
69,90,4,81.81
62,54,5,67.37
44,86,6,78.5
95,76,2,74.76
74,83,5,84.99
62,81,8,87.56
43,57,4,53.45
72,46,2,54.34
72,44,1,50.92
94,45,1,61.05
86,81,3,78.68
49,95,7,86.6
43,64,4,56.9
70,80,1,61.19
91,36,1,54.94
76,57,8,85.32
75,38,5,66.49
87,62,6,82.48
94,73,8,101.29
80,97,5,91.25
52,37,4,52.21
51,92,5,76.69
69,91,4,77.41
100,94,4,91.25
86,85,5,90.31
82,48,3,65.67
60,97,7,91.36
64,71,4,69.42
84,87,2,75.5
66,62,2,58.18
80,35,8,80.77
54,94,7,86.05
85,56,6,79.77
57,85,5,75.67
84,82,5,84.02
59,76,5,71.25
78,63,8,87.74
69,84,1,63.52
65,81,1,60.21
46,62,3,56.74
58,82,1,61.96
78,40,8,78.79
49,78,8,85.32
69,98,7,95.31
83,71,6,83.61
99,65,1,70.5
56,45,6,66.39
86,70,3,72.64
72,86,1,65.14
95,53,6,82.95
55,99,1,66.87
95,93,7,103.54
55,82,5,73.1
64,38,6,66.22
61,79,7,85.69
51,75,5,68.22
62,62,5,69.58
85,49,3,65.98
94,42,2,63.23
60,75,2,63.38
63,87,7,87.87
56,49,7,68.59
75,67,2,66.82
43,50,6,62.22
87,39,7,76.36
58,99,3,74.29
50,92,1,61.41
64,62,5,72.26
95,40,5,76.98
84,49,2,62.83
47,43,1,42.92
65,55,6,74.75
64,70,6,80.05
76,57,2,63.66
49,49,1,45.54
44,70,4,61.0
93,78,7,98.55
88,71,4,80.07
49,93,5,77.0
92,67,3,73.12
89,53,2,64.33
47,81,8,80.65
95,37,5,74.76
67,72,4,69.15
99,51,3,70.27
71,100,4,85.12
53,38,8,68.08
64,44,8,76.45
48,100,6,80.86
96,64,7,91.28
52,42,8,69.86
66,85,3,75.02
47,51,5,60.69
59,40,2,47.89
53,99,8,91.24
59,44,1,47.49
91,40,4,69.0
87,64,1,64.2
40,46,4,53.21
81,63,4,76.26
50,50,7,70.61
72,43,2,51.33
49,94,2,63.82
69,40,4,58.88
71,78,8,92.98
89,51,2,61.56
56,81,8,89.62
88,73,2,75.21
56,57,1,48.29
53,66,3,57.86
72,49,3,61.88
61,48,6,64.69
44,72,5,68.43
59,88,1,61.77
85,74,4,81.14
50,96,4,74.0
89,35,8,79.29
59,83,1,63.21
55,40,4,56.31
71,68,5,78.21
47,79,4,67.59
92,38,5,69.86
46,98,4,72.15
46,54,4,53.39
51,97,6,81.21
42,57,1,43.42
44,68,6,66.61
72,91,8,99.01
67,58,2,56.65
62,56,6,73.1
74,87,6,90.07
53,61,3,56.77
55,72,7,77.19
65,39,3,52.36
98,56,8,94.64
81,43,3,60.96
93,95,8,108.17
60,75,3,68.64
79,81,2,72.4
84,99,3,84.76
80,81,8,94.89
88,63,7,87.38
43,37,2,41.8
79,59,4,72.76
75,80,7,87.4
47,84,7,77.48
48,70,3,58.7
43,99,1,57.98
51,35,6,59.04
70,61,3,64.01
50,96,4,74.92
88,41,3,64.15
42,97,4,72.09
96,50,6,85.09
83,47,6,76.56
62,81,2,67.37
65,39,8,75.64
96,70,4,79.51
46,56,1,47.63
81,85,7,96.18
63,84,4,77.18
90,63,3,70.83
47,53,8,70.7
82,57,6,76.79
41,90,1,57.35
52,60,5,64.63
93,72,3,76.52
93,84,4,87.58
93,40,2,58.53
73,71,8,86.74
41,90,3,64.38
96,100,8,108.86
67,77,5,76.17
64,54,2,55.31
64,51,2,53.42
98,86,1,78.88
99,90,8,106.24
88,84,7,94.72
41,92,6,77.98
55,71,2,56.31
69,51,6,70.82
85,44,1,55.47
43,85,7,79.57
47,95,4,71.06
81,57,8,88.7
63,53,4,63.98
80,82,5,82.17
56,98,5,81.52
94,79,8,100.05
45,58,6,64.94
95,73,8,99.61
100,100,2,87.29
87,55,6,79.38
42,99,6,80.09
60,100,6,88.37
40,59,3,53.64
81,40,1,50.94
83,80,3,75.35
68,93,2,72.56
71,94,6,89.61
45,67,5,63.51
65,69,8,87.92
41,74,4,60.96
47,91,8,89.61
52,64,6,68.58
48,70,3,57.33
81,86,1,71.51
49,84,3,63.2
78,92,3,82.9
92,43,5,74.06
70,77,4,76.48
54,99,2,69.67
94,42,4,73.26
77,81,2,70.27
82,68,2,66.83
63,69,6,79.15
87,75,4,82.93
79,93,4,84.32
73,64,5,73.48
51,57,4,56.67
44,86,8,85.0
85,100,3,86.42
63,88,4,74.82
85,60,3,68.43
64,84,3,73.02
75,43,1,53.68
59,100,3,75.64
87,99,8,104.45
68,45,5,63.44
72,37,7,73.66
73,37,1,45.06
67,54,6,73.05
83,68,5,78.27
69,62,1,55.22
60,86,8,87.43
85,90,5,87.89
69,100,7,97.58
66,62,8,85.62
96,53,4,72.88
72,88,8,93.92
91,86,5,89.97
76,59,4,71.22
80,49,6,78.03
64,49,1,51.56
88,50,6,77.28
85,76,1,69.58
48,72,7,77.35
76,35,8,77.89
60,35,4,56.11
69,78,6,83.08
54,97,1,64.85
67,44,3,59.15
59,93,7,89.13
47,88,6,79.83
51,53,4,55.79
94,48,1,58.14
93,60,5,79.69
100,46,2,68.21
78,58,4,68.88
83,91,1,74.14
75,93,6,88.35
90,79,2,77.59
92,64,3,73.15
44,40,6,58.63
65,89,3,70.86
84,69,7,91.51
46,48,3,50.13
97,76,6,93.81
53,77,8,81.13
81,40,4,65.04
97,51,3,72.78
98,72,6,92.58
43,81,1,53.12
49,46,8,67.14
41,84,7,80.01
90,35,2,58.98
73,36,2,53.82
92,36,1,55.89
69,82,4,73.74
62,42,6,67.25
50,63,1,48.11
92,81,6,92.94
78,49,2,61.18
85,45,6,76.12
78,40,4,61.4
52,50,4,54.56
41,96,1,60.26
91,71,3,76.29
64,97,1,66.18
65,73,4,71.69
97,69,5,89.22
66,54,4,61.52
60,50,4,57.38
60,53,3,56.33
67,64,4,69.63
79,54,7,81.49
66,39,6,63.02
96,74,4,83.53
50,97,2,65.27
40,79,5,67.81
58,79,1,59.64
48,83,3,65.89
66,98,5,88.32
95,60,2,67.26
94,72,5,85.93
59,42,2,49.44
91,92,2,80.03
57,92,1,60.74
68,99,2,73.1
90,61,7,88.87
88,56,5,74.94
46,97,2,62.9
49,88,7,83.78
56,92,6,84.66
56,70,3,60.34
69,47,2,53.01
44,97,1,61.81
100,88,2,82.14
48,54,5,60.3
57,94,4,73.87
45,65,2,50.52
70,66,4,68.04
95,91,6,95.67
82,37,8,78.78
46,91,4,72.39
92,44,2,63.8
61,94,5,79.78
95,86,5,90.6
83,86,3,80.49
53,46,8,72.27
76,48,2,57.8
82,46,8,81.68
58,80,3,66.4
98,56,4,75.86
62,100,6,85.93
74,79,6,86.83
46,77,5,69.03
75,59,6,77.85
48,88,6,76.78
43,53,2,43.58
85,99,1,79.0
68,56,7,78.62
90,47,5,77.66
86,83,2,74.97
89,84,1,70.92
99,76,6,95.74
50,54,6,65.37
60,68,1,57.13
100,82,6,96.61
82,80,8,98.81
57,98,3,71.38
72,97,6,89.64
44,96,8,88.79
73,37,7,70.98
62,57,4,64.36
89,62,8,90.49
85,63,7,87.18
51,75,8,83.92
62,64,2,58.96
70,78,6,84.09
50,99,3,69.03
49,62,1,49.0
65,94,3,76.22
47,51,4,55.97
54,51,3,56.38
57,97,6,86.91
82,76,4,77.65
48,98,2,69.28
81,53,5,76.28
56,82,2,62.0
63,68,2,58.64
99,44,4,75.01
45,72,7,77.4
94,73,5,86.39
80,49,7,80.51
74,50,7,77.69
82,58,7,84.69
95,52,7,84.38
89,46,1,58.06
90,43,2,64.19
58,57,3,59.23
45,56,4,54.75
48,62,8,77.27
47,53,6,64.54
87,45,8,87.12
76,88,6,89.26
57,83,6,78.71
65,90,7,88.98
100,70,3,77.0
52,73,7,76.02
76,85,2,69.68
54,38,3,46.04
40,67,8,72.59
56,44,6,64.32
78,87,2,74.53
74,82,5,80.54
87,79,5,89.24
93,92,3,85.88
45,65,8,77.3
75,36,6,67.54
50,62,2,51.26
79,62,4,73.69
72,65,3,68.59
80,92,7,94.18
62,98,6,90.46
91,65,6,84.41
43,72,6,70.38
98,62,5,84.61
96,94,2,85.35
70,40,7,71.57
55,47,6,64.61
57,100,2,73.47
44,58,2,47.62
88,90,5,89.0
58,78,3,65.88
70,90,5,86.11
59,59,5,68.95
47,78,2,58.97
90,61,4,77.55
80,81,4,77.45
81,62,8,88.24
51,79,6,78.65
69,95,1,71.23
80,100,8,105.97
61,84,7,88.35
92,40,1,54.49
81,94,6,96.95
79,42,8,81.88
64,77,3,70.0
59,73,1,59.75
56,76,3,62.11
74,62,4,69.55
46,49,8,69.93
90,44,7,79.06
88,86,6,92.9
93,46,7,84.18
92,87,1,73.65
50,90,6,81.3
43,55,8,72.49
100,73,8,100.2
100,95,4,93.35
73,71,1,62.59
50,59,8,75.8
75,83,5,81.97
69,84,8,91.22
83,74,6,83.83
83,79,6,90.87
77,51,7,79.17
98,53,7,85.79
89,74,6,89.14
61,79,3,70.46
46,75,2,59.06
58,93,1,63.88
50,68,1,50.71
89,92,7,100.42
72,69,2,63.14
98,72,5,90.47
49,45,7,64.93
69,72,3,68.57
93,90,3,85.33
43,90,3,66.29
96,56,6,86.92
97,49,3,72.3
96,57,4,79.48
46,57,1,44.82
71,93,6,87.66
87,71,6,84.59
48,35,1,36.3
41,82,2,55.06
80,78,1,64.3
72,79,5,78.3
80,95,7,98.46
99,54,6,86.06
71,43,3,55.2
43,41,2,40.58
51,72,6,70.28
89,87,6,92.56
44,55,8,73.98
92,40,6,78.83
73,83,4,75.61
52,83,1,60.11
49,100,8,92.83
51,73,2,56.67
64,50,3,55.06
68,55,3,59.84
55,53,4,60.39
85,88,2,79.99
61,60,3,59.22
76,95,3,82.39
79,54,8,86.19
44,79,4,63.04
100,75,6,92.29
88,61,5,81.42
58,54,7,74.56
78,90,2,77.18
51,94,7,87.56
56,82,5,75.93
90,58,2,69.11
94,68,3,75.56
91,95,4,88.87
97,46,7,87.07
71,37,1,44.47
64,70,3,66.2
75,37,7,73.36
78,68,8,87.53
87,49,1,57.38
52,76,8,85.15
66,74,8,89.73
85,56,5,78.2
52,79,2,61.01
44,70,3,60.26
54,84,7,83.48
75,54,2,58.37
75,95,2,76.49
92,87,8,101.29
94,43,1,59.87
64,92,7,87.54
57,44,5,61.95
58,51,4,62.43
44,52,7,68.61
65,80,1,63.83
59,68,3,60.41
72,59,2,60.54
91,85,1,77.03
61,79,6,81.44
81,47,5,70.94
74,66,7,81.09
50,90,5,76.56
74,70,5,76.09
77,83,2,70.69
65,73,1,61.98
45,44,2,41.34
57,42,7,68.7
96,59,4,75.07
58,65,4,67.51
85,85,8,102.43
87,75,8,97.67
55,42,2,45.08
53,46,6,61.36
82,42,4,64.34
57,47,3,51.9
76,38,3,58.36
65,97,5,85.22
85,87,1,74.02
90,46,6,77.72
41,93,7,79.51
44,88,4,68.42
58,68,6,76.56
81,99,5,91.84
64,78,4,71.32
45,39,2,41.72
72,78,7,90.72
53,40,7,64.11
93,81,4,87.89
46,68,3,59.61
97,83,2,81.64
40,73,3,56.06
65,66,7,79.26
43,97,1,58.19
53,40,4,51.57
62,87,8,94.43
87,79,8,98.82
53,35,1,38.87
89,94,6,97.88
96,89,1,77.16
82,50,2,62.64
91,92,6,97.02
91,43,6,80.58
93,81,5,88.47
68,65,8,86.82
66,94,8,95.47
72,53,7,79.97
43,89,6,74.66
46,35,1,34.41
88,55,8,89.8
76,72,5,81.41
70,49,3,58.69
85,63,1,61.93
41,66,5,61.92
89,70,5,82.61
96,82,8,106.07
75,79,7,89.51
41,68,8,75.37
80,63,7,86.01
41,95,3,68.82
94,54,4,72.65
71,82,8,93.64
80,56,7,79.62
53,44,8,69.47
89,40,4,66.38
51,96,3,68.0
62,71,7,78.43
46,37,6,57.94
66,38,2,50.12
89,81,2,74.02
55,96,7,91.11
49,90,6,80.23
62,64,3,62.39
86,41,2,58.87
54,79,2,62.49
51,40,7,63.87
82,59,8,89.4
55,61,8,78.55
84,100,1,78.36
69,76,5,77.51
96,83,6,96.62
49,77,6,73.22
83,85,3,76.55
49,36,3,45.95
46,46,4,54.94
76,81,6,85.97
49,93,3,71.46
44,94,6,76.25
63,89,1,66.39
75,75,6,82.26
52,86,3,66.62
67,42,5,62.02
66,72,7,80.41
50,89,2,65.91
96,52,5,78.47
87,86,1,71.96
57,59,7,76.12
97,88,5,91.46
52,70,6,70.54
69,61,6,73.7
98,48,4,76.52
93,62,6,83.85
98,50,1,64.91
55,92,2,69.05
58,76,6,80.22
90,70,1,65.44
49,85,2,60.18
59,85,2,68.18
85,43,6,75.15
43,56,3,50.56
53,89,4,71.6
70,73,8,88.5
73,61,7,81.9
93,96,7,101.6
40,46,2,40.55
94,100,4,92.58
40,60,3,50.41
78,78,4,76.9
55,51,2,49.9
95,73,8,97.6
53,75,1,55.45
73,98,8,97.54
43,95,2,61.54
46,67,2,52.76
58,53,6,70.97
53,92,7,85.23
47,75,2,58.46
68,77,4,73.86
79,56,3,64.22
57,63,5,65.6
90,38,2,57.79
74,75,1,65.49
42,71,4,62.66
87,93,5,92.23
81,76,1,69.72
78,100,3,83.52
54,64,7,76.86
66,62,3,60.25
71,63,6,79.94
74,44,7,77.08
95,55,8,92.45
43,100,8,89.66
94,70,2,73.5
48,40,6,58.54
100,54,8,93.01
54,86,1,62.78
63,57,8,80.36
67,46,1,46.96
53,95,8,93.96
46,71,1,51.16
60,89,4,74.95
40,69,3,56.07
45,84,7,79.47
52,82,2,61.41
83,72,1,65.79
92,94,5,93.0
47,79,4,64.04
53,68,3,58.68
54,81,6,76.26
78,58,8,86.2
99,74,7,96.55
70,44,7,74.5
83,93,4,84.18
58,35,2,47.8
70,97,3,79.56
97,91,5,95.68
69,36,8,76.75
82,61,5,77.78
73,55,8,83.29
48,40,4,52.93
77,71,4,73.17
47,66,6,68.04
57,54,3,59.12
42,59,5,58.67
82,55,8,85.51
96,38,6,80.11
99,36,7,80.26
54,44,6,65.27
60,69,4,69.08
68,65,3,67.39
65,41,1,45.93
64,66,5,74.67
94,59,2,69.36
92,83,7,97.22
52,78,6,73.75
42,89,5,72.85
81,70,1,63.23
92,66,7,90.33
93,37,8,85.71
47,98,4,75.98
91,83,7,99.73
85,100,2,80.11
54,87,8,86.94
91,69,6,89.42
49,41,7,64.27
52,58,5,64.32
57,89,3,70.41
98,82,3,85.91
40,68,3,56.26
67,79,8,89.21
58,76,3,64.99
47,93,2,65.39
79,40,4,64.77
40,80,7,76.52
65,89,7,90.2
97,56,8,93.88
72,63,7,80.31
85,56,8,90.47
44,59,5,60.16
41,81,7,76.17
98,63,4,81.6
97,56,1,66.1
81,95,2,80.67
62,44,5,63.78
79,92,6,95.33
83,48,5,69.66
86,36,1,52.68
73,77,2,67.54
70,97,6,88.58
40,83,7,79.51
55,84,8,88.45
72,85,3,72.16
97,82,3,83.74
48,84,6,77.99
94,84,4,86.2
85,38,3,63.61
42,58,2,49.57
53,92,4,71.34
47,68,1,49.96
74,89,8,94.42
61,71,3,67.4
48,70,1,48.59
49,83,8,83.52
53,48,3,54.21
56,66,8,79.85
54,97,2,66.45
84,58,5,78.38
80,80,7,91.47
44,94,8,86.17
78,50,1,54.57
52,70,3,59.27
91,78,1,72.3
76,75,5,81.6
67,61,8,85.27
87,67,4,77.1
100,86,8,105.42
100,43,3,71.68
75,35,3,55.16
58,95,3,73.02
41,78,4,63.82
65,47,3,55.7
70,35,3,56.75
57,42,2,50.38
63,60,2,60.01
83,98,3,86.37
93,73,4,83.83
44,39,6,56.42
46,48,6,62.97
88,83,1,73.28
49,90,5,77.02
81,97,4,86.56
62,48,6,69.57
78,51,4,67.24
72,78,1,62.47
82,68,6,81.57
49,38,3,49.68
65,69,5,71.93
77,67,4,71.22
41,57,8,72.71
99,59,8,94.81
44,50,6,59.11
88,85,2,75.69
72,95,7,96.78
51,76,4,68.98
99,86,2,80.24
50,72,8,78.57
84,51,7,79.71
63,35,1,43.82
70,92,1,70.18
75,73,2,67.67
56,68,4,67.92
49,88,3,69.0
40,77,5,66.29
59,83,5,74.66
61,61,3,59.64
93,99,4,91.97
47,61,2,49.39
46,66,4,60.47
85,40,1,51.71
40,50,3,49.96
47,79,3,63.18
88,39,4,66.25
98,46,3,70.99
94,76,7,95.84
65,89,8,95.72
46,92,8,84.83
78,47,6,71.96
70,74,7,86.02
92,59,6,84.53
47,55,6,65.99
55,88,5,76.35
88,93,2,83.3
87,39,4,66.6
58,62,5,69.55
83,49,4,70.49
90,73,8,99.54
97,59,3,71.59
46,88,6,78.25
49,58,2,50.1
65,40,5,64.61
63,72,6,79.35
66,57,2,59.42
62,56,1,53.19
88,66,8,90.81
85,56,6,82.08
90,51,4,70.92
81,66,8,90.11
49,57,7,70.19
93,62,5,81.99
84,49,2,62.67
78,69,6,80.49
48,72,8,78.31
42,73,5,63.08
68,74,7,83.52
51,94,7,86.31
89,61,5,81.33
62,95,7,93.59
64,92,7,92.51
54,80,1,55.82
81,54,8,84.61
98,84,5,92.5
69,85,6,85.86
48,77,1,54.66
80,94,4,85.34
51,46,4,53.26
74,81,4,78.42
65,74,8,89.09
60,79,8,85.71
58,36,3,52.27
64,65,8,83.12
42,87,6,77.62
75,43,1,51.08
54,86,5,76.92
78,98,2,79.16
55,68,5,67.86
65,37,7,69.2
59,64,1,50.57
51,79,7,78.16
91,92,6,96.86
90,64,4,78.64
87,45,3,66.47
48,88,3,64.88
97,92,1,78.7
77,88,8,99.76
99,41,2,64.69
49,91,7,83.3
51,66,6,72.12
75,60,4,67.73
41,86,4,67.83
99,47,2,65.43
62,65,8,85.44
90,85,2,79.14
79,85,3,75.93
47,72,6,70.53
94,80,6,92.56
70,65,6,79.0
97,93,8,107.45
58,48,2,52.33
74,64,7,81.24
96,58,4,76.52
89,70,7,90.84
57,38,7,65.66
70,40,6,70.29
43,52,1,43.79
69,79,6,80.69
92,40,2,62.87
43,47,8,70.08
94,43,2,65.67
91,75,6,88.76
73,52,2,60.73
81,79,5,85.92
63,85,2,67.91
95,96,8,106.93
72,84,7,88.96
97,71,4,83.59
90,78,2,75.28
88,53,4,74.74
62,98,3,76.22
74,36,7,71.55
56,84,2,62.94
55,80,1,58.09
53,86,7,85.01
77,97,4,88.01
40,41,2,43.18
51,65,3,60.92
61,68,3,64.58
66,97,4,84.04
78,95,7,98.7
67,65,2,63.46
59,85,4,73.41
48,40,3,47.42
51,78,8,81.54
42,45,5,55.93
87,76,3,77.8
63,46,7,73.34
44,41,7,61.91
92,68,1,65.65
53,67,1,49.05
72,58,8,83.48
52,66,3,58.35
63,95,5,83.5
73,56,1,58.57
55,43,8,71.43
73,83,2,68.39
81,100,8,104.67
71,81,6,82.52
65,86,8,91.35
99,39,4,72.73
99,39,6,77.71
83,76,3,77.94
71,97,3,79.16
93,57,2,69.25
83,64,5,76.6
74,43,4,62.46
55,64,7,76.57
81,69,4,73.02
96,52,7,85.3
61,35,1,43.63
74,59,3,63.09
77,88,1,72.54
65,62,2,60.02
42,72,2,53.92
98,65,2,74.59
56,93,8,92.54
100,56,6,85.45
43,79,8,78.69
46,61,4,55.98
53,38,2,45.72
76,77,7,90.66
64,67,5,74.5
88,97,7,103.76
84,98,8,103.43
65,58,4,67.45
52,86,1,61.08
64,95,5,84.93
88,35,1,50.73
83,56,8,88.69
44,97,8,87.57
70,53,7,74.79
62,73,3,67.39
66,78,3,66.83
81,81,4,82.79
66,36,3,53.35
93,55,4,74.83
77,58,6,79.08
57,97,7,89.21
89,45,4,69.32
62,70,6,76.05
48,98,4,75.85
97,54,5,79.7
45,91,6,76.22
47,76,5,68.76
92,91,4,90.28
64,93,7,92.35
60,67,5,68.24
41,56,1,44.73
84,86,3,77.45
96,44,5,77.93
56,89,6,83.71
81,48,4,67.03
92,74,8,97.11
97,59,1,65.48
84,58,6,77.87
67,54,3,59.28
51,38,7,61.74
54,80,5,74.66
71,43,7,71.58
73,87,1,65.44
95,80,4,85.5
50,68,1,48.35
76,72,6,85.78
88,50,1,56.36
46,39,7,60.91
72,57,7,81.13
92,58,5,80.39
64,36,5,57.66
71,98,2,73.51
76,55,3,64.91
87,50,8,84.43
100,61,8,98.17
61,88,7,84.81
91,50,3,68.05
83,58,6,77.51
67,74,5,76.11
49,36,7,61.23
47,41,6,57.75
99,69,8,98.25
83,56,6,80.37
88,55,5,78.56
96,47,8,90.07
75,95,4,81.83
53,88,8,85.54
70,77,5,78.53
48,68,3,59.03
40,42,3,45.02
40,65,5,60.88
46,44,5,55.54
81,78,8,93.59
89,90,3,82.99
97,48,8,90.82
86,89,3,83.58
90,54,8,92.27
73,40,7,73.25
46,64,4,61.89
91,82,2,75.04
81,35,7,72.56
58,41,6,63.26
45,92,7,82.05
72,39,8,78.59
76,72,3,70.24
58,60,5,68.07
43,68,3,58.71
77,100,7,100.48
85,39,8,79.94
84,98,5,90.36
73,73,5,81.12
44,50,6,59.63
79,63,5,78.45
78,35,3,58.33
81,97,5,89.78
95,56,5,81.72
73,40,1,52.05
82,37,3,57.32
40,97,5,77.43
44,65,7,70.32
95,75,5,88.67
74,60,4,69.86
91,42,4,68.37
71,39,3,54.91
100,70,5,87.6
99,61,7,94.4
41,38,4,48.88
40,83,1,53.99
73,70,6,81.68
49,83,5,72.98
62,39,2,46.06
76,67,1,61.43
60,69,4,66.42
96,52,7,88.9
42,81,3,61.28
88,60,6,82.53
64,100,4,79.12
61,84,5,75.57
45,42,6,59.11
44,51,1,40.69
90,68,4,79.87
68,72,1,60.24
89,88,4,87.36
81,47,5,68.28
77,58,1,55.43
56,82,4,72.12
90,74,4,84.5
62,67,2,58.58
47,62,6,67.18
93,39,4,66.42
40,86,3,64.24
75,81,1,65.39
63,59,7,74.53
56,89,6,82.5
46,99,6,81.46
80,81,6,89.82
61,86,7,88.02
93,73,8,99.16
54,70,4,65.66
60,48,1,47.21
45,99,6,81.87
97,96,3,87.42
95,37,6,75.17
99,83,5,89.86
99,37,5,73.63
95,98,3,86.63
74,61,2,60.65
46,44,3,47.66
44,91,2,59.79
54,54,6,66.98
40,67,5,60.03
89,93,6,98.06
85,69,1,68.27
93,59,1,67.45
53,79,3,67.21
42,66,2,53.35
90,86,8,103.5
54,75,3,66.0
85,54,4,70.52
82,35,5,67.56
68,85,7,87.9
78,48,7,76.97
41,38,5,50.22
53,68,7,76.72
56,100,3,76.73
78,64,5,75.44
85,67,1,67.11
88,67,1,65.49
67,52,3,57.35
42,40,7,59.94
65,38,3,54.29
69,82,2,70.53
82,67,2,69.24
100,47,5,79.43
64,54,6,71.89
94,54,2,67.08
55,83,2,65.68
88,48,5,75.36
90,54,7,84.79
94,76,8,98.26
88,62,3,72.96
82,89,7,96.56
88,72,3,74.91
92,80,2,76.53
90,42,6,76.45
56,37,3,50.02
95,67,2,70.73
60,44,6,65.24
64,52,3,55.7
46,87,6,75.39
57,43,6,64.36
94,40,4,66.97
82,99,5,90.9
74,84,1,68.18
56,37,8,71.85
100,50,1,62.26
74,68,6,81.34
78,38,5,67.75
76,36,3,56.08
79,64,2,64.28
43,82,5,70.74
48,83,8,86.09
65,57,3,59.17
86,58,3,72.56
66,87,5,80.2
69,65,1,58.32
76,46,7,76.76
60,73,4,69.01
69,72,8,89.65
56,98,3,71.05
42,77,7,73.29
43,39,4,50.24
87,89,4,83.77
66,60,1,52.92
93,62,2,67.77
51,57,5,63.89
81,43,1,55.7
56,86,7,82.54
70,65,7,83.68
59,88,4,73.88
77,81,1,64.31
60,81,5,74.08
71,40,2,54.01
87,79,3,76.33
42,85,1,57.15
60,94,8,94.25
91,72,8,95.98
98,81,1,76.53
58,71,2,59.82
52,92,2,63.83
54,91,6,79.7
95,81,7,99.78
96,42,7,80.87
43,53,2,47.06
93,98,1,78.52
46,62,2,51.3
44,85,4,67.84
47,48,8,71.11
66,90,5,79.55
49,67,2,55.92
87,93,4,85.19
51,41,3,49.87
70,83,1,66.13
48,60,6,64.82
50,50,7,65.78
93,38,2,59.92
83,89,3,78.06
68,48,5,64.45
78,53,4,68.06
84,83,1,72.81
98,71,2,73.01
41,47,2,45.1
82,91,2,77.16
90,70,3,75.55
97,69,6,87.6
60,57,5,68.35
49,72,2,56.8
58,35,4,52.25
50,57,2,51.3
89,74,1,71.24
51,76,1,54.39
61,38,6,63.46
62,50,7,72.15
90,93,2,82.74
44,64,4,61.94
99,58,6,86.11
60,76,5,71.63
64,59,5,68.31
65,78,8,91.31
76,37,5,64.18
53,66,7,77.22
63,46,8,76.61
42,78,4,66.75
72,84,4,77.71
100,73,5,88.19
75,64,5,78.39
46,81,7,80.32
47,61,2,49.26
64,35,4,53.15
85,69,1,65.09
85,41,1,55.46
81,94,5,92.25
80,82,5,84.82
46,75,2,55.18
43,74,8,76.16
56,78,3,65.91
73,97,7,96.67
66,74,4,69.28
46,60,6,63.41
66,79,8,92.07
57,47,6,67.38
97,71,8,101.23
77,37,4,61.13
68,80,3,68.31
60,43,4,59.54
54,95,6,83.11
56,73,8,81.94
47,73,3,60.9
51,93,5,79.16
87,78,6,89.93
99,93,6,99.38
52,36,4,51.7
64,71,7,82.43
81,74,3,73.34
100,49,4,75.03
75,90,5,86.94
42,96,3,64.21
76,38,2,52.77
49,70,2,52.67
53,91,7,85.94
100,79,7,99.07
66,58,6,75.95
40,58,6,62.17
96,77,7,97.72
81,65,3,69.69
71,41,4,61.43
78,59,2,62.98
100,81,3,85.99
82,50,3,64.14
98,70,4,82.98
81,95,2,77.72
81,81,3,78.96
99,91,5,96.5
82,56,6,77.01
82,80,4,79.8
89,72,4,81.09
40,57,2,48.25
85,51,6,75.72
89,61,8,92.47
84,58,5,76.23
98,77,3,83.78
81,35,6,73.36
71,56,3,61.53
61,72,1,55.25
72,64,6,79.28
68,51,2,57.49
50,73,5,68.03
98,96,2,85.38
95,73,6,89.87
69,89,4,77.06
86,57,1,63.3
64,45,6,67.33
99,44,7,86.98
78,61,1,59.47
84,48,6,74.95
49,60,7,70.31
75,44,8,79.02
57,57,2,54.87
54,49,1,42.79
71,37,5,62.02
59,95,4,75.46
44,37,5,52.54
41,94,7,79.75
50,39,3,49.01
53,36,6,60.43
61,49,1,45.1
59,38,4,57.34
57,85,2,67.18
84,61,3,68.95
50,83,8,86.65
60,42,1,47.37
98,97,2,88.53
51,63,2,50.62
53,66,3,60.13
80,87,1,71.16
90,52,7,85.6
88,39,6,77.25
58,70,6,74.88
72,86,1,66.51
71,97,6,88.36
94,94,6,101.27
42,60,8,70.27
92,66,1,68.45
71,72,3,66.83
79,57,7,81.62
65,93,8,95.17
67,82,3,68.9
46,58,6,64.59
66,89,8,94.93
87,70,2,68.89
95,92,7,100.62
58,89,2,66.3
44,85,5,74.26
93,36,8,86.35
94,41,6,76.7
45,92,8,84.01
78,71,3,73.08
45,82,7,80.81
68,89,6,87.17
46,93,7,81.74
58,90,4,77.16
43,57,6,66.81
72,49,5,67.56
64,41,5,59.75
53,78,3,62.39
45,72,2,55.25
41,81,4,64.12
94,52,4,72.7
98,38,1,59.57
81,98,4,87.05
86,36,1,53.41
65,98,4,81.13
48,66,1,51.05
64,96,1,68.94
43,84,8,83.02
47,82,5,68.9
69,67,7,82.56
77,73,1,66.39
60,35,1,42.55
57,85,5,79.66
43,78,2,55.77
71,68,3,66.17
67,46,5,62.67
44,51,5,60.27
100,96,1,85.16
49,66,2,51.77
43,55,8,69.86
73,54,7,76.87
70,97,5,89.2
52,82,6,75.79
99,95,4,94.96
75,79,3,74.14
54,44,4,57.31
42,89,4,66.19
48,74,1,54.32
61,83,6,81.38
56,65,5,66.33
79,41,4,61.87
89,84,5,86.85
92,49,8,91.05
75,82,5,84.18
74,59,5,74.8
48,60,8,76.2
68,93,3,74.13
90,65,6,86.86
76,76,2,68.38
45,47,4,52.52
81,81,6,88.95
80,100,3,82.21
43,39,6,54.13
44,88,3,67.11
63,81,2,68.56
74,97,7,94.49
44,68,6,71.52
46,72,3,57.64
97,91,3,85.8
89,97,8,104.15
87,73,4,77.89
98,100,4,94.47
63,38,7,67.15
81,74,3,72.2
50,90,3,67.86
96,43,1,59.87
88,48,5,73.7
60,51,4,60.86
72,77,1,64.96
57,82,2,63.04
92,69,8,98.56
80,35,6,69.34
40,72,2,53.09
61,47,7,69.61
93,74,8,97.16
70,42,1,49.96
71,74,6,82.76
76,56,7,78.96
69,75,6,82.07
90,68,1,64.98
59,61,4,61.93
51,94,3,71.76
60,77,8,87.7
92,44,7,84.54
76,79,1,65.1
65,91,1,66.02
48,82,2,60.77
99,67,5,86.5
89,88,4,84.32
78,100,8,100.59
73,69,2,67.4
74,74,4,78.08
100,97,2,86.23
59,61,4,66.81
52,62,8,79.7
67,76,6,79.07
84,78,2,74.65
73,50,6,72.51
50,47,1,41.15
91,52,8,88.36
73,88,2,70.17
87,47,5,74.02
99,95,8,109.54
89,93,1,74.54
82,77,5,81.3
67,62,4,64.92
95,59,5,82.1
54,35,4,49.97
52,36,3,44.36
78,60,1,61.85
90,64,2,67.11
94,90,6,100.17
67,58,8,82.91
99,85,5,91.68
44,96,2,64.67
70,90,2,74.25
58,48,1,45.9
42,93,8,83.45
99,70,2,78.03
45,84,7,80.46
61,98,4,80.83
60,59,7,72.94
96,97,8,112.11
69,61,6,73.99
77,82,7,89.14
64,87,6,84.23
43,49,3,49.27
61,45,1,48.18
57,67,5,66.84
88,38,8,81.6
48,47,2,43.69
75,80,4,78.43
42,49,8,71.22
53,69,1,54.99
51,58,4,60.33
91,95,1,78.36
64,39,7,67.59
47,53,8,69.33
79,78,1,64.58
55,54,3,58.42
52,65,2,51.8
64,91,5,83.87
97,97,4,96.05
52,80,1,54.45
99,67,1,70.03
89,41,5,69.07
51,51,6,67.11
86,58,8,92.51
85,38,4,65.91
97,73,5,87.74
71,65,2,65.14
72,70,1,62.41
68,81,3,71.64
56,86,2,64.44
65,76,5,78.31
65,44,4,62.59
70,86,8,94.93
83,60,6,80.83
78,91,7,97.58
84,35,2,56.69
82,98,1,78.47
81,75,4,79.1
100,81,2,78.29
75,72,1,63.82
92,85,2,77.5
69,55,1,51.85
61,39,3,53.83
81,48,8,82.18
77,75,1,67.22
86,36,4,65.52
67,51,5,68.48
40,69,2,48.84
53,83,4,70.39
65,74,6,76.76
76,93,2,78.53
47,70,8,80.22
49,79,2,58.73
43,89,6,77.15
54,82,8,89.27
76,43,7,77.17
50,91,3,67.12
58,69,5,68.87
68,89,1,69.49
72,67,2,60.83
44,76,5,65.86
52,58,8,78.09
80,82,2,73.97
72,39,5,66.23
61,69,1,57.83
40,55,1,39.55
66,59,5,71.39
45,84,6,76.35
98,50,3,69.56
87,69,3,75.72
48,55,1,43.61
67,44,6,69.27
61,52,3,55.47
92,36,3,64.66
54,100,6,86.0
88,65,4,74.94
84,95,2,80.59
74,68,4,75.28
91,62,6,85.47
93,49,1,58.17
55,55,5,66.82
93,64,2,73.34
46,40,2,42.13
94,78,2,73.88
98,78,7,97.87
85,74,1,69.84
80,45,6,76.94
86,51,1,58.9
97,96,8,111.39
66,74,7,81.94
51,89,6,79.77
97,85,1,75.55
66,77,1,58.44
44,58,2,46.38
51,41,6,58.04
88,48,3,68.56
99,61,7,90.73
59,84,2,67.98
90,85,3,81.68
98,73,1,69.47
96,38,6,77.46
62,40,1,46.55
87,80,1,73.1
99,67,8,100.98
97,71,3,77.59
50,85,2,61.21
78,73,7,89.58
44,43,7,64.71
55,70,2,58.81
55,84,1,58.72
98,62,5,84.95
53,42,8,69.71
92,48,5,73.45
44,90,5,73.32
74,66,3,70.0
90,64,6,85.85
67,92,1,68.68
71,50,5,70.61
73,57,4,65.25
82,96,4,86.44
97,86,1,79.8
65,51,4,65.26
81,89,2,78.03
45,40,2,43.43
92,64,8,94.92
86,96,6,95.34
50,59,4,62.27
45,66,5,64.33
58,72,5,70.11
55,82,2,63.13
98,73,4,81.95
66,85,8,93.81
87,98,7,102.07
82,38,8,80.59
42,92,3,66.85
89,52,3,66.67
58,94,5,78.93
53,76,5,71.44
87,55,8,88.14
90,83,7,96.99
50,48,4,56.14
76,40,1,48.22
90,81,1,74.35
80,60,7,82.01
74,54,7,78.1
62,42,7,67.11
71,59,3,62.99
44,99,8,89.74
69,44,6,70.99
65,55,7,74.06
75,71,2,64.01
57,100,3,74.63
58,36,5,55.3
62,56,3,56.92
69,73,7,85.73
53,87,5,78.21
100,53,3,73.65
87,56,8,91.2
91,53,6,79.19
65,90,3,71.39
72,73,2,65.96
94,62,7,89.98
89,90,3,83.39
79,51,4,67.33
40,41,5,54.23
70,86,6,85.94
53,93,5,76.39
98,37,7,83.8
62,77,3,66.1
73,70,7,83.57
95,53,3,72.35
87,85,1,73.13
88,56,2,67.06
60,65,3,64.42
57,85,2,64.83
45,67,8,74.6
99,74,4,85.23
89,73,6,87.67
73,54,6,73.15
49,73,8,80.01
66,44,5,64.17
42,62,5,61.72
58,36,1,40.2
69,47,4,65.35
60,38,1,45.16
79,91,6,89.84
57,61,6,72.61
83,96,5,90.39
93,97,1,82.87
57,54,8,79.37
63,72,1,56.23
99,40,4,71.81
73,38,1,50.47
94,70,3,76.21
93,66,1,66.16
51,83,8,82.96
40,57,1,42.96
56,78,3,63.9
51,85,4,72.24
66,82,1,62.46
64,54,5,68.34
46,76,3,62.52
46,64,1,45.22
66,62,8,85.54
75,89,7,94.05
69,39,5,62.13
74,93,7,94.7
70,87,1,64.52
63,81,3,71.54
94,58,5,83.66
40,63,4,56.96
54,54,5,65.12
86,75,2,70.33
78,40,1,49.82
97,47,2,64.58
61,36,8,72.1
60,65,7,76.49
62,76,8,89.94
70,79,8,89.43
67,82,6,84.98
90,85,1,75.71
90,81,1,70.16
65,91,5,84.5
52,51,2,46.86
97,65,2,75.53
91,46,6,76.56
64,80,6,79.78
86,92,7,101.61
84,75,6,88.95
80,64,4,72.81
53,60,4,64.04
40,82,4,65.73
100,43,5,78.42
77,38,7,73.75
95,64,5,84.66
74,99,2,79.63
58,61,6,72.77
84,91,2,79.39
70,53,8,81.51
60,97,2,73.25
67,94,8,95.19
49,77,4,67.48
77,75,8,92.2
40,69,2,49.27
74,83,5,80.52
74,62,4,68.35
96,46,5,74.45
99,89,2,84.94
74,52,7,76.75
74,85,4,76.87
78,42,5,66.65
55,87,3,70.15
80,64,4,74.27
56,37,4,55.19
78,39,3,58.73
61,88,2,67.51
83,42,1,54.89
57,98,2,70.01
73,66,1,59.35
75,94,5,88.29
59,58,7,76.16
90,37,7,79.63
56,45,2,48.18
81,49,8,84.92
96,75,6,90.86
69,79,4,75.9
56,50,6,69.04
86,69,4,80.73
81,94,7,99.58
93,91,8,107.38
92,54,2,65.83
52,69,8,81.38
55,94,1,63.2
50,78,7,77.68
88,88,1,76.48
70,44,4,60.03
83,47,6,78.26
66,57,6,70.82
99,83,8,103.43
93,78,4,81.95
81,87,8,99.31
48,90,5,78.03
75,59,1,56.45
67,87,5,82.16
53,85,8,87.58
49,81,6,73.18
75,89,3,79.36
47,65,1,48.19
78,65,8,89.4
58,89,4,72.64
99,39,6,79.83
96,99,3,89.98
83,44,6,73.95
80,53,6,74.29
92,89,1,74.93
80,51,7,78.48
69,72,3,69.53
53,71,6,76.56
72,59,5,71.85
55,55,2,50.93
89,97,6,98.1
69,62,6,78.95
50,78,6,76.62
45,75,5,65.41
92,36,3,65.13
84,63,8,93.25
95,97,1,80.14
85,98,4,92.08
87,48,7,82.63
65,69,1,55.29
44,69,4,62.41
52,84,7,83.47
40,98,8,87.77
52,39,4,54.6
97,61,1,66.85
77,68,2,64.63
81,47,5,68.57
100,75,1,72.46
85,84,7,93.73
96,62,1,64.21
85,84,2,73.4
57,87,1,63.96
57,99,1,66.47
71,88,5,84.96
51,89,5,73.04
83,85,2,72.61
70,35,7,72.8
77,98,6,93.57
42,56,4,52.28
80,87,8,100.45
63,84,3,69.51
48,88,2,60.9
89,88,5,90.61
52,35,8,67.75
71,69,1,59.33
82,54,3,64.75
67,83,5,80.81
44,47,4,49.54
91,73,3,76.16
45,53,5,61.05
69,100,4,85.31
71,40,4,63.05
48,60,6,67.04
79,93,8,102.98
66,39,2,50.07
96,67,3,78.39
42,87,3,60.71
51,35,1,36.03
85,44,5,73.26
89,41,5,71.34
85,51,8,85.49
93,85,8,102.57
50,42,6,59.03
55,72,6,73.39
55,89,5,79.21
49,54,2,47.13
56,48,6,62.63
84,65,2,66.42
92,83,1,71.14
91,51,7,87.6
88,38,2,58.13
42,45,6,58.65
65,93,5,82.64
85,56,5,77.52
46,71,8,78.68
98,97,3,92.87
56,35,8,67.92
69,35,1,47.43
65,67,4,67.51
76,65,5,76.09
64,57,4,62.84
78,65,2,65.59
53,63,7,72.67
88,99,8,109.64
83,40,1,53.66
96,75,2,77.54
43,45,6,58.64
40,90,5,71.71
43,41,6,58.75
63,41,2,48.5
53,41,5,58.57
88,47,2,63.99
74,71,2,65.7
92,38,5,72.52
55,37,3,48.71
61,73,8,86.69
74,97,5,89.08
73,70,3,66.81
68,69,8,88.5
42,42,2,43.49
52,86,4,73.3
84,87,4,81.74
52,62,5,64.51
74,37,2,51.24
70,79,3,74.31
61,70,1,59.01
97,50,8,90.47
56,43,8,70.77
94,74,4,82.2
92,74,7,92.12
55,39,3,47.88
85,97,5,91.09
42,54,2,43.46
80,70,8,91.4
78,92,3,82.54
69,61,6,74.97
64,89,4,74.77
98,87,3,83.03
61,59,7,77.54
67,96,7,92.59
45,62,6,69.78
63,62,6,75.05
57,64,2,55.83
62,84,2,65.78
98,38,3,66.12
94,83,5,93.35
62,73,8,88.47
70,77,1,59.85
41,81,1,50.93
42,95,6,78.23
97,38,3,65.56
98,79,5,90.4
68,35,3,54.0
92,48,7,83.21
83,68,4,78.97
53,64,2,55.81
68,77,3,67.2
81,97,4,90.06
63,68,1,54.83
46,89,4,71.44
84,98,4,86.4
52,92,3,67.0
56,58,5,67.2
80,61,3,68.83
91,76,2,72.69
88,36,5,68.87
98,51,6,81.21
59,50,3,56.21
67,80,2,64.15
83,52,6,75.46
56,87,4,72.88
57,66,1,54.0
71,36,8,77.14
46,80,1,56.51
53,35,1,37.43
80,96,1,75.94
45,40,7,59.02
50,53,5,58.54
75,92,7,93.8
57,48,8,72.71
61,57,3,59.56
63,99,5,84.92
100,65,2,76.62
81,92,1,74.22
55,36,1,43.31
64,40,7,71.38
83,46,2,58.73
100,95,6,100.76
95,66,7,92.52
72,100,2,75.2
90,78,7,96.39
87,63,7,88.62
63,40,3,53.84
47,55,4,56.82
95,36,2,60.46
100,35,5,74.35
96,74,3,78.84
65,59,8,83.0
62,72,8,86.1
43,72,3,58.99
62,55,4,64.54
57,58,8,77.24
50,65,5,66.13
96,38,8,87.78
40,38,8,63.81
78,96,8,103.56
61,93,4,79.51
55,72,3,60.34
49,42,5,58.87
99,96,4,92.76
61,48,3,55.96
69,39,7,72.97
75,41,3,59.42
88,84,1,75.69
67,90,8,96.26
65,89,1,63.12
41,80,5,68.85
41,72,2,53.62
40,88,2,60.22
50,90,3,66.79
70,86,4,78.44
45,72,4,59.92
92,41,6,79.49
95,64,4,80.93
88,95,5,95.23
92,83,8,103.03
78,99,8,104.97
88,60,1,62.08
64,65,3,65.16
78,36,4,60.74
47,86,1,58.76
80,84,5,83.59
54,69,8,81.81
51,45,1,43.31
51,39,2,41.53
94,94,1,77.7
63,88,2,68.2
80,60,3,70.83
90,82,8,99.92
55,95,7,88.52
48,64,2,50.78
90,81,2,75.42
87,41,7,77.9
48,40,1,37.65
48,98,6,83.18
92,84,3,81.25
92,88,4,90.5
48,59,7,68.68
94,84,5,90.23
45,78,5,67.49
79,43,6,74.42
70,73,5,79.65
42,50,5,58.18
88,83,1,72.24
65,71,7,82.48
72,58,2,61.1
41,100,5,74.41
47,78,4,63.08
86,77,7,90.29
47,92,6,77.82
44,37,4,48.18
55,83,8,89.73
79,89,7,95.24
66,45,8,75.07
42,75,2,57.75
90,67,6,88.94
99,83,3,83.4
93,48,2,65.85
95,74,3,80.56
60,35,4,56.18
66,40,4,56.19
40,41,8,66.11
88,85,3,79.88
53,67,4,65.99
62,61,1,52.31
96,46,5,79.21
94,39,2,63.55
63,87,4,76.4
100,40,3,65.24
62,43,3,54.62
61,74,2,63.55
92,53,6,83.03
46,99,4,72.79
92,42,4,68.64
60,76,2,64.33
63,85,1,64.58
43,80,5,71.67
68,78,1,63.14
85,49,4,72.46
91,51,7,85.49
45,60,3,51.42
65,41,8,73.93
51,58,3,58.49
47,58,6,68.2
60,47,7,72.68
86,57,1,63.46
40,63,7,70.8
79,97,5,91.63
97,85,5,89.9
49,92,5,74.23
67,58,4,68.59
52,84,8,83.71
95,40,7,80.61
91,99,6,97.1
65,59,6,73.11
56,45,5,62.31
46,93,6,82.55
47,47,5,60.34
61,38,5,58.45
41,41,1,36.72
84,40,5,70.19
46,48,7,63.7
79,56,4,69.34
99,99,8,109.23
78,85,7,90.31
99,37,4,69.66
58,54,6,71.26
44,43,1,40.82
52,56,5,63.26
53,99,1,63.33
69,80,8,88.72
70,69,4,69.62
48,35,8,66.46
89,38,7,81.69
78,80,8,94.45
90,85,3,81.22
75,89,1,66.91
41,80,1,51.37
98,98,5,99.34
78,81,5,81.06
72,48,2,58.59
68,100,2,76.05
72,42,6,70.93
90,100,8,107.65
80,46,3,63.23
80,65,4,73.89
75,87,4,79.58
66,75,7,82.96
44,54,4,52.29
57,63,2,58.27
80,41,7,76.76
96,75,6,94.36
67,70,2,61.18
58,85,1,62.03
51,91,6,79.26
97,84,6,95.69
71,49,6,72.16
55,92,8,88.38
67,70,4,72.86
80,62,1,61.32
61,40,3,52.89
45,52,2,45.38
95,43,1,57.5
78,86,1,66.61
78,35,5,62.7
81,39,5,70.01
62,94,6,88.1
41,54,1,40.27
91,54,2,65.22
70,80,7,86.2
41,43,1,39.33
91,94,7,104.81
99,93,3,89.61
54,69,3,59.76
63,41,5,60.21
53,35,4,51.24
63,84,3,71.05
63,59,6,75.41
48,57,3,55.31
97,88,2,83.53
82,37,3,62.54
73,90,1,71.56
61,66,2,60.68
72,37,3,52.81
57,41,3,48.41
66,84,6,86.15
80,65,7,83.3
64,69,1,58.49
76,83,6,87.77
59,90,7,87.15
79,41,3,57.57
97,81,1,72.71
53,83,6,77.48
46,92,7,83.54
76,37,6,72.2
61,36,5,56.9
67,100,3,79.11
53,93,2,65.99
88,52,4,72.28
75,43,4,63.8
46,90,2,61.52
100,70,8,99.9
58,74,5,74.62
60,94,5,83.22
71,43,4,64.39
90,54,6,80.18
89,95,4,90.88
100,41,1,59.74
76,98,4,87.28
94,89,8,104.22
94,100,2,85.08
50,86,8,83.63
72,86,3,77.18
42,49,8,65.76
53,82,4,72.61
73,82,3,74.72
48,98,3,67.58
92,39,7,79.78
45,94,3,64.97
83,67,8,92.71
88,98,6,98.83
57,50,8,77.65
77,56,4,69.85
76,40,1,50.04
88,80,5,86.8
65,66,8,83.65
65,100,7,91.13
88,38,2,57.29
55,61,8,79.42
40,62,1,45.12
56,54,4,58.64
98,53,8,90.43
46,67,4,59.02
100,45,3,71.53
62,75,3,69.36
85,98,3,83.81
74,52,7,75.68
64,81,1,63.69
60,47,6,64.52
84,96,4,90.2
79,48,4,67.47
96,43,8,85.71
60,36,2,49.13
40,91,6,79.2
95,55,8,94.34
68,45,8,79.68
61,41,2,48.41
61,45,5,59.42
100,38,3,69.86
70,61,4,66.32
91,41,6,76.99
86,42,6,77.11
51,36,2,41.78
53,88,3,70.38
56,92,6,80.68
95,63,6,86.71
69,100,2,77.56
53,48,3,54.28
84,92,5,91.27
94,38,4,69.94
44,86,6,76.37
48,68,4,61.11
76,77,6,82.76
57,56,5,66.62
78,90,4,81.71
85,85,8,99.43
57,72,7,80.25
68,84,8,91.46
92,72,8,97.21
50,58,4,58.6
62,97,7,93.05
84,49,3,63.35
90,47,5,76.07
90,46,1,60.27
70,96,2,73.27
100,35,8,88.48
50,52,8,72.05
45,42,1,36.77
98,85,3,82.63
59,54,5,66.38
45,72,8,76.34
80,38,2,52.36
67,38,4,56.8
98,63,1,69.75
42,69,8,74.5
78,75,4,75.72
43,90,6,76.29
70,66,2,64.85
75,87,5,87.5
98,74,4,87.7
85,87,3,81.85
62,54,8,75.98
46,48,6,60.11
98,83,6,97.32
62,38,4,53.31
57,65,1,51.08
45,68,5,67.2
92,77,8,99.32
86,90,6,92.71
71,85,5,81.07
93,66,4,79.56
79,74,8,92.57
84,70,4,75.83
59,100,4,78.3
66,50,7,73.38
90,61,3,73.47
49,93,2,67.31
59,63,8,80.21
66,76,6,80.64
49,36,8,63.69
41,68,7,72.92
83,98,6,98.18
58,37,3,48.78
62,68,3,65.13
96,91,3,85.83
44,71,2,56.22
76,63,8,87.88
55,62,5,64.76
97,40,4,72.29
74,83,1,67.66
76,37,1,48.95
59,60,1,52.37
54,55,8,77.64
98,45,5,79.76
84,74,2,70.85
52,80,1,58.06
55,68,5,69.61
57,41,5,57.15
45,77,1,50.43
91,47,4,71.06
86,77,5,84.71
54,71,7,75.21
63,35,1,45.6
48,58,8,72.01
43,43,2,44.88
95,77,7,98.49
54,40,6,59.34
94,90,7,103.11
92,59,5,78.9
77,81,2,69.72
83,56,7,82.57
48,47,8,71.31
61,78,6,79.55
44,66,3,53.58
49,67,1,48.82
48,51,4,58.41
72,52,6,72.15
53,47,2,46.75
45,78,2,59.02
63,92,6,86.95
63,65,1,54.78
66,38,8,75.72
89,72,4,78.7
91,96,2,85.19
69,57,6,71.64
79,91,8,98.41
76,59,5,76.67
60,63,2,58.0
74,69,8,87.23
87,93,7,102.44
53,44,8,68.51
86,71,3,76.81
54,98,7,90.63
98,62,7,94.76
46,38,5,50.73
82,65,1,64.53
89,93,3,83.38
69,100,3,81.23
100,78,8,104.16
100,73,2,79.58
67,91,5,86.04
86,82,5,89.96
81,59,5,76.33
76,91,8,100.46
64,61,6,76.23
43,67,8,78.41
66,49,3,60.44
65,55,8,78.83
87,72,3,77.44
40,83,6,74.62
72,86,6,89.58
60,37,4,56.53
40,37,4,46.87
89,63,6,86.91
79,76,1,63.85
46,57,3,54.53
61,45,7,68.67
90,72,7,90.41
54,71,4,64.1
97,51,3,74.17
83,75,1,65.72
57,73,5,73.72
49,96,2,65.76
89,59,4,75.72
69,62,4,70.12
85,36,2,58.46
56,100,7,91.95
43,99,1,63.64
74,72,8,89.58
86,86,3,81.31
55,84,5,75.53
72,69,6,78.55
67,40,4,61.64
87,80,4,80.16
60,56,5,67.45
90,87,8,105.68
78,43,5,71.35
87,100,4,89.35
63,98,3,76.51
98,78,7,98.0
97,40,1,57.61
46,54,3,53.38
58,54,7,72.28
100,39,3,66.7
97,52,7,87.11
99,72,4,86.58
82,79,3,74.88
83,45,6,77.63
64,56,2,54.17
62,41,1,44.92
83,68,4,74.17
84,51,7,84.83
44,75,6,72.27
46,76,1,54.51
52,41,3,48.93
62,56,5,68.92
79,91,1,74.86
46,82,4,68.48
72,42,7,71.98
92,45,1,61.49
55,54,5,61.47
83,56,8,87.64
73,65,5,74.88
94,85,5,89.65
68,59,8,83.41
83,84,6,90.86
88,56,4,71.39
81,90,7,93.91
91,54,8,92.33
88,97,5,91.63
47,41,3,44.95
48,35,3,43.44
79,49,8,80.24
98,36,6,79.77
74,77,7,85.88
96,51,1,60.76
47,99,5,80.99
49,58,4,58.07
64,56,7,76.03
83,95,5,91.83
51,65,7,74.97
56,68,4,63.6
87,87,4,86.23
64,83,8,93.43
71,82,5,84.01
88,73,3,73.93
81,54,7,83.48
54,40,2,46.29
100,50,8,90.7
72,64,7,82.41
84,82,6,87.46
48,91,5,78.28
58,78,2,63.19
67,49,5,64.82
55,66,8,77.74
48,85,8,83.39
59,84,3,69.99
41,39,4,46.03
92,38,1,55.53
90,52,2,62.07
93,57,4,75.2
63,66,8,86.25
80,60,8,85.65
49,54,7,66.3
60,98,2,70.28
86,97,4,88.14
51,94,6,81.95
63,99,6,89.25
74,55,2,58.98
97,48,4,76.3
81,78,2,69.09
69,68,5,76.6
84,49,2,61.79
60,76,3,65.35
72,70,4,74.94
51,60,6,69.03
54,77,8,85.28
48,54,2,50.42
85,84,7,97.2
46,53,3,48.99
98,94,3,86.8
42,42,5,52.52
55,90,7,87.05
70,65,1,56.85
74,63,3,69.5
86,51,7,82.38
84,35,5,67.35
94,81,7,95.75
83,65,6,80.94
73,98,1,74.27
47,79,7,75.93
70,87,2,67.85
65,60,8,79.24
89,58,3,71.0
81,93,1,70.7
70,59,6,73.1
59,66,3,59.04
55,97,5,81.37
42,48,4,54.53
78,81,5,86.07
60,99,4,77.39
80,46,3,60.12
71,63,8,88.33
69,95,3,75.37
73,85,3,77.54
45,85,3,64.16
58,63,6,74.24
80,99,2,82.54
84,67,6,86.63
72,100,8,99.6
74,37,2,52.71
62,74,6,79.96
75,59,7,83.74
65,55,3,62.34
92,94,8,106.64
80,78,2,69.99
71,59,3,65.67
43,44,4,48.43
63,86,1,65.87
97,49,2,66.46
74,64,7,82.87
94,45,6,79.78
80,61,1,61.81
96,59,2,70.61
84,98,7,100.09
99,84,8,108.11
87,100,2,82.03
59,99,6,86.96
55,60,4,63.54
76,75,1,62.54
42,51,4,51.55
73,87,4,77.61
56,76,4,66.34
83,92,3,81.43
56,94,5,82.35
71,82,6,87.31
87,68,5,81.51
56,58,6,71.29
78,99,1,74.28
41,35,3,44.49
87,63,5,81.78
58,48,8,76.26
87,51,4,69.47
59,56,6,72.32
57,68,5,71.67
50,63,6,66.99
47,55,3,50.47
71,58,3,62.79
47,84,8,86.26
91,78,7,95.62
87,85,2,76.06
63,89,7,86.08
51,77,3,63.4
86,92,2,79.27
74,83,8,94.01
67,51,5,69.38
78,94,4,86.33
77,73,7,87.9
89,47,3,68.53
85,62,6,82.93
89,74,8,98.16
42,92,6,77.79
52,71,5,68.82
100,88,4,91.93
99,96,3,87.92
77,99,7,99.31
44,75,4,65.14
49,71,2,55.35
77,50,6,72.97
51,81,3,62.47
69,84,1,63.61
84,59,4,70.9
48,35,6,56.07
67,40,2,51.93
71,76,2,68.1
57,74,3,65.84
55,97,6,83.66
47,85,2,59.73
81,68,6,86.33
74,43,6,71.41
80,55,1,58.71
80,35,1,50.86
96,57,5,79.79
66,91,8,97.2
40,36,6,56.52
46,39,5,53.63
43,54,8,68.78
89,95,8,104.55
98,76,6,92.25
84,78,5,83.52
81,85,5,85.77
62,51,5,64.84
98,100,8,110.15
67,49,6,69.8
72,46,2,54.7
87,39,4,65.65
70,98,4,85.73
44,80,7,78.85
60,74,6,74.85
49,64,5,66.88
80,37,2,54.73
44,47,5,54.82
40,63,1,47.56
86,88,1,71.67
94,87,6,95.89
80,52,5,75.11
63,90,6,86.26
96,45,1,57.78
62,96,1,66.48
72,99,5,88.91
65,72,1,59.28
50,94,7,84.23
95,97,5,96.14
57,89,5,80.89
59,83,8,87.74
54,68,5,68.35
79,54,8,86.81
46,88,7,80.37
62,92,5,81.84
63,73,8,88.34
55,88,2,67.86
100,65,6,92.21
57,84,8,87.12
85,55,5,78.24
56,56,6,70.04
72,44,5,65.95
67,45,8,77.8
79,42,2,54.28
68,87,7,89.56
56,56,7,75.37
96,82,6,96.71
54,52,6,65.74
81,46,1,53.09
40,55,3,52.11
58,42,1,43.52
88,78,5,86.49
83,53,7,80.14
74,62,7,83.45
45,40,2,39.11
71,35,3,52.85
64,73,3,66.61
64,90,8,92.52
68,81,2,64.73
86,53,7,82.9
47,47,1,42.12
46,86,8,83.22
57,93,2,66.11
63,54,2,53.07
50,100,4,73.86
76,62,7,84.9
46,44,6,59.84
81,66,8,88.85
43,63,7,70.9
59,35,7,64.56
89,88,6,94.25
61,42,6,62.25
95,60,7,91.59
50,81,4,67.71
76,51,5,72.59
45,61,2,53.1
88,42,4,68.95
94,58,5,81.01
75,71,7,89.1
98,85,3,83.16
41,97,6,80.34
54,43,2,48.53
79,81,7,89.42
84,59,8,89.19
43,95,3,66.54
70,100,2,74.58
60,82,6,82.47
40,63,6,62.96
95,48,6,79.71
52,54,5,63.41
67,66,2,62.09
50,61,2,52.72
98,100,2,88.22
91,90,6,96.13
53,46,5,59.14
57,87,8,87.15
72,88,7,94.21
63,91,5,81.7
98,88,8,109.26
67,93,2,72.17
79,62,1,62.3
54,96,2,67.81
62,97,1,66.42
60,35,3,49.61
96,40,6,77.32
69,60,2,57.23
98,42,4,69.55
53,54,2,53.75
89,57,1,59.43
68,72,7,85.8
99,81,1,74.76
55,59,6,67.98
53,94,7,86.63
98,85,4,89.3
88,84,6,89.86
57,47,2,48.91
58,67,2,59.74
100,72,3,81.54
78,68,6,80.12
43,47,2,42.87
63,37,1,43.32
94,55,3,73.6
68,70,5,72.73
68,69,2,60.08
90,61,6,81.56
78,80,6,85.17
99,54,1,62.86
53,83,7,81.62
75,62,2,65.29
99,40,4,74.58
74,74,8,91.33
47,47,8,67.92
68,99,8,101.27
66,85,1,62.34
62,83,8,89.01
89,35,3,59.82
64,76,1,61.23
45,82,8,81.17
97,46,1,58.67
90,91,2,79.09
63,69,8,85.53
97,85,1,75.91
72,79,3,71.17
93,53,4,76.1
83,53,4,68.02
55,68,4,66.88
100,81,4,86.5
94,96,2,86.89
52,83,5,71.72
67,39,3,55.73
83,79,7,91.87
96,100,7,107.35
96,47,8,87.74
61,79,5,74.64
87,40,5,70.36
78,72,1,63.51
66,55,6,69.8
41,45,4,49.97
52,62,3,54.6
64,45,2,52.64
83,85,2,77.06
99,42,7,84.66
70,83,5,81.16
62,61,6,73.58
73,77,6,83.62
79,41,7,76.11
73,45,4,63.18
67,65,4,69.56
45,54,5,61.07
85,79,7,94.13
90,82,6,89.91
56,88,1,62.5
62,95,4,75.91
86,92,6,95.16
97,50,1,60.81
57,91,1,64.16
93,70,6,91.52
89,65,7,90.96
56,100,7,91.55
70,84,3,72.22
87,96,2,79.81
42,93,1,56.94
95,71,8,95.95
84,63,6,85.75
87,87,4,87.86
48,53,7,66.7
58,86,5,75.8
81,52,6,76.98
100,97,4,96.24
64,39,4,57.77
72,54,3,62.17
95,65,5,86.13
86,90,8,99.59
94,96,3,89.06
79,35,1,52.23
97,39,5,72.87
100,78,4,89.07
52,88,2,65.39
87,62,4,77.37
48,99,6,84.44
59,45,5,64.39
43,96,7,80.92
86,52,1,57.52
97,66,3,77.03
47,85,2,63.7
97,45,6,79.56
50,97,4,75.4
66,37,5,63.21
85,61,1,62.32
95,44,2,61.62
69,74,1,62.19
79,47,8,82.1
44,71,4,62.85
90,48,4,70.57
94,48,5,77.3
73,68,3,66.25
92,40,6,78.72
87,95,7,99.43
51,86,5,76.72
43,89,6,79.41
92,97,2,84.8
42,70,3,57.37
47,94,5,76.59
52,94,4,74.78
64,87,2,70.99
92,72,5,84.3
42,96,5,75.81
64,60,6,71.95
47,77,6,74.34
40,48,7,65.86
92,98,3,85.11
97,77,6,95.37
83,77,1,70.11
57,95,2,67.73
82,65,6,85.37
78,87,7,92.46
60,89,8,89.08
65,52,7,71.89
89,64,5,84.02
93,68,5,82.15
90,48,2,64.53
50,88,3,68.79
47,65,7,74.78
49,45,1,43.61
100,70,2,77.91
79,100,2,80.99
57,53,3,57.25
84,55,8,90.23
71,71,6,80.4
56,59,5,64.46
55,92,1,61.97
42,78,7,76.93
68,39,5,64.58
50,65,2,52.94
65,41,4,59.51
100,60,7,89.1
90,51,2,62.98
43,54,4,53.91
54,86,7,85.42
64,89,5,80.82
74,65,3,64.61
80,86,2,72.15
62,77,3,67.67
72,80,2,68.19
47,49,4,52.35
45,79,4,65.25
48,85,8,82.32
47,66,2,55.18
46,81,6,72.29
88,62,6,85.38
63,80,3,67.01
87,87,4,85.19
61,59,5,65.28
53,69,5,70.43
95,66,7,90.95
57,63,5,69.19
63,67,4,66.3
66,93,7,94.29
53,93,6,79.47
70,48,4,61.51
89,38,6,77.36
43,87,2,58.11
44,74,3,58.44
95,66,2,73.78
46,69,3,55.94
82,81,7,92.93
51,97,5,81.31
67,85,1,66.34
68,41,6,70.45
50,64,4,61.38
49,39,6,59.24
81,83,7,93.35
69,81,1,64.8
64,71,3,64.83
50,53,7,70.39
99,77,6,93.26
55,55,2,53.8
44,93,5,76.98
70,82,7,88.5
94,53,2,64.39
72,59,1,54.91
41,46,3,48.76
68,80,3,69.83
78,59,1,60.74
90,36,5,68.61
67,92,6,90.55
50,66,3,60.52
95,84,4,89.07
53,73,5,70.61
69,89,6,87.69
81,73,7,89.79
54,56,6,70.51
89,60,7,90.37
91,86,1,76.29
45,48,2,46.32
75,83,8,96.14
84,49,6,75.31
65,99,4,81.87
88,64,4,76.38
94,99,7,107.28
70,98,1,71.58
82,87,1,73.46
40,47,4,52.71
42,55,3,49.02
89,72,7,92.9
42,75,4,63.18
99,61,7,91.61
95,81,8,102.96
51,86,2,63.55
98,66,1,71.9
69,91,5,85.75
76,73,1,65.45
87,37,3,59.9
81,59,3,67.3
65,93,4,79.36
40,90,1,57.66
92,78,1,72.96
94,41,4,72.86
46,89,2,63.85
92,87,1,74.52
48,53,4,57.73
75,41,3,56.74
50,49,1,46.25
90,83,5,90.01
45,75,7,74.54
48,61,5,64.12
60,79,3,65.17
62,85,6,81.72
57,36,8,71.94
82,87,3,81.67
41,68,2,49.1
58,84,5,76.33
91,50,6,81.49
65,42,3,57.54
69,47,4,61.1
79,65,6,82.26
79,70,5,82.49
91,62,5,78.6
62,36,5,60.28
75,96,6,94.03
70,42,5,62.77
40,57,1,41.45
88,44,7,80.2
83,40,8,79.84
61,83,3,68.32
71,98,2,77.69
58,36,2,42.84
71,91,1,71.55
65,48,2,52.53
45,67,4,61.84
83,51,2,60.95
69,44,6,67.45
58,56,1,52.14
66,84,3,74.17
97,44,2,66.46
53,95,6,81.21
80,75,7,90.98
78,83,1,67.73
81,38,5,65.95
93,74,2,75.62
83,98,4,89.9
51,85,3,66.29
62,44,7,70.54
99,59,1,65.74
96,69,4,82.64
62,71,8,88.14
85,63,1,62.97
71,93,1,70.41
50,75,7,76.52
52,77,8,84.81
88,69,3,76.46
57,57,5,64.23
49,37,8,68.87
97,98,7,105.68
68,55,1,53.54
83,88,3,81.65
63,67,2,61.4
72,91,2,75.5
52,60,6,67.49
40,57,4,52.8
68,57,1,52.27
48,55,7,68.62
84,78,3,75.9
60,73,8,85.21
73,85,7,88.72
55,41,5,56.71
74,36,2,49.06
40,40,1,35.49
74,67,8,90.1
80,99,2,81.42
79,38,3,58.11
90,63,3,74.39
79,55,6,80.43
81,81,2,71.19
65,53,6,72.57
68,40,8,75.0
85,62,4,75.98
87,70,1,69.06
91,57,1,61.65
48,64,6,69.06
55,78,4,70.43
67,71,1,62.13
40,96,7,80.14
87,95,7,102.5
95,86,3,84.26
55,41,5,57.28
40,84,7,76.12
51,67,2,55.14
57,87,2,67.2
97,87,2,81.83
51,89,6,81.31
71,95,4,80.32
61,50,8,78.01
81,84,7,95.36
65,67,6,74.49
45,63,3,53.18
63,62,6,73.71
88,71,1,66.55
83,97,1,74.6
65,35,7,66.92
64,69,5,72.33
91,85,5,92.06
88,77,4,82.4
88,82,5,86.51
80,94,2,76.51
78,42,1,51.69
52,45,2,43.84
74,88,7,92.84
84,77,4,80.42
51,80,1,57.69
50,79,6,75.8
86,90,4,86.82
48,59,7,72.91
45,96,6,79.55
73,58,1,54.32
51,71,2,59.78
83,66,2,66.1
78,63,8,89.02
84,62,4,72.8
48,88,4,70.13
99,68,1,72.44
84,48,7,78.65
86,39,7,78.69
94,97,6,100.12
42,80,6,74.51
66,56,3,57.82
78,73,7,91.28
48,83,2,59.26
43,44,3,46.85
87,67,5,82.18
98,84,1,74.02
100,96,5,100.8
66,72,7,80.47
61,46,5,62.76
41,85,7,81.14
93,40,5,71.17
58,43,6,63.33
66,50,5,68.87
59,55,2,55.59
58,86,4,75.32
40,94,4,69.21
84,77,2,72.44
94,99,5,95.89
44,70,5,66.13
91,58,3,70.3
93,49,4,74.3
97,73,8,102.48
91,96,8,104.91
92,71,6,89.59
55,46,5,57.5
62,95,2,68.26
63,96,3,78.44
90,40,5,74.15
77,88,3,75.86
62,91,6,84.73
75,76,8,92.59
64,60,4,67.41
97,40,2,60.9
76,91,2,77.29
66,37,1,47.78
76,61,6,80.4
64,67,2,62.76
58,37,6,61.19
83,51,6,79.1
53,43,4,56.86
65,67,5,72.52
40,96,4,68.96
72,65,3,66.99
69,91,5,83.24
72,95,6,89.45
66,90,2,67.66
78,56,5,74.76
54,78,8,86.82
82,49,1,58.07
87,53,2,62.32
90,43,3,67.26
92,96,2,83.79
75,36,4,57.71
97,84,6,95.74
74,74,5,76.63
56,70,8,85.4
55,35,5,55.9
96,99,8,110.48
84,49,1,58.42
61,61,5,71.57
62,94,4,81.27
71,41,7,74.46
54,81,2,60.36
63,92,7,90.38
67,62,7,78.92
57,82,1,59.72
45,92,8,85.13
80,39,4,65.63
81,57,5,73.88
81,46,2,59.8
60,71,4,70.89
92,43,4,70.56
44,47,4,49.72
96,39,7,83.12
43,61,5,64.09
61,99,2,73.78
95,92,5,93.48
54,75,3,61.06
72,97,6,93.52
52,64,3,59.75
59,56,4,61.6
75,82,3,77.69
69,92,4,79.19
56,39,2,44.05
67,98,6,90.41
61,82,5,76.56
81,45,8,80.08
98,66,7,96.29
86,70,5,84.27
65,70,1,56.48
49,40,4,51.69
80,69,2,66.64
47,81,8,82.88
81,79,6,88.27
65,58,4,65.45
50,99,3,73.54
69,43,4,60.71
73,51,7,78.11
97,59,7,92.49
68,78,2,68.61
77,92,7,96.31
53,65,2,52.37
64,82,7,83.53
100,83,6,98.97
84,79,2,75.1
92,77,8,101.73
97,54,7,89.85
76,81,6,84.94
99,89,8,105.06
67,76,7,84.0
71,40,7,70.15
42,68,8,77.12
79,54,6,74.5
59,39,7,66.75
90,93,3,82.44
98,70,7,92.66
56,69,7,75.46
75,86,5,81.6
87,52,2,64.61
69,83,8,95.21
66,76,4,71.85
47,95,5,75.72
49,96,6,83.04
44,38,2,40.87
66,65,3,66.68
81,43,1,53.9
99,43,3,67.84
92,39,3,66.51
59,59,1,52.96
83,100,6,98.81
86,41,3,65.18
77,49,6,71.72
78,86,6,92.06
48,91,7,84.97
40,100,7,83.47
76,43,1,53.36
85,86,5,88.72
69,58,2,59.92
100,83,5,91.92
76,39,1,52.84
67,41,5,63.29
42,79,7,74.88
91,46,7,83.62
44,53,5,61.38
72,96,7,96.25
56,67,1,54.28
76,58,6,77.99
77,93,2,78.52
49,66,7,75.42
57,62,7,76.67
85,71,8,96.83
47,58,4,59.75
88,79,7,94.47
58,88,5,77.58
63,58,4,62.93
56,60,2,54.58
83,79,5,82.48
86,95,6,95.93
69,61,4,69.11
87,44,7,78.25
49,59,5,65.32
64,50,6,68.56
40,54,1,41.77
54,83,5,75.55
72,73,6,79.03
59,64,6,70.63
99,75,6,93.75
48,58,6,64.54
78,60,2,63.44
57,81,1,59.47
65,100,8,95.16
97,35,8,84.29
67,52,8,77.95
68,43,2,50.15
83,46,4,69.49
87,77,7,91.73
76,61,8,86.03
54,90,5,79.06
74,51,4,67.74
56,89,2,63.58
96,50,8,91.87
85,99,6,95.91
53,72,1,53.66
80,36,2,56.17
45,39,1,38.74
93,42,8,83.12
65,62,4,68.94
42,100,8,88.91
84,52,6,79.87
96,76,6,94.46
76,68,5,80.36
47,61,3,54.64
63,53,1,52.84
52,55,3,52.16
84,91,7,95.42
54,84,8,89.37
70,91,8,97.02
58,97,8,95.86
98,72,5,87.27
45,55,1,46.75
63,59,8,78.2
92,56,5,76.95
53,90,6,82.5
55,41,2,47.06
41,91,3,62.53
64,53,8,78.2
74,95,6,94.38
50,44,2,45.71
45,59,1,46.9
96,69,6,89.28
80,83,2,73.27
92,83,5,90.6
49,63,8,74.34
96,95,3,87.2
41,63,4,56.9
64,55,5,69.06
93,77,3,82.65
65,87,5,81.98
78,93,1,69.65
51,48,8,74.26
75,57,1,54.97
41,56,4,53.09
42,49,1,43.37
75,78,3,73.89
64,99,3,79.98
53,56,6,70.41
61,37,7,65.51
79,55,3,64.47
56,69,5,68.19
71,62,1,55.85
94,85,1,73.71
62,59,8,79.98
45,57,3,53.79
96,54,8,92.16
45,98,5,75.69
52,90,5,76.92
62,91,3,70.38
49,51,1,44.54
87,91,2,77.95
74,62,6,79.98
92,47,3,69.34
87,53,3,68.5
59,76,7,83.9
64,92,4,80.4
68,89,7,91.27
59,67,8,82.35
86,97,7,101.35
83,56,2,61.0
68,61,4,65.97
90,38,3,64.62
58,84,3,71.1
49,39,3,49.77
92,88,3,86.61
61,75,4,69.9
42,63,2,52.7
78,83,3,77.5
52,65,7,76.58
79,57,3,68.18
100,85,8,105.4
60,81,3,67.54
50,57,2,49.3
42,40,6,56.66
63,57,8,80.6
85,71,7,90.57
74,94,8,98.32
42,58,8,70.62
63,39,8,71.03
93,49,7,86.36
41,65,5,64.38
62,88,1,64.7
63,91,3,71.94
40,89,4,66.61
50,63,4,61.93
85,39,3,62.77
70,66,4,69.31
50,92,5,73.91
98,78,8,101.73
78,91,8,99.54
92,83,3,81.76
89,44,6,76.16
63,73,5,74.01
48,46,8,70.56
47,100,3,73.31
74,47,6,72.39
42,71,5,62.8
58,86,7,84.91
69,67,1,59.16
92,82,6,91.94
68,71,7,82.88
72,72,7,84.19
64,85,6,85.55
78,42,6,71.23
42,68,1,47.63
61,61,3,63.77
45,72,7,74.05
48,58,1,43.89
65,88,3,71.97
45,100,2,66.48
76,77,5,79.52
74,70,4,72.11
85,43,5,70.78
99,100,5,97.7
91,44,4,70.92
42,85,7,75.89
86,45,1,54.73
40,53,6,59.59
74,95,5,84.67
94,59,5,83.82
46,55,7,70.61
47,47,3,51.66
53,67,8,80.26
55,85,3,66.48
58,46,3,52.66
71,55,1,56.22
76,100,7,95.43
96,40,5,76.96
89,47,7,81.04
69,61,8,86.4
49,46,4,52.67
56,86,8,91.1
42,97,4,70.13
98,69,3,76.91
77,78,3,75.0
100,75,7,96.5
44,52,6,59.94
99,49,7,86.59
96,78,1,72.65
45,48,1,39.1
81,74,1,67.59
62,95,5,81.46
40,64,8,74.91
52,63,7,73.11
91,41,7,81.06
90,43,7,82.31
79,95,3,81.0
44,46,4,51.8
53,60,6,67.51
89,88,8,101.99
66,40,1,49.38
63,97,3,78.55
95,98,1,81.53
93,43,1,55.55
54,93,3,70.39
51,71,3,63.5
65,68,2,59.9
97,68,7,91.41
87,46,2,58.8
100,51,4,77.36
72,99,4,86.3
44,69,6,71.92
100,50,7,87.04
89,79,3,81.78
83,40,7,75.62
50,75,3,59.83
78,43,4,63.77
41,64,2,52.25
87,96,8,105.28
60,41,1,46.84
46,67,5,65.57
43,55,8,70.3
84,84,8,98.29
44,63,1,44.72
60,54,2,52.4
80,46,6,76.9
81,80,3,74.81
62,35,3,52.21
99,61,8,96.68
97,81,6,96.38
76,89,8,97.86
82,64,6,82.1
63,47,3,55.46
91,73,4,84.51
79,71,5,81.18
90,43,8,84.35
48,66,8,76.59
50,86,2,59.92
97,89,8,107.67
99,44,8,89.24
61,68,8,81.45
52,69,2,58.77
72,43,4,61.45
82,49,6,75.97
61,90,8,91.44
41,46,2,45.32
92,91,4,88.85
66,91,2,73.31
97,79,7,95.48
60,75,5,71.32
76,89,1,72.41
53,73,5,68.74
75,55,7,78.47
77,70,7,87.46
98,58,2,68.93
47,98,8,92.81
72,94,5,89.32
75,90,6,88.25
42,82,7,75.76
45,89,3,65.46
86,65,7,90.46
91,57,2,67.38
77,94,3,82.26
57,54,1,51.33
100,53,7,88.38
62,71,4,68.44
100,49,6,83.83
66,81,1,61.8
74,63,4,70.96
85,77,4,78.03
66,46,7,73.02
88,63,3,73.17
52,87,5,75.7
48,58,6,69.26
100,96,2,85.58
90,50,7,85.97
42,52,6,63.02
76,74,7,88.79
90,91,4,88.58
99,83,2,83.46
75,43,5,66.43
73,46,3,62.12
62,70,4,68.16
98,58,5,80.08
74,58,4,66.01
62,40,3,55.39
75,73,2,64.94
56,46,5,58.59
65,46,7,71.56
86,98,5,95.43
71,91,2,74.48
40,84,7,77.84
61,96,5,83.33
99,67,5,85.74
80,99,7,98.31
46,41,2,42.84
50,66,3,58.6
45,64,4,56.74
84,46,1,53.47
60,53,7,76.04
70,62,3,63.49
70,45,3,55.44
94,94,7,105.94
97,48,5,75.5
80,45,4,68.19
97,96,1,78.24
76,94,5,86.28
48,94,6,82.8
86,75,3,78.79
64,88,4,77.37
40,50,5,57.48
63,53,2,57.16
74,50,3,61.98
92,54,1,59.58
67,71,6,80.92
79,51,1,53.84
84,58,8,89.43
44,49,6,62.68
78,73,3,72.21
43,35,8,60.67
44,88,7,80.12
61,38,8,73.88
48,55,2,52.0
83,93,3,84.57
54,38,2,46.06
65,86,8,92.41
61,35,8,69.73
58,62,8,77.59
83,83,8,99.1
82,99,4,90.96
79,74,7,89.25
86,68,1,68.31
50,81,5,71.05
75,62,2,65.09
96,92,8,107.93
80,53,4,72.01
80,81,2,74.41
83,74,7,93.34
86,77,5,83.49
57,85,8,88.3
48,54,1,43.75
63,59,8,78.13
94,35,5,71.91
84,70,4,75.33
86,88,8,102.72
95,61,1,68.58
72,66,3,68.96
67,94,8,94.36
55,82,7,82.25
95,82,1,76.61
72,37,3,55.25
55,47,2,49.45
57,37,7,63.37
52,86,3,68.2
60,79,7,82.39
56,47,4,56.68
62,50,6,66.63
79,98,8,100.27
52,54,5,65.08
44,83,3,63.61
74,44,3,61.57
95,65,8,96.81
75,41,6,70.98
63,65,2,62.15
63,48,1,45.72
90,86,7,99.24
91,68,2,68.98
73,40,4,62.42
55,72,4,66.73
99,74,6,92.01
49,89,1,58.57
53,65,8,79.67
50,98,8,93.56
81,48,7,79.9
61,94,7,92.98
92,95,1,77.11
50,57,2,48.25
45,77,6,74.88
80,41,5,67.74
49,82,8,82.4
69,89,7,93.86
100,86,1,77.49
57,45,5,59.28
75,35,1,48.09
76,100,2,76.95
82,68,7,85.71
73,37,5,66.32
64,84,4,72.87
87,65,6,84.04
93,70,1,70.5
91,70,6,90.17
82,87,3,77.5
69,97,5,87.67
75,42,6,69.64
54,36,2,46.18
69,35,7,72.14
40,49,6,62.47
41,80,2,54.56
81,52,2,62.01
100,51,5,80.55
58,40,2,46.97
49,62,2,49.88
54,66,5,65.79
49,80,2,61.07
58,63,4,66.8
71,70,5,76.21
85,95,3,81.88
42,97,5,77.51
63,92,2,71.04
82,71,7,90.69
95,78,6,95.83
91,41,2,61.87
43,48,8,66.24
67,97,6,88.0
51,72,5,67.34
41,72,3,59.49
70,39,8,77.33
43,70,3,57.91
56,46,1,44.77
86,59,7,84.73
89,57,2,67.16
82,67,5,76.64
100,70,5,88.5
86,41,8,82.38
95,67,6,90.12
55,58,6,69.09
81,81,2,75.62
94,86,2,81.25
67,94,4,78.62
43,83,7,80.44
71,58,1,57.35
88,56,8,86.93
49,47,1,42.06
79,74,2,66.36
48,90,7,80.62
41,89,1,57.7
80,83,5,84.83
87,77,2,71.66
52,39,4,50.83
54,51,2,47.48
83,83,7,91.8
78,55,4,70.41
92,40,6,79.18
84,81,1,72.68
59,95,6,83.95
94,90,6,94.85
91,93,4,88.95
63,64,5,71.15
54,70,6,70.89
95,62,5,85.22
50,91,8,86.98
58,62,8,79.25
86,81,1,70.49
89,49,1,61.98
45,38,1,38.04
76,96,5,91.09
54,71,5,68.35
41,77,7,77.01
80,45,8,82.23
54,94,2,65.56
100,65,1,67.66
97,93,4,91.0
77,100,2,77.48
65,98,3,77.15
84,41,1,54.05
43,55,6,61.5
40,94,1,55.67
59,97,5,83.47
95,67,4,79.66
78,78,5,84.99
42,59,4,53.52
46,52,4,52.66
69,40,2,52.9
41,89,4,66.72
91,71,7,91.68
46,39,3,46.36
66,65,5,75.18
65,71,5,74.04
70,88,4,80.2
98,86,1,77.9
96,87,4,90.36
84,99,6,95.69
41,73,8,77.62
47,90,2,65.72
53,99,3,72.49
53,45,5,59.91
80,40,3,59.19
91,60,4,75.94
77,93,3,78.43
74,63,8,85.87
91,84,3,84.5
73,75,1,62.42
99,36,6,76.25
99,76,7,100.25
57,45,7,70.97
89,71,8,98.02
95,50,1,60.09
92,51,8,88.81
58,68,3,60.2
88,66,5,84.48
42,100,6,81.42
100,54,4,79.72
95,58,6,87.17
61,48,2,48.99
55,96,3,70.18
64,50,4,62.12
81,61,3,67.73
55,91,1,64.19
44,55,7,70.58
71,57,2,56.9
78,45,2,55.96
48,85,5,73.63
47,80,2,56.19
78,87,1,69.41
41,94,2,60.25
58,60,3,58.23
41,76,7,74.08
56,53,7,73.63
99,94,3,91.05
41,84,3,60.54
40,52,7,62.71
75,75,8,92.95
66,81,3,71.97
90,91,5,94.29
40,84,1,53.79
70,47,2,52.69
97,70,6,91.88
67,37,7,69.08
74,48,6,71.38
100,36,4,71.96
96,55,7,88.09
53,48,6,63.78
90,76,7,92.44
48,43,5,58.9
100,49,2,68.42
56,85,7,86.43
65,56,8,80.98
76,90,7,93.81
75,62,2,63.2
60,74,3,68.17
48,58,5,60.27
88,68,3,76.25
85,60,2,66.86
97,39,4,68.22
85,73,8,94.5
96,93,1,81.33
94,91,8,108.03
50,57,7,70.61
41,78,2,56.06
72,89,3,78.96
61,57,7,76.06
49,69,4,63.93
58,92,1,65.84
49,87,4,69.2
98,82,1,78.49
46,48,7,67.14
97,75,2,76.53
43,45,1,37.96
77,36,3,58.84
65,96,7,92.95
77,47,3,59.35
84,100,2,79.65
74,60,2,63.11
65,44,7,69.92
90,36,1,56.88
47,49,1,43.95
53,42,2,44.79
56,80,8,85.66
78,85,8,96.26
74,47,6,70.54
42,49,3,46.24
87,36,1,53.12
84,98,5,94.21
42,53,4,51.48
85,61,3,71.34
76,61,5,71.96
51,86,2,61.09
40,86,6,76.05
81,38,6,70.13
64,92,1,63.59
92,37,1,56.01
55,83,6,76.43
81,70,6,83.94
85,95,3,86.59
98,80,4,89.97
78,87,7,94.46
66,55,5,68.26
63,47,2,49.18
66,56,2,58.36
84,63,5,78.65
87,76,2,70.38
99,63,5,84.59
43,86,4,66.08
62,93,6,87.84
78,67,5,79.71
62,43,4,55.97
100,80,2,82.48
51,63,5,67.43
89,79,5,88.86
84,71,1,67.54
78,38,6,68.7
76,86,2,72.81
46,82,8,84.62
49,83,7,79.0
56,85,4,73.34
73,64,2,65.02
93,96,4,92.77
48,41,2,44.51
60,47,5,61.45
63,79,1,60.62
60,91,1,61.58
43,59,5,63.34
96,53,6,85.5
99,65,7,90.84
90,73,5,82.94
69,69,7,83.64
48,48,5,56.02
64,48,8,76.5
41,87,6,75.96
62,94,3,76.4
78,42,2,57.55
87,70,4,79.84
81,88,3,81.84
63,66,3,62.4
66,51,5,67.1
95,57,7,87.73
53,42,2,44.03
92,49,5,73.51
65,95,4,78.06
90,77,8,100.89
45,53,3,50.67
91,80,4,84.51
63,100,5,87.77
64,75,3,66.84
68,73,8,87.7
75,45,1,54.11
49,49,7,69.19
68,44,3,58.0
50,61,6,71.06
40,98,6,81.51
63,81,2,63.6
49,80,8,82.8
83,57,6,80.71
71,77,3,69.79
65,91,4,80.14
92,50,5,74.72
44,57,4,58.12
72,60,8,87.35
80,35,1,48.14
98,74,4,83.53
54,55,4,58.53
54,87,6,79.01
43,77,1,52.47
40,93,5,76.0
46,49,6,59.43
62,45,7,70.37
99,62,5,85.14
71,98,8,101.04
93,87,5,92.61
44,35,8,65.34
80,39,5,65.31
92,94,2,79.91
54,92,2,66.78
99,90,6,98.52
57,45,8,71.32
52,88,6,77.48
66,74,8,85.21
45,79,4,67.16
68,47,2,51.85
57,85,7,82.09
42,81,8,78.58
80,82,6,90.11
99,56,6,85.97
94,61,1,64.54
66,99,7,91.83
100,46,7,86.87
68,67,6,75.8
69,68,1,61.14
88,42,6,75.76
67,57,1,56.42
68,45,2,53.07
61,35,3,52.4
52,76,2,57.53
82,67,1,64.38
61,49,1,48.17
49,40,7,61.95
73,51,8,79.02
77,42,1,50.71
74,43,3,61.2
40,68,7,70.19
58,57,1,51.12
83,47,7,79.37
64,78,5,75.42
40,96,2,61.01
50,49,7,66.64
57,61,7,77.63
93,66,5,85.01
40,88,4,65.91
84,44,1,57.53
82,86,7,92.71
50,97,2,64.12
51,81,1,55.02
64,63,2,61.43
99,62,5,86.43
84,70,2,71.21
86,94,4,86.28
70,45,3,59.05
76,39,8,78.82
71,54,7,76.23
79,56,7,81.43
97,52,1,66.43
80,72,2,68.57
45,70,1,47.99
86,97,8,107.05
70,94,6,90.77
99,82,4,88.77
86,93,7,99.53
46,79,5,71.7
42,79,2,57.78
96,53,5,82.03
55,81,5,72.82
77,54,2,62.53
48,53,4,55.05
81,36,7,76.15
87,92,3,82.37
49,57,7,68.53
63,84,3,70.66
91,98,3,85.6
84,90,7,99.69
92,48,2,64.8
94,95,6,100.87
45,43,4,52.07
42,43,8,64.7
84,57,6,83.36
79,81,7,91.22
57,48,2,48.87
84,75,1,68.04
44,80,6,71.14
42,41,5,52.48
43,40,5,51.38
41,77,7,73.76
45,61,8,75.02
61,47,6,68.2
41,98,7,83.55
83,93,4,88.33
43,45,7,60.63
74,94,3,81.83
79,35,7,72.08
68,46,8,74.84
63,39,4,56.11
49,56,2,48.99
92,85,7,101.08
73,58,8,86.84
97,76,2,76.85
71,50,5,69.58
55,62,5,65.46
44,52,8,70.96
51,47,8,70.72
52,75,4,65.8
75,68,6,78.97
56,86,7,85.23
53,53,2,51.71
77,79,5,84.7
63,84,7,86.48
63,78,8,89.01
92,63,6,84.57
42,41,5,53.4
77,82,1,66.54
85,47,2,62.09
49,38,3,48.96
93,72,1,70.85
43,90,3,67.46
40,50,5,56.53
56,82,5,77.64
74,97,3,83.13
67,68,2,61.28
94,35,5,68.62
61,75,3,63.86
47,35,7,63.45
98,41,1,60.36
52,99,2,70.49
75,45,4,64.4
68,80,7,86.41
82,70,6,82.61
79,73,2,68.47
78,52,3,63.32
59,56,8,80.96
60,82,1,58.79
48,46,5,57.91
79,70,5,76.91
79,43,4,62.82
41,61,7,69.74
74,86,4,79.7
72,36,6,66.18
51,39,5,55.8
43,52,4,55.93
64,83,2,67.99
100,73,6,91.49
52,52,2,52.55
86,97,8,106.87
47,56,6,66.55
91,39,5,69.88
91,52,2,66.08
62,84,4,76.15
55,45,8,72.13
97,64,7,94.83
79,99,1,77.58
82,100,2,79.4
57,68,5,69.39
57,50,4,60.18
99,99,3,89.21
64,81,2,65.24
53,63,4,63.89
68,98,2,73.24
53,70,7,77.41
94,56,5,81.21
60,99,8,92.75
58,83,6,82.33
49,40,4,49.5
83,72,4,80.31
66,60,5,72.88
79,51,2,59.05
70,57,6,73.15
72,71,6,83.79
51,74,3,61.83
63,83,5,77.96
74,38,8,75.14
71,68,2,65.32
74,64,5,74.14
51,96,4,73.69
65,58,3,61.2
82,86,5,87.3
44,90,1,56.53
85,99,8,106.14
43,44,4,49.56
68,92,7,92.34
75,44,8,81.49
80,48,5,72.53
96,46,5,74.76
81,94,3,84.41
40,73,4,63.29
86,85,8,101.89
54,47,5,58.47
53,80,8,86.33
78,42,6,72.99
55,74,3,65.01
46,37,3,47.37
69,45,4,59.45
88,35,7,79.8
70,61,1,58.19
56,58,6,70.58
76,65,5,77.55
51,81,7,83.35
72,49,3,63.21
83,49,3,67.18
80,71,2,69.71
72,45,4,63.39
83,86,6,89.19
64,62,3,60.69
63,73,6,75.86
60,81,5,74.16
97,64,7,93.57
47,70,4,65.16
66,94,5,86.79
46,52,2,49.83
41,87,7,78.3
76,54,8,84.93
60,45,4,60.03
69,88,5,80.62
93,51,2,63.52
76,66,3,70.97
54,80,5,76.33
45,89,7,78.6
58,51,1,50.6
61,65,3,60.52
51,80,8,86.62
95,67,4,78.07
55,94,3,68.62
48,49,5,56.06
87,87,4,84.58
82,49,4,69.07
72,78,7,90.29
55,51,1,46.52
55,46,3,51.83
78,85,2,74.37
91,70,4,82.14
95,65,3,77.94
53,41,5,60.59
68,38,6,68.49
91,52,5,78.27
82,38,2,54.72
57,59,8,80.83
83,93,7,98.84
91,79,8,101.36
46,92,4,71.04
55,58,8,78.68
40,82,1,54.14
42,61,1,45.91
52,86,5,72.83
78,72,3,69.15
46,46,4,51.86
90,47,8,89.46
54,55,6,68.81
96,96,5,98.42
43,63,1,47.53
98,43,3,69.64
79,80,6,86.7
41,88,3,66.51
76,100,8,105.07
87,81,8,98.37
94,38,1,57.59
61,76,3,68.96
50,89,2,64.52
88,87,6,96.05
65,94,8,94.86
52,41,8,67.39
81,44,3,61.53
69,96,7,94.75
70,55,5,69.11
72,69,3,68.0
52,83,1,57.04
51,47,8,70.61
55,69,3,63.68
64,65,8,86.52
66,92,7,88.58
51,71,2,56.5
80,94,8,101.22
48,80,7,79.21
98,39,8,88.51
80,100,1,76.31
80,52,1,59.02
53,82,6,75.28
100,88,4,91.46
57,55,7,75.19
68,91,2,70.1
84,44,4,67.81
53,44,6,64.02
41,96,2,62.01
94,81,1,73.09
67,79,5,79.64
94,93,6,100.68
77,51,8,81.48
93,69,5,82.11
72,64,6,79.42
77,63,5,73.71
65,46,4,63.07
75,54,8,81.86
72,68,5,76.16
78,77,4,77.19
41,93,5,75.76
40,46,1,38.91
44,89,3,66.21
43,69,3,56.88
90,71,1,70.08
82,74,6,86.55
64,84,3,72.88
84,85,2,74.94
75,78,2,69.75
83,93,7,99.21
54,95,6,82.52
42,44,4,48.79
83,68,8,89.99
94,86,7,102.8
61,89,3,71.26
82,46,6,76.08
69,51,6,73.92
89,35,2,54.68
78,86,2,72.55
57,96,8,94.3
51,45,3,52.07
84,90,7,98.54
83,93,6,95.44
69,96,7,93.15
41,74,7,75.54
68,95,2,73.37
50,38,2,42.39
51,81,3,64.68
40,82,4,62.14
84,65,3,68.74
80,70,1,62.69
93,42,5,72.19
42,86,7,79.04
74,40,8,75.84
58,49,6,68.75
98,37,3,65.39
90,99,8,106.94
47,38,3,44.99
81,83,1,70.54
59,73,6,73.81
75,56,2,58.33
55,38,7,66.34
63,91,7,91.52
54,80,4,70.64
98,42,4,72.62
75,56,8,86.88
52,67,5,66.82
53,49,7,66.74
57,98,8,95.86
64,78,8,90.02
44,50,5,56.53
44,92,5,71.87
58,78,4,72.47
50,81,3,61.6
64,53,6,73.05
91,98,4,91.53
43,45,4,50.76
63,88,7,86.61
67,54,3,62.86
99,44,4,70.42
53,67,5,67.66
72,94,6,91.6
57,77,6,80.11
87,40,3,60.34
78,93,5,91.18
64,95,5,82.01
77,87,5,84.48
64,84,2,67.24
76,66,6,79.8
70,81,2,68.65
67,78,5,80.74
43,52,7,63.04
63,64,8,84.95
59,35,3,51.03
70,74,4,74.89
83,75,1,64.54
96,81,3,82.08
54,91,3,72.1
85,39,4,68.26
79,58,4,71.33
59,46,1,44.12
56,59,6,68.46
69,50,3,57.93
90,50,7,84.96
80,85,4,80.54
71,48,8,82.2
63,77,6,82.13
90,59,1,61.58
85,53,1,60.97
78,85,2,73.28
42,61,2,49.87
76,75,2,68.83
71,86,4,76.68
74,87,8,97.52
47,60,4,58.68
87,92,3,85.29
66,38,7,72.27
43,44,6,60.46
80,53,6,76.87
82,82,3,75.99
82,50,5,74.21
93,63,8,96.89
55,74,4,67.59
91,86,1,73.29
78,59,8,86.72
89,68,8,92.03
66,63,3,62.46
50,98,1,65.12
59,97,2,70.77
89,97,1,76.67
57,58,1,51.0
87,97,3,87.1
74,62,1,61.14
68,67,2,59.03
63,75,7,81.31
74,53,7,77.14
97,41,4,74.02
55,57,4,61.91
73,60,7,83.04
63,48,6,70.63
67,68,2,64.48
82,39,8,81.1
78,68,2,66.16
77,79,5,84.06
64,82,1,62.86
54,47,2,50.9
48,75,5,71.65
60,90,5,82.81
40,73,1,50.19
96,70,2,72.94
62,61,2,59.02
69,93,8,96.9
97,60,7,92.45
69,100,5,87.47
75,43,6,71.15
40,94,4,67.75
67,58,8,79.13
90,77,8,99.96
89,39,4,65.89
70,92,1,66.0
81,62,3,69.1
94,57,2,70.2
46,80,8,85.17
80,85,7,92.56
81,48,8,83.01
89,78,7,94.16
69,96,5,88.22
57,44,8,75.21
93,35,8,80.48
60,51,1,48.2
69,49,7,75.91
40,62,6,62.76
41,74,2,55.98
99,90,5,98.16
69,50,7,76.91
77,48,1,54.38
94,57,5,80.72
47,73,5,70.67
47,76,3,63.56
74,54,8,84.28
93,71,8,97.81
41,86,2,60.44
45,92,5,76.8
72,64,7,81.0
44,50,7,64.99
59,61,8,80.47
78,52,1,54.2
81,59,4,73.04
78,44,6,72.92
84,90,1,75.61
62,100,3,76.44
98,45,1,62.21
97,92,7,104.29
50,45,5,58.15
72,37,3,57.43
68,89,5,83.57
98,43,2,65.2
55,71,2,57.98
99,60,5,80.7
69,97,8,96.17
63,70,1,54.36
99,42,6,79.72
41,46,4,49.66
85,39,2,56.48
64,86,1,61.78
53,93,8,93.0
97,50,1,61.9
64,65,1,54.28
40,96,8,86.28
99,36,1,58.0
76,75,4,78.31
51,76,1,51.92
57,95,4,77.55
82,46,6,74.27
88,67,1,65.07
72,76,1,64.48
86,41,1,54.05
59,69,8,81.63
78,77,2,67.15
55,45,2,49.52
50,94,5,79.61
70,38,4,60.45
47,56,5,59.44
76,91,7,91.91
78,92,3,82.81
49,95,1,60.33
85,96,8,103.34
47,91,6,81.15
99,70,8,96.89
91,63,7,88.16
49,43,3,50.72
99,76,4,83.89
42,71,8,79.7
52,99,7,88.84
69,47,8,78.99
72,68,6,80.67
93,78,4,82.23
78,46,5,68.42
60,59,3,59.47
84,88,3,79.3
45,60,7,71.55
41,80,4,65.31
95,61,4,80.61
40,50,4,50.72
86,75,4,81.4
48,61,8,75.22
71,70,5,77.8
52,86,4,70.04
44,43,1,36.9
70,39,1,50.06
40,91,2,60.7
87,87,5,89.51
93,51,7,84.09
93,89,4,86.92
61,82,6,80.38
71,88,1,65.89
98,63,6,86.47
53,68,1,51.78
56,86,3,71.55
80,88,2,73.7
44,84,7,76.8
100,40,3,70.04
42,81,7,76.01
71,55,2,56.25
88,54,8,91.19
82,57,7,81.81
88,93,6,94.31
52,83,6,77.22
69,79,2,70.05
60,77,1,57.2
73,87,8,93.47
60,50,3,57.58
97,77,4,84.41
64,51,6,70.15
64,52,7,73.09
68,50,4,62.47
52,71,4,66.23
63,77,2,62.25
93,62,2,71.21
69,40,3,54.29
84,87,6,95.13
75,36,1,48.23
93,56,1,64.03
42,96,4,69.15
51,81,5,73.4
47,89,7,81.23
83,77,3,77.86
41,49,4,52.32
56,96,8,92.69
68,61,6,73.41
63,100,6,87.99
66,80,7,86.4
95,92,2,81.61
69,78,3,72.77
62,86,8,89.79
73,56,6,78.17
72,48,3,57.91
71,37,4,57.31
88,61,4,75.53
40,77,1,53.12
40,72,6,70.66
42,90,3,62.53
61,50,4,61.52
71,73,2,67.79
82,56,4,73.45
96,79,2,76.73
53,70,1,52.17
66,61,1,57.21
83,83,2,75.65
66,37,2,47.11
68,43,5,61.51
97,49,1,62.45
93,77,5,90.01
51,100,4,77.27
46,63,4,59.02
86,96,7,103.51
50,49,6,66.47
47,83,7,80.59
63,56,1,54.48
49,60,3,53.48
99,82,5,92.46
64,84,6,83.69
63,68,4,68.03
71,94,8,96.1
78,49,4,64.48
95,74,8,98.36
96,89,1,76.31
52,95,3,68.31
65,72,3,65.5
90,74,8,97.93
81,48,6,78.28
47,36,4,47.71
41,35,1,34.23
54,78,7,82.73
74,55,3,65.04
66,35,4,54.27
71,60,5,72.0
58,95,2,69.63
76,70,3,71.14
49,58,5,63.17
61,54,4,64.08
71,53,5,69.63
63,68,6,77.69
52,38,2,46.67
40,83,8,80.3
85,89,3,80.84
59,58,7,73.04
40,38,3,45.6
72,81,1,62.44
58,37,7,66.26
71,64,1,55.09
69,83,2,70.26
93,67,1,66.92
66,39,2,47.45
77,44,7,74.13
73,58,8,86.69
84,67,3,75.36
99,95,6,102.94
95,62,6,87.79
95,57,5,83.33
93,39,2,60.3
92,50,8,87.37
47,98,7,86.64
54,44,3,48.46
99,79,1,75.82
56,99,4,76.56
97,71,3,81.36
62,48,5,63.38
50,53,3,52.23
81,43,3,62.89
83,48,2,59.48
92,76,4,82.31
42,77,3,61.97
99,67,8,98.57
68,54,6,70.04
71,54,3,64.95
70,47,5,67.92
61,38,4,56.56
94,82,4,84.01
48,88,2,65.16
47,91,8,85.01
75,42,5,64.13
54,46,6,65.78
62,100,8,94.08
51,100,6,81.42
40,82,2,54.88
94,72,1,72.01
64,69,4,69.45
92,63,6,87.93
69,54,1,51.91
66,35,6,66.17
65,39,5,61.42
40,60,4,56.23
94,57,4,73.55
62,78,7,83.29
66,86,7,91.03
52,87,7,82.27
72,77,6,81.91
77,39,3,58.45
45,90,5,73.16
77,64,7,82.94
81,46,5,71.16
69,78,1,63.8
52,67,2,54.45
88,43,1,55.05
64,35,4,57.42
87,40,7,77.52
59,67,2,61.23
99,71,2,74.73
52,66,6,71.83
99,74,1,73.39
75,95,4,84.41
64,83,8,90.88
99,71,2,75.85
86,63,3,71.56
77,83,1,67.99
89,39,7,76.79
94,37,3,62.92
98,78,1,71.4
74,52,7,76.23
42,50,7,66.58
46,35,5,52.65
48,62,1,47.14
64,37,3,51.72
64,86,6,82.91
77,99,2,81.35
55,43,1,45.24
88,48,8,88.62
69,100,2,74.63
62,99,7,91.64
98,79,3,83.79
96,57,1,62.82
55,78,5,74.54
71,64,7,82.81
85,45,7,79.41
70,82,2,70.52
51,94,3,67.26
89,48,7,83.23
66,68,7,80.33
59,50,2,50.77
56,46,6,63.03
94,99,3,91.25
83,50,7,79.06
41,91,4,66.59
70,60,8,84.75
98,98,2,83.95
64,38,3,54.51
83,62,2,65.15
74,87,2,73.88
61,57,1,52.41
84,92,4,83.62
60,68,6,76.57
94,40,1,56.37
68,83,2,69.15
60,42,8,74.81
51,84,4,70.77
51,58,8,73.73
49,56,7,72.05
91,35,4,66.45
89,58,7,84.88
86,92,7,98.16
87,82,7,97.18
52,39,8,70.41
94,40,2,62.25
61,90,2,69.07
92,69,8,98.82
64,91,8,92.96
69,78,6,85.22
95,75,1,72.54
55,75,8,82.74
90,85,7,95.32
43,76,7,74.67
61,66,5,69.93
86,100,3,86.77
47,36,6,59.39
97,97,8,109.55
66,67,2,59.98
86,44,5,70.6
100,68,3,77.01
67,43,3,53.41
92,49,2,67.23
40,87,4,63.84
82,87,7,95.53
88,37,2,58.17
79,86,5,88.5
42,89,7,77.8
80,73,7,91.26
64,59,5,70.15
64,35,7,65.32
64,83,1,61.51
84,98,4,89.46
59,35,6,61.65
55,86,2,62.59
93,98,4,94.63
68,96,6,91.46
64,59,1,54.33
95,73,7,93.66
44,55,4,54.57
76,97,7,96.08
72,64,4,67.91
93,39,3,67.71
94,63,7,93.59
62,93,5,83.29
46,68,1,49.55
46,56,8,70.31
76,66,1,59.56
73,89,4,82.18
88,45,4,67.6
94,79,7,95.4
41,64,6,65.47
42,84,7,75.53
71,38,3,58.13
43,46,5,57.17
91,38,4,65.54
87,78,5,85.03
48,74,5,68.4
52,100,4,77.71
92,50,8,87.09
97,80,5,91.02
63,71,6,78.13
68,55,1,55.07
82,63,5,77.38
71,68,5,76.44
63,83,1,62.18
80,72,7,89.31
91,93,6,98.62
92,100,3,86.87
63,43,7,71.74
88,70,2,73.94
79,45,8,84.34
88,58,1,65.13
82,90,1,73.27
51,78,7,81.03
94,40,3,65.78
83,78,1,69.01
59,75,7,82.97
72,47,2,57.02
72,91,3,78.72
67,35,1,42.14
42,95,4,70.65
48,50,6,61.24
43,94,2,65.72
78,81,3,72.86
68,42,3,57.73
73,98,7,98.92
89,73,2,73.74
62,100,6,90.8
66,99,4,82.32
66,46,1,48.29
71,91,7,90.64
68,52,3,60.02
80,52,4,71.36
85,75,4,79.11
90,46,7,81.98
45,73,4,62.95
96,46,5,78.34
94,81,6,95.78
59,73,2,59.34
49,72,7,76.55
41,36,4,48.61
50,52,5,62.87
80,60,6,81.64
54,91,8,87.03
89,89,1,76.54
62,85,3,71.71
45,88,4,71.37
72,37,5,63.33
44,54,1,45.23
52,59,4,62.15
41,91,8,83.49
72,69,4,72.68
84,98,2,77.91
45,54,8,69.25
99,42,1,63.15
77,68,1,61.2
90,64,5,80.57
88,56,3,68.34
88,45,8,88.11
59,46,8,71.64
95,45,7,84.54
81,50,3,63.83
52,91,7,83.88
51,87,7,84.7
52,49,3,52.64
60,39,6,62.34
67,67,1,60.57
40,82,4,65.83
43,89,1,54.95
64,71,5,76.84
65,82,5,76.31
59,86,3,70.26
45,69,4,63.04
83,99,8,105.34
77,63,7,86.01
77,49,8,80.02
53,39,8,70.58
43,99,7,83.26
93,71,4,79.22
97,59,2,68.26
64,70,8,84.74
49,62,2,50.96
97,91,7,105.28
49,39,2,42.04
53,53,5,59.95
82,49,8,84.33
84,57,2,66.12
51,77,1,54.29
94,58,7,88.32
93,45,8,89.57
84,69,5,82.48
54,68,4,66.81
71,37,6,66.46
78,85,7,92.38
61,89,7,87.16
64,44,7,71.42
66,36,7,70.14
68,73,2,65.21
55,81,6,75.66
87,56,8,86.73
77,39,4,61.48
92,73,4,84.1
82,83,7,96.68
86,44,8,83.76
55,81,1,55.49
78,60,8,87.8
54,73,1,55.17
44,49,7,65.82
80,93,1,74.45
43,100,8,86.98
42,84,2,59.07
51,87,1,58.86
51,84,2,61.08
98,100,1,80.55
100,74,2,74.81
67,44,6,70.28
42,43,2,43.47
59,91,2,69.8
96,63,3,78.0
98,37,6,80.44
87,38,1,54.9
91,87,8,101.03
79,93,3,80.22
61,51,8,79.07
92,55,7,86.62
76,88,2,73.91
76,70,7,86.93
88,42,5,71.23
88,66,6,84.7
65,46,2,50.58
43,46,7,64.82
48,52,6,64.55
52,49,6,62.81
42,44,3,48.84
62,71,4,71.56
54,38,7,62.27
89,79,4,80.51
65,79,7,82.68
85,48,4,71.21
54,75,7,79.03
42,99,8,85.56
94,63,8,93.53
80,100,8,105.43
53,82,8,85.92
47,96,7,86.48
48,47,4,56.54
73,75,3,72.06
73,43,8,79.68
66,85,3,72.89
49,62,3,58.07
88,35,3,61.07
43,36,4,48.49
60,82,2,64.52
41,69,5,64.03
57,93,2,70.7
59,66,6,73.2
94,40,5,72.71
42,95,3,68.33
96,73,4,82.21
77,70,5,78.9
84,95,8,101.56
62,42,5,61.42
99,39,1,60.37
57,81,4,72.44
55,71,7,75.53
68,50,7,76.94
74,42,6,71.93
41,47,6,56.82
65,63,6,76.68
46,94,7,85.68
53,79,7,80.76
53,67,2,56.05
40,64,1,47.52
89,72,4,77.55
71,65,4,68.05
98,61,4,77.09
59,83,1,59.29
81,45,7,77.48
72,41,7,70.99
98,58,8,93.36
68,54,3,58.67
68,45,7,74.96
72,79,7,86.3
90,35,8,80.72
100,58,2,68.82
92,78,2,75.02
44,63,7,72.52
70,92,3,77.23
47,45,2,45.01
70,54,6,75.37
55,75,8,83.45
98,41,6,77.0
82,55,8,87.8
55,79,2,63.85
42,69,7,71.02
92,54,8,89.08
97,61,3,75.32
55,44,5,58.35
58,65,1,51.35
93,88,8,106.7
71,41,7,69.98
55,95,3,72.72
42,60,3,55.17
100,47,3,70.53
94,67,4,77.96
68,52,7,73.6
51,65,7,75.24
77,60,8,89.13
59,67,1,56.08
72,42,1,47.13
44,74,8,78.73
75,78,5,80.15
47,60,7,72.79
58,82,2,65.87
67,48,8,78.72
75,65,5,73.12
55,93,1,61.71
70,40,1,48.38
75,65,2,64.35
84,91,6,93.59
49,73,1,52.06
82,71,6,83.85
89,65,7,87.17
49,46,4,53.45
60,87,5,78.56
57,67,8,84.26
93,40,7,79.94
60,51,8,78.73
99,85,8,106.09
90,36,2,55.76
59,94,7,87.45
81,67,3,69.1
71,98,5,90.05
47,74,6,69.87
67,41,7,69.67
54,58,4,61.64
81,40,4,62.65
78,45,8,79.08
87,83,4,85.69
67,95,5,82.72
78,47,2,55.34
44,43,4,53.67
78,65,1,60.04
56,91,4,73.61
70,96,4,84.13
62,90,5,79.03
45,62,6,68.38
42,54,4,57.0
80,58,2,63.99
90,38,8,85.28
54,61,3,57.57
59,79,3,66.77
42,62,5,61.57
78,54,3,66.25
48,76,3,64.24
99,62,5,82.75
59,83,3,66.81
75,48,4,66.93
74,85,1,67.78
87,66,1,63.82
83,74,3,73.27
49,96,6,79.87
55,82,2,62.04
41,68,5,62.61
52,70,2,55.75
43,51,2,44.72
91,94,5,95.57
67,73,6,78.61
76,54,8,85.14
42,41,7,63.5
50,45,7,68.33
64,84,5,78.15
50,45,4,52.14
81,54,1,57.74
86,66,3,71.56
80,81,2,73.78
95,68,3,74.68
59,54,5,65.33
61,86,3,70.36
72,82,1,67.16
98,77,1,75.49
54,85,5,72.89
67,40,5,64.56
96,82,5,93.06
57,61,4,64.71
65,75,1,58.86
72,91,6,92.05
84,36,2,56.11
71,37,3,52.2
78,57,6,79.74
78,59,7,84.53
46,96,1,62.15
42,97,6,77.86
74,64,5,77.79
100,95,8,109.03
55,68,1,54.11
90,61,4,74.21
41,45,2,44.55
74,41,4,62.86
42,91,2,63.8
86,59,1,62.49
47,90,4,70.44
58,58,6,68.88
98,81,8,101.3
98,54,3,70.69
74,61,1,60.79
66,64,5,74.02
46,49,5,57.84
99,49,8,89.33
68,61,2,60.65
60,43,6,67.62
67,94,7,90.25
44,61,8,74.84
84,49,2,59.64
96,66,1,69.28
77,92,4,85.75
85,51,8,86.19
43,98,4,69.79
70,43,5,65.09
67,93,4,77.88
98,44,3,65.82
59,68,7,78.23
83,57,6,77.66
100,87,6,97.72
45,87,4,70.79
40,79,7,77.16
54,72,5,68.95
77,93,4,83.61
77,61,5,77.02
56,97,3,75.27
43,56,3,52.05
92,98,2,85.62
91,67,1,66.53
55,83,5,76.38
82,52,5,74.54
73,95,7,92.64
59,91,6,84.01
100,58,8,94.59
78,59,6,78.37
69,95,7,91.13
51,77,7,76.62
67,97,5,85.81
57,97,6,87.73
42,40,6,54.08
67,97,4,82.0
85,64,6,82.53
83,47,8,83.07
89,94,4,91.6
88,42,7,82.48
45,98,3,66.6
49,94,6,78.92
76,74,6,85.43
95,86,4,87.76
100,79,2,77.95
44,46,2,42.26
73,92,3,76.31
88,51,3,69.39
70,88,3,73.16
70,72,8,86.44
91,85,4,83.71
47,74,1,52.64
94,77,3,78.93
95,41,5,73.9
65,73,1,56.38
61,79,6,82.32
50,89,8,85.46
78,42,4,64.38
70,60,7,81.37
97,47,8,90.36
52,43,8,69.98
93,44,4,72.07
78,64,7,85.15
95,84,4,85.56
58,39,8,71.12
100,59,4,80.62
47,90,4,70.79
42,74,3,60.64
95,65,7,91.65
79,72,4,77.1
88,59,3,70.15
64,45,4,59.4
84,51,1,59.2
66,75,3,69.21
95,52,3,73.64
79,91,4,81.57
47,73,8,77.99
88,37,3,60.09
93,74,5,84.98
90,60,5,78.0
58,44,2,46.04
76,94,6,94.94
69,43,4,63.02
96,79,6,95.97
43,96,1,61.79
84,91,3,79.81
92,74,6,91.2
95,42,8,84.91
61,47,1,45.28
79,42,4,62.43
80,92,3,79.09
41,61,8,73.17
89,90,7,98.68
45,44,4,52.14
59,95,1,66.06
95,62,6,87.05
73,61,5,73.77
82,97,3,86.34
65,35,8,71.68
72,66,7,81.34
72,90,8,96.61
49,99,3,71.81
87,52,5,73.01
78,74,3,75.56
54,79,8,86.4
85,90,6,95.52
92,97,3,84.61
89,97,3,83.58
84,97,4,88.52
85,41,1,57.35
51,73,8,82.66
87,84,8,98.53
41,50,5,55.24
73,97,4,86.3
73,98,3,77.5
72,82,5,80.31
74,51,8,83.55
94,92,6,96.55
94,77,7,98.74
58,38,7,67.09
52,61,4,61.15
87,43,7,80.85
72,56,7,79.85
93,70,3,78.2
55,47,8,75.39
85,40,3,64.62
53,84,2,64.54
80,75,5,82.76
43,74,8,77.46
67,67,3,66.52
80,75,4,78.68
65,84,3,70.78
58,96,8,95.8
46,98,7,86.95
52,77,8,81.03
53,65,5,68.25
93,35,2,58.08
47,46,2,43.24
42,42,6,58.33
93,36,3,60.65
80,96,7,95.72
70,82,7,88.35
95,42,1,59.17
91,60,1,64.99
92,40,3,63.66
98,35,7,80.05
64,81,8,92.66
42,83,5,67.49
70,85,4,80.5
99,91,3,89.5
65,60,2,59.04
74,81,6,84.71
82,89,1,73.23
71,91,2,71.07
43,84,6,73.36
89,83,2,77.83
56,97,6,83.4
59,50,8,78.36
62,98,7,93.29
80,75,5,82.94
44,38,8,67.47
56,94,4,78.44
67,63,2,58.16
79,95,5,92.39
81,94,8,103.01
68,96,8,99.99
65,83,4,75.1
56,59,5,68.97
68,97,7,94.89
80,57,2,64.09
96,59,5,83.44
97,62,8,97.42
55,69,5,71.28
76,42,4,61.16
51,99,1,66.63
79,59,8,89.82
49,69,7,76.17
50,88,8,86.67
100,59,8,97.98
100,37,6,78.24
97,36,1,57.49
40,59,7,70.04
95,53,5,81.44
64,56,3,59.73
50,44,5,60.52
59,53,6,69.46
74,50,2,55.41
100,76,6,94.73
42,85,5,71.1
46,81,7,80.22
85,98,2,79.13
96,98,4,91.9
92,95,1,78.19
61,43,5,61.74
49,84,8,88.11
45,65,4,61.61
89,96,4,90.28
71,100,1,71.7
44,98,4,73.35
77,63,5,75.57
43,55,3,51.6
53,83,3,67.52
84,55,5,76.32
52,68,5,66.63
63,93,6,84.37
91,41,1,56.21
86,65,2,69.49
66,81,4,74.4
60,43,1,43.77
91,94,8,107.74
58,61,4,62.63
44,50,1,44.14
93,56,2,65.96
46,72,6,73.07
46,65,4,58.74
52,56,7,70.35
53,53,6,66.54
97,40,4,72.39
43,86,1,53.44
77,85,4,83.57
59,50,3,54.56
81,91,7,98.52
58,97,1,65.55
61,90,5,78.24
65,40,1,44.24
98,66,7,91.14
96,68,8,99.1
80,59,4,72.47
87,46,6,77.35
85,69,3,75.74
53,45,6,61.9
55,91,4,76.74
67,36,3,52.06
56,97,8,91.2
44,43,6,61.39
54,51,8,74.32
85,80,8,96.28
81,72,4,77.62
79,51,3,61.55
85,54,7,83.44
99,51,5,77.72
45,74,8,82.32
92,36,5,68.48
52,65,4,64.94
50,59,3,57.26
83,66,8,94.43
90,56,6,79.96
78,37,3,58.05
64,64,1,53.81
75,86,2,72.19
84,81,4,82.18
64,36,5,60.36
80,58,3,66.0
88,66,1,63.61
52,83,2,59.01
65,53,3,59.27
65,35,6,64.11
93,84,1,76.03
51,64,2,52.37
98,60,4,76.75
69,90,7,92.39
86,53,4,70.8
97,36,8,84.13
70,55,5,71.7
94,39,3,66.52
41,74,1,51.22
95,83,4,89.93
84,49,1,55.15
57,68,7,79.38
51,59,6,69.99
99,41,5,75.06
99,74,8,101.43
82,86,5,90.18
100,38,7,80.64
61,73,3,66.01
70,75,7,84.19
93,73,2,72.25
96,80,8,102.1
61,51,8,79.52
68,80,5,79.12
73,85,3,76.4
43,35,3,42.91
63,53,4,62.26
62,66,8,82.59
70,43,5,62.69
66,58,4,64.63
81,54,4,72.45
47,77,7,76.26
54,63,4,60.32
77,37,5,65.21
98,69,6,92.27
74,54,3,63.57
40,86,2,56.56
92,42,4,70.93
50,41,7,61.64
74,64,2,63.36
48,97,6,80.53
54,91,4,75.43
86,61,5,78.45
72,65,7,80.57
51,76,5,70.96
47,80,5,70.73
84,92,8,101.72
47,49,6,64.84
55,98,1,67.47
47,47,7,66.32
64,44,6,67.87
40,88,5,73.33
44,74,1,52.76
41,50,8,68.01
61,50,5,64.67
100,44,3,68.75
78,57,2,64.56
88,65,7,87.05
69,78,6,81.93
88,35,4,64.63
86,53,2,66.44
51,63,7,72.46
86,84,1,74.47
56,74,5,72.15
61,100,4,78.42
69,74,5,76.25
47,94,4,74.93
88,75,5,83.25
51,57,5,64.69
54,62,8,76.98
76,73,3,69.44
48,64,3,59.41
80,52,6,75.8
47,68,5,67.43
57,92,6,80.61
93,88,3,86.7
82,43,7,77.23
42,77,5,69.6
94,41,2,62.28
71,54,1,54.04
52,84,3,65.83
51,55,3,52.08
78,36,3,60.26
95,39,2,62.9
60,70,5,72.57
96,93,3,86.23
73,72,5,77.15
48,95,3,69.88
63,35,1,41.96
45,57,4,58.3
64,99,1,68.92
74,88,5,87.18
97,95,8,106.07
84,63,4,72.82
64,69,3,63.73
54,92,3,68.21
73,95,8,101.64
89,94,4,90.49
83,88,4,82.51
98,97,4,95.09
91,92,2,80.84
43,79,4,63.35
59,96,7,87.04
52,80,8,87.04
62,70,7,80.14
65,57,6,70.79
66,100,6,88.07
99,58,1,65.91
77,89,1,73.39
99,38,4,70.52
96,93,5,95.42
78,65,5,77.51
81,66,4,76.37
95,73,2,72.34
99,52,5,82.72
87,81,2,74.81
59,45,2,48.69
70,44,7,72.32
56,42,5,60.0
73,66,2,64.59
64,66,2,57.91
83,65,4,75.92
53,100,1,67.93
44,44,1,40.87
69,64,4,70.03
70,67,8,85.93
58,100,8,96.33
40,48,8,69.99
59,92,2,71.17
42,58,8,69.31
88,62,8,93.68
95,64,7,91.69
57,65,1,50.34
68,37,2,48.81
54,82,7,82.01
66,85,6,86.82
55,43,2,49.39
95,68,3,78.43
83,60,1,61.8
50,57,3,52.03
51,70,3,61.62
81,63,7,87.81
78,79,5,80.41
98,78,8,100.47
68,57,4,68.63
45,78,7,75.33
68,67,2,62.37
42,45,2,42.78
99,94,5,99.81
87,93,5,94.66
94,70,5,83.18
79,87,6,87.72
57,79,7,82.21
48,83,4,66.78
82,69,2,66.66
49,40,3,46.03
63,65,3,61.53
94,40,5,71.24
75,100,1,71.59
45,59,6,64.2
64,54,5,66.66
70,78,5,77.26
53,72,2,59.57
57,97,2,68.05
56,83,6,76.88
60,94,5,80.29
51,40,4,52.12
86,62,8,90.47
78,95,4,82.24
83,47,8,81.9
92,68,7,89.7
93,83,2,79.18
54,86,4,72.45
95,82,5,92.43
51,90,3,68.03
67,85,5,81.71
96,64,8,93.72
45,85,1,56.97
46,40,5,53.08
66,58,6,71.96
71,73,1,63.72
59,45,3,54.79
61,83,6,81.9
70,61,8,82.56
83,87,4,84.65
71,90,3,75.83
54,86,3,70.17
51,60,6,69.25
42,64,8,73.74
75,85,6,89.53
45,88,5,70.6
53,41,5,59.09
56,70,5,73.02
72,69,5,77.59
51,92,2,63.71
80,70,2,67.67
52,79,1,57.08
51,70,7,73.73
54,52,4,56.83
95,84,3,80.67
69,91,2,71.0
44,98,7,86.39
47,38,2,42.17
66,72,2,60.9
44,97,1,62.51
68,79,1,64.88
85,42,7,77.37
100,57,5,83.83
61,40,2,51.1
56,36,8,67.43
56,51,8,75.37
58,87,3,69.07
91,59,2,65.05
59,65,2,57.47
90,73,3,77.18
46,47,1,38.73
40,37,5,51.26
43,35,2,36.39
69,90,6,86.74
71,96,8,101.06
59,65,7,78.58
50,36,8,68.5
85,94,2,82.26
73,64,6,81.52
48,76,2,54.63
61,57,5,64.41
54,45,5,60.45
67,48,2,56.63
56,75,5,71.54
88,53,3,66.36
100,93,5,99.58
47,58,8,72.4
60,79,1,61.82
97,65,8,99.36
84,49,8,87.07
74,63,8,89.72
58,96,8,96.01
48,95,2,63.71
97,39,4,67.86
72,86,6,86.97
52,40,5,56.65
71,55,1,52.67
97,88,1,77.67
56,42,5,61.9
80,38,5,65.13
58,51,7,72.16
72,91,1,70.64
72,84,1,67.51
100,58,1,68.33
78,56,8,83.48
86,42,2,61.36
82,84,4,83.77
58,82,2,66.74
64,44,6,68.17
42,40,6,57.78
56,80,1,61.24
92,54,4,73.53
81,55,3,64.28
96,87,2,81.82
82,98,2,77.74
84,65,4,75.28
93,60,2,68.88
76,47,2,58.73
55,35,3,47.39
89,72,3,75.7
84,87,4,83.52
48,87,1,55.02
73,98,6,93.14
58,48,5,62.92
76,84,6,89.95
99,45,6,79.31
75,74,8,93.36
92,47,1,57.08
40,80,5,70.48
65,82,4,74.47
71,69,7,84.38
82,44,6,72.39
71,98,2,78.36
92,56,4,73.54
75,44,1,53.05
46,95,5,76.03
67,88,4,79.29
85,75,7,90.36
44,42,5,51.79
41,87,5,71.4
100,51,1,64.86
98,83,1,78.34
58,63,4,61.46
65,56,5,69.69
52,100,8,92.01
84,84,6,94.02
95,83,2,77.87
79,61,1,61.95
65,95,1,70.34
98,87,4,88.33
88,71,8,96.74
60,46,7,72.08
56,92,2,68.03
90,58,6,85.91
100,79,1,77.12
99,94,8,106.67
88,47,8,87.27
58,49,6,65.48
70,60,7,77.29
46,95,3,68.68
71,61,4,68.15
62,85,5,81.0
76,49,6,76.62
97,93,8,106.19
47,65,1,50.51
47,95,7,82.97
77,43,2,53.76
85,63,3,72.62
89,55,5,77.95
47,84,2,57.88
88,93,4,90.29
79,99,2,79.46
58,53,2,52.7
47,83,4,65.3
52,42,2,42.79
96,66,8,97.34
43,48,3,48.57
44,90,5,71.05
91,49,6,79.2
59,79,4,74.19
47,53,6,61.47
78,64,2,63.58
65,36,1,42.92
93,83,3,83.09
77,40,1,53.21
43,37,1,34.82
41,65,8,75.59
75,48,5,67.23
50,93,2,64.7
44,56,2,45.93
69,73,8,87.89
47,54,1,42.09
64,77,8,88.22
52,86,3,64.44
47,42,5,53.17
71,53,6,73.55
57,78,7,79.85
74,35,3,56.93
47,47,7,66.5
55,45,1,41.14
41,90,2,59.42
58,89,6,79.98
41,35,2,37.08
52,54,1,45.51
82,53,2,63.83
46,43,2,40.79
94,94,4,89.66
96,57,1,63.13
92,76,3,82.19
55,96,4,76.76
78,62,2,66.33
72,56,6,74.6
46,63,7,72.86
58,67,8,84.42
74,35,8,74.8
61,94,3,75.89
40,80,2,55.06
64,56,1,53.73
48,64,2,51.65
82,70,6,82.07
94,57,2,70.04
66,49,3,57.33
50,71,6,73.56
51,99,8,91.85
73,90,3,75.2
49,54,8,73.7
98,65,7,91.49
59,97,3,76.04
78,89,1,73.78
96,86,2,82.21
65,86,5,78.62
70,74,3,71.4
40,84,4,68.3
91,59,1,66.19
73,37,4,59.61
51,79,3,61.7
49,97,5,76.31
55,56,6,69.83
100,88,2,82.64
81,52,5,71.73
71,98,8,102.38
96,57,2,68.52
64,43,2,48.93
68,100,8,96.97
44,99,2,66.02
70,77,4,72.1
74,96,6,94.67
98,47,3,72.21
47,77,2,57.79
65,75,8,89.36
77,47,2,55.78
58,49,1,44.47
55,76,7,83.14
95,86,4,85.83
85,37,1,52.49
79,94,1,73.52
64,95,2,73.17
97,91,3,85.18
66,88,1,66.67
99,53,8,94.32
53,97,5,77.06
42,94,3,66.68
65,97,5,87.1
67,86,3,76.17
73,75,7,84.93
54,70,3,63.1
80,35,5,67.84
75,56,3,67.15
56,73,3,66.49
83,45,7,77.21
53,72,7,75.88
49,55,1,44.03
89,35,6,74.19
85,57,8,91.22
52,76,5,73.95
78,76,4,75.07
80,47,3,65.09
48,39,3,47.74
76,90,8,97.33
94,49,4,74.78
84,91,3,82.77
86,68,8,92.02
56,49,5,64.95
48,39,2,45.54
58,98,4,78.51
99,51,8,91.75
75,93,4,80.89
83,53,2,65.26
54,49,1,42.4
51,96,2,64.5
82,53,3,64.86
77,90,5,87.48
67,37,7,66.65
49,38,6,61.04
61,80,2,62.97
50,95,5,75.66
70,61,4,66.3
44,78,8,79.27
100,44,1,62.19
68,43,5,67.26
83,84,5,86.32
48,87,4,67.48
74,35,3,56.85
41,55,4,53.31
92,78,8,102.12
79,91,4,86.01
84,53,1,60.6
96,43,4,72.56
55,86,6,79.52
82,57,6,81.77
84,65,7,88.68
73,58,3,62.13
61,77,2,61.33
96,91,8,106.85
83,62,4,73.69
81,76,7,89.75
74,73,5,80.17
65,36,8,70.5
96,60,6,86.94
66,100,5,88.54
83,70,8,93.41
58,65,3,59.21
72,90,6,91.2
87,70,5,81.9
61,72,7,83.13
52,38,5,53.83
87,38,3,62.85
41,43,5,56.0
97,59,2,68.37
42,91,6,77.69
76,89,6,92.1
85,35,4,66.1
73,82,2,70.2
100,70,4,83.18
88,48,6,75.8
68,43,7,74.12
67,70,5,72.31
82,97,5,91.81
81,78,4,79.24
43,91,5,73.56
61,40,8,72.39
66,50,3,58.89
64,74,3,65.72
84,82,8,96.03
73,69,7,86.74
66,80,6,82.8
95,98,4,92.73
60,73,8,86.26
100,64,2,70.74
45,47,2,46.04
55,76,8,82.14
91,91,6,98.01
48,91,4,73.19
77,73,5,81.99
53,62,5,66.64
74,64,6,81.54
56,59,6,67.45
50,51,7,69.66
96,52,5,77.38
50,63,7,74.92
95,97,1,83.27
89,62,1,67.11
41,36,3,41.68
68,46,2,55.76
75,64,4,71.45
53,47,3,49.04
66,35,4,58.88
64,37,3,49.66
93,99,2,85.19
52,74,5,70.87
55,87,8,91.34
44,77,2,55.06
78,67,5,80.08
70,45,3,55.79
64,98,4,78.48
79,43,5,68.1
41,78,3,61.86
97,100,8,107.95
90,46,3,65.43
49,73,8,82.07
84,39,5,66.45
40,66,3,54.22
69,55,6,71.11
41,82,4,63.21
99,38,1,59.46
85,79,3,80.36
50,77,5,73.63
61,40,2,50.55
98,86,5,91.43
46,100,1,59.56
78,43,7,78.24
75,94,8,97.21
84,59,5,79.5
61,82,7,83.14
77,61,6,81.71
94,83,1,77.56
53,69,1,49.93
95,52,6,84.04
92,57,7,88.75
40,40,7,61.18
100,61,3,76.52
63,85,8,88.54
60,71,1,53.88
84,92,4,87.15
60,93,4,77.03
90,91,4,88.44
66,83,5,77.09
82,53,1,56.06
45,85,3,66.8
90,99,4,92.13
48,71,3,61.17
87,41,2,62.13
81,49,7,80.54
95,39,8,83.46
44,83,1,56.15
40,61,7,69.17
61,46,2,50.65
40,62,2,48.99
100,37,2,61.55
45,35,5,50.08
63,83,6,84.6
69,61,3,62.78
51,83,8,87.59
73,80,4,76.55
55,84,7,84.44
52,90,5,79.14
57,77,1,59.47
56,40,8,69.58
81,66,5,78.93
66,88,8,92.75
57,48,5,62.72
65,50,6,72.59
98,65,8,100.09
57,95,6,82.56
63,39,5,60.63
87,39,5,72.46
100,40,5,76.7
66,69,7,79.85
66,94,5,83.02
70,85,2,72.64
44,79,3,61.81
42,46,8,64.85
67,93,6,87.99
72,41,8,74.79
75,74,1,63.11
94,77,1,73.25
84,95,3,83.58
92,60,3,75.07
66,93,7,89.86
81,50,3,63.51
76,98,5,91.65
64,78,1,61.11
83,52,3,63.01
90,68,8,95.67
82,79,5,83.6
76,39,8,80.84
55,50,3,53.41
90,49,5,74.73
60,44,6,65.33
82,42,8,82.67
58,71,2,60.42
87,55,2,63.5
64,66,8,83.9
77,93,7,98.17
59,51,2,49.22
50,56,1,44.33
96,86,5,94.54
46,68,2,56.14
48,40,3,46.57
59,52,5,63.08
98,48,7,87.62
48,96,1,63.71
47,79,8,85.32
51,95,1,65.03
60,71,7,81.74
94,48,2,64.33
56,43,1,40.84
89,97,1,75.69
81,57,5,77.26
84,97,6,97.91
82,64,4,75.16
57,53,7,72.44
71,75,8,87.71
73,48,8,80.47
50,67,8,80.96
78,68,2,63.41
97,62,4,79.39
93,86,2,78.72
88,99,2,80.38
96,79,4,84.45
83,53,6,78.61
72,47,1,53.55
84,88,7,94.47
64,43,5,61.43
43,95,7,82.98
68,94,1,69.8
100,60,6,87.24
45,46,7,63.24
68,62,1,56.36
77,92,1,69.34
88,79,4,83.58
72,91,8,99.88
89,97,6,95.55
90,61,3,70.38
80,55,6,75.19
91,67,3,77.49
71,57,6,76.71
81,64,7,88.04
45,64,6,66.27
75,96,8,101.83
47,47,3,51.15
40,55,3,49.97
65,97,8,95.34
100,39,7,81.82
90,55,3,68.69
62,76,8,85.66
59,69,7,79.69
42,95,8,89.32
54,97,2,71.31
83,55,7,84.26
62,90,5,83.1
72,45,5,65.82
99,36,3,67.28
45,68,5,68.11
84,85,7,96.37
68,82,3,71.27
77,46,2,60.14
91,87,3,84.52
43,48,7,63.29
49,56,7,69.12
84,69,2,70.79
50,37,3,46.24
99,43,8,86.59
57,47,6,68.08
65,83,5,76.35
84,72,8,94.58
79,81,7,93.25
52,87,7,84.51
50,35,6,57.66
59,95,2,67.17
61,87,6,84.72
99,65,2,72.65
77,88,5,87.0
100,67,5,84.75
86,73,3,75.41
48,77,1,53.69
57,94,1,67.18
54,100,7,88.43
70,48,7,74.72
68,41,4,56.61
74,62,8,86.97
50,40,4,50.7
97,92,5,97.8
76,81,3,74.62
51,70,4,65.43
64,79,3,66.67
85,74,4,80.13
89,88,8,101.31
81,38,3,60.41
71,48,8,80.16
79,36,2,53.11
88,50,2,60.78
74,59,6,78.04
43,63,5,62.41
60,40,2,50.02
43,53,7,64.54
86,85,5,91.22
93,70,6,88.83
40,86,6,77.27
80,51,7,80.94
63,77,1,61.22
97,41,3,70.16
89,36,4,66.71
94,39,5,74.2
64,36,4,56.7
84,78,8,95.53
69,94,8,95.42
64,98,6,90.9
89,90,1,74.63
47,83,8,81.87
47,90,4,70.74
55,51,4,57.36
43,42,3,45.36
68,62,8,84.37
71,54,7,76.26
79,63,8,88.38
63,55,1,53.29
69,65,6,76.33
85,64,6,86.04
80,78,8,93.44
48,84,1,56.99
60,98,1,66.45
100,44,7,86.26
64,63,7,79.07
56,84,1,58.15
44,87,1,56.25
98,92,2,81.34
70,52,4,66.94
71,95,1,68.68
87,61,4,73.83
72,35,2,48.59
70,81,3,73.21
84,85,4,81.53
81,52,8,87.53
50,63,2,54.75
72,99,3,81.79
84,100,6,99.22
61,55,7,72.41
74,39,1,49.58
97,62,6,86.27
60,86,8,90.33
93,59,5,78.98
51,71,1,54.0
57,45,5,62.28
48,54,6,63.35
94,77,2,74.92
96,35,1,57.88
66,62,6,76.44
86,63,6,85.45
52,49,3,49.79
40,63,8,73.36
56,86,1,59.74
91,88,2,82.02
88,80,1,69.57
86,49,6,80.76
45,81,3,62.37
40,88,3,64.25
88,67,5,79.45
69,94,2,72.7
80,48,6,76.52
68,35,3,53.98
61,65,1,51.57
98,89,3,86.52
99,45,2,63.67
54,65,1,49.08
89,64,1,64.39
45,52,8,67.82
78,98,5,91.48
92,53,3,67.07
68,37,2,51.21
65,51,8,81.37
66,59,8,79.55
59,88,6,84.44
75,69,2,66.93
59,66,7,75.72
47,87,3,64.2
61,48,3,54.39
99,95,4,92.39
88,77,2,74.35
74,46,6,73.76
57,93,3,74.72
77,78,8,94.32
83,62,5,79.72
50,67,7,72.55
52,86,7,85.1
54,64,7,74.87
69,83,2,70.0
86,82,6,88.28
56,48,7,67.32
44,65,7,73.41
56,53,2,48.89
99,99,6,104.1
97,45,2,62.8
53,98,6,84.77
62,39,2,50.43
60,78,3,68.89
64,41,4,59.27
95,67,3,77.4
66,51,8,79.97
76,40,6,70.26
65,47,1,49.91
77,75,8,94.78
53,73,2,57.14
65,49,6,69.63
61,56,1,51.4
97,53,5,80.98
92,95,8,109.57
72,83,2,70.32
75,93,2,73.2
60,75,4,67.07
90,40,3,65.35
71,39,2,51.65
94,62,4,81.32
55,91,7,88.08
50,100,4,78.03
57,46,1,47.99
89,59,8,90.92
49,51,4,55.09
63,60,8,80.63
54,100,1,65.36
85,92,6,93.31
83,48,5,72.08
55,98,2,67.68
59,64,7,79.13
54,64,3,57.28
100,55,4,78.6
73,99,7,98.13
80,81,3,73.68
61,59,8,82.15
81,89,6,92.01
93,67,1,65.69
53,44,5,56.03
62,99,8,94.79
87,40,6,74.33
92,61,5,82.65
94,38,1,54.94
57,49,2,50.96
88,58,7,83.58
40,73,1,48.69
71,73,4,72.24
43,41,4,48.86
79,71,2,66.47
66,44,4,60.69
94,81,3,79.24
57,45,5,59.12
72,42,8,80.52
86,54,2,64.21
67,53,4,61.82
44,68,6,66.02
90,47,2,65.47
47,64,7,74.89
92,88,3,82.14
43,61,7,67.14
51,54,1,44.5
85,52,1,60.81
79,68,4,72.6
41,97,4,72.18
59,50,5,63.17
69,78,7,87.41
81,97,1,74.06
89,52,6,80.0
48,60,2,48.54
79,91,8,101.69
41,49,3,46.63
42,70,7,74.11
78,39,6,69.38
67,62,7,78.15
83,72,1,65.83
48,76,3,60.25
52,91,2,65.47
58,56,2,50.78
48,63,6,69.88
71,42,1,47.28
45,76,5,69.79
71,86,6,85.88
41,89,8,85.63
55,42,5,57.36
44,90,7,81.47
78,88,7,96.75
84,86,3,78.27
82,71,7,87.22
51,53,6,65.56
70,74,2,68.18
71,39,5,62.2
57,50,1,44.14
80,50,3,63.26
96,75,8,102.99
91,40,8,83.5
79,53,2,63.57
54,74,7,80.27
79,35,5,63.25
96,41,4,68.03
57,73,4,68.43
42,98,3,70.31
55,64,2,53.26
85,87,7,99.42
94,63,8,94.65
98,43,2,64.49
96,54,7,85.58
55,68,1,55.53
71,59,3,61.25
91,48,2,61.83
91,41,7,81.52
92,37,6,77.43
63,55,2,52.28
65,91,2,72.6
90,99,1,78.36
55,67,4,63.94
85,57,5,76.51
49,74,6,71.5
57,52,8,76.92
96,76,3,79.63
94,40,8,84.65
69,59,6,74.37
57,36,7,67.59
67,54,2,58.87
53,78,6,77.84
97,63,6,86.98
53,52,4,55.54
92,87,2,77.03
65,81,2,65.33
81,61,7,81.92
40,63,4,60.19
65,49,6,70.0
89,67,8,95.33
81,55,1,58.37
86,42,2,56.7
53,36,2,41.91
99,87,5,92.41
48,74,3,62.03
58,57,8,77.47
70,60,8,81.84
84,58,4,71.57
43,94,7,83.93
63,38,1,45.43
90,48,4,72.33
100,55,1,64.44
64,44,6,64.36
72,66,3,69.9
44,97,7,83.77
90,42,8,87.3
87,53,3,65.95
53,35,8,70.19
93,64,2,68.99
99,85,2,83.68
79,90,5,85.94
68,77,8,92.02
42,56,7,70.0
90,94,6,98.63
72,63,1,55.61
47,79,7,79.97
46,81,8,85.17
66,82,7,85.18
87,84,5,86.0
97,44,4,73.73
63,70,5,70.82
93,49,7,83.84
44,42,5,54.25
69,46,6,67.28
100,42,4,75.09
61,72,7,78.97
65,94,5,80.63
62,95,6,85.61
61,36,4,56.87
63,46,8,78.33
69,100,5,85.4
41,56,4,54.71
43,95,7,85.78
90,63,2,66.89
72,98,8,102.08
88,90,3,82.76
56,73,2,57.26
40,67,4,57.64
64,72,5,73.59
52,64,5,63.7
84,76,3,76.21
84,91,4,83.91
72,56,3,63.11
68,89,4,77.58
85,95,1,73.45
67,38,6,67.22
90,46,1,59.12
74,88,2,72.98
97,76,5,89.86
69,41,7,72.27
47,64,4,59.83
46,67,8,79.73
91,66,4,76.38
55,63,3,58.86
42,36,1,36.5
88,89,7,96.35
42,41,5,54.99
89,41,6,77.26
49,100,7,86.01
71,84,7,90.16
72,87,1,65.01
56,60,2,56.08
42,64,5,61.68
63,63,5,68.38
52,41,8,70.24
99,52,2,68.94
79,100,3,82.04
80,59,4,68.93
66,86,4,79.28
72,70,5,74.55
73,76,4,73.7
59,64,6,75.14
58,73,5,71.95
96,96,1,80.44
80,36,5,67.71
82,84,3,78.77
70,68,1,60.32
51,80,5,74.02
72,59,1,54.05
40,90,1,54.66
49,59,2,53.69
95,86,3,85.75
56,57,2,55.43
48,91,2,64.52
70,81,2,68.79
77,48,7,77.72
46,58,1,43.63
61,83,5,78.17
60,49,1,46.08
68,43,4,60.64
45,45,1,38.52
87,85,6,90.27
48,47,5,55.1
76,60,6,75.81
79,89,6,90.63
73,39,3,54.84
59,58,4,61.96
58,38,3,49.15
41,96,1,56.16
72,47,4,65.19
86,76,2,74.25
80,47,3,60.18
89,43,8,81.88
46,65,6,66.35
58,42,7,69.13
80,75,7,91.59
41,87,5,72.82
85,93,4,89.96
84,98,2,78.38
92,62,8,93.46
44,72,4,59.87
70,46,8,78.61
98,91,2,85.14
45,85,8,83.34
57,40,2,44.3
90,50,5,76.89
93,97,4,90.1
80,66,7,85.98
83,69,8,90.03
59,75,6,74.96
98,44,7,87.18
45,52,4,52.84
41,100,5,75.81
79,64,7,83.18
80,56,6,81.37
68,60,2,57.73
91,44,5,71.22
60,37,2,48.58
78,49,1,52.3
87,76,8,97.08
57,85,8,87.28
54,99,2,68.81
55,91,7,86.74
87,63,5,80.66
66,86,7,89.22
45,79,8,82.45
68,64,4,69.37
65,49,7,72.63
79,97,3,84.5
83,98,2,79.83
98,86,1,74.72
69,100,5,89.4
73,64,6,78.42
94,76,5,86.42
85,88,2,77.36
47,37,7,61.53
91,53,4,74.72
96,44,8,86.06
55,52,4,60.03
40,77,3,58.45
52,35,4,48.74
79,97,1,74.38
85,38,7,77.7
77,80,5,81.84
58,87,1,60.87
93,76,8,100.98
67,77,5,79.93
98,60,3,76.28
58,84,7,85.63
70,70,1,57.32
77,49,4,65.27
87,80,2,73.08
63,43,3,56.88
43,51,1,38.6
54,68,7,76.24
90,94,2,84.29
42,86,7,76.42
62,77,6,82.17
43,69,1,51.47
79,82,1,69.47
95,38,2,62.27
41,99,3,69.25
62,62,3,64.55
92,82,7,100.12
66,96,1,69.28
77,37,5,66.69
79,56,2,60.74
61,66,7,81.41
83,85,3,79.45
69,88,6,84.75
40,40,2,41.78
66,40,2,53.14
96,79,6,92.37
93,97,5,96.11
88,41,2,60.34
98,85,2,79.93
75,92,1,68.69
76,53,5,69.99
55,58,2,53.35
62,39,6,65.21
58,54,7,73.85
63,91,6,88.53
82,40,8,78.19
44,77,2,55.67
73,97,3,81.77
79,72,4,79.34
72,51,6,70.72
71,93,6,92.56
63,88,3,74.52
67,72,3,65.46
75,40,6,68.46
69,88,4,79.57
56,67,7,74.43
80,64,1,64.25
62,84,7,86.86
56,46,4,59.57
89,94,5,94.03
95,70,2,74.94
61,51,6,67.98
93,64,3,75.07
70,58,8,86.08
73,72,7,85.85
42,78,1,51.62
100,63,4,79.97
86,45,5,73.78
42,87,5,69.35
94,48,3,66.07
58,68,4,64.27
82,100,1,76.79
79,99,6,94.66
70,98,3,80.55
46,35,2,40.7
55,61,5,67.67
87,48,2,62.99
88,98,5,92.63
94,100,1,80.39
98,55,8,95.72
93,99,8,110.51
76,53,3,64.56
59,58,8,79.62
69,81,3,74.95
56,54,8,76.26
45,59,6,65.67
93,87,8,104.27
49,67,4,60.33
58,44,7,66.32
81,90,6,90.45
84,51,1,57.57
88,92,6,94.26
44,45,5,54.07
100,93,8,106.27
41,67,4,61.71
87,77,6,90.19
52,43,4,51.6
94,71,4,81.53
70,72,8,89.97
42,51,3,50.87
86,80,7,91.46
62,93,7,91.44
49,56,5,61.17
57,49,2,52.02
97,58,5,80.65
98,36,3,63.99
75,97,5,86.76
68,96,6,88.93
71,38,5,63.77
96,72,1,72.94
62,62,4,67.58
79,48,7,76.3
45,64,1,48.87
47,61,8,77.19
40,77,2,57.6
88,50,6,81.11
56,37,5,56.92
74,98,6,92.81
100,89,6,102.22
69,77,6,83.45
88,90,5,90.37
65,37,6,62.26
65,62,4,65.0
98,81,7,101.23
48,59,4,59.6
41,77,7,75.55
79,66,8,88.74
65,48,5,66.99
51,66,1,49.28
89,77,1,71.24
96,45,6,82.69
98,86,7,103.44
78,100,7,100.24
53,54,2,52.28
54,52,4,59.82
82,87,5,88.09
45,88,3,65.62
54,76,1,58.31
60,64,2,55.38
49,85,8,86.55
75,35,8,75.03
83,73,2,70.37
52,65,4,63.65
76,99,1,71.27
96,55,5,81.7
54,59,6,69.39
58,70,2,59.41
87,39,2,58.02
88,97,3,88.33
40,55,5,59.67
85,38,2,58.9
91,98,8,107.02
52,50,6,67.52
57,93,7,88.83
43,87,7,82.58
41,66,8,76.27
54,47,1,43.3
74,68,1,61.81
51,72,1,50.89
48,95,6,81.52
100,40,2,61.04
59,73,8,83.71
88,73,4,78.74
64,44,8,76.31
44,85,4,65.27
93,61,5,81.02
91,42,4,66.47
91,37,3,65.93
67,76,3,66.46
69,49,2,52.58
91,89,7,97.65
99,48,4,74.08
70,84,7,90.7
52,97,6,86.13
49,99,2,69.9
92,77,4,83.74
98,53,8,93.67
58,82,2,62.24
84,48,6,79.38
91,57,7,84.87
96,99,3,91.22
90,35,6,71.86
49,59,7,72.74
41,61,8,75.0
76,85,7,90.16
57,81,1,56.93
46,73,1,54.53
54,100,7,91.64
82,59,3,70.58
71,55,2,58.12
62,75,8,84.99
63,48,8,78.24
61,71,5,72.76
69,66,7,84.97
79,43,4,63.53
50,50,6,62.26
80,73,4,77.81
66,37,2,51.45
40,83,5,68.43
63,72,3,65.55
51,86,4,69.07
90,71,3,75.71
64,85,6,84.08
50,74,8,79.37
90,43,2,61.84
77,100,3,83.22
71,69,5,74.52
49,55,7,68.92
55,100,5,83.22
77,91,1,73.75
70,73,8,89.4
83,67,8,93.7
93,44,5,72.71
42,68,3,58.59
79,59,6,76.48
74,73,5,77.53
60,100,5,84.69
55,81,4,68.69
48,58,5,61.65
64,74,4,72.07
68,80,2,66.02
97,95,8,109.45
63,40,4,56.58
64,59,5,71.79
99,41,3,67.78
97,44,1,63.14
69,98,4,80.5
61,57,4,63.56
65,83,7,86.28
91,83,6,94.68
67,97,3,77.21
81,89,2,78.2
77,85,2,73.69
99,49,6,85.82
100,87,4,89.11
93,92,3,86.38
96,47,5,78.63
60,89,7,90.54
83,68,1,67.01
54,69,7,76.67
42,35,4,48.53
94,38,6,78.52
53,68,6,73.78
96,38,1,56.76
62,40,6,65.03
43,88,8,86.59
76,77,1,63.58
48,80,8,82.5
82,98,2,80.73
100,71,2,77.81
91,56,5,78.99
73,62,6,78.03
92,45,2,62.14
66,89,5,81.96
77,50,2,55.82
61,84,8,92.12
62,56,8,77.79
63,76,1,59.79
69,98,8,98.27
67,42,4,56.74
60,93,6,83.82
86,67,2,66.97
84,82,6,90.16
56,74,3,65.43
86,85,8,97.44
74,38,1,49.27
55,40,2,45.8
47,71,5,69.83
82,89,8,101.81
69,63,5,74.79
69,47,3,56.1
61,84,8,92.47
49,52,3,49.91
87,97,6,94.65
67,68,2,59.8
95,97,7,104.11
51,75,6,73.96
77,96,2,79.24
90,55,7,84.03
87,53,5,78.03
69,43,2,50.92
84,40,8,79.32
40,55,1,43.79
73,78,2,69.35
79,82,7,94.21
52,99,7,86.3
66,54,5,67.34
42,88,1,58.94
53,65,2,54.09
48,76,1,51.8
79,100,6,94.14
65,80,4,73.31
56,72,8,85.98
51,86,1,61.58
83,53,4,68.49
69,45,7,74.16
50,89,7,83.11
62,81,2,66.6
74,77,5,81.6
97,68,2,71.87
66,79,2,63.08
60,70,7,79.66
82,98,1,76.14
80,42,6,71.73
69,57,2,56.48
67,53,7,75.19
63,64,1,54.34
94,37,3,62.06
96,73,6,89.24
87,77,3,75.73
52,97,1,63.07
71,75,1,61.44
92,96,4,90.28
64,35,1,43.74
82,74,8,95.02
85,83,7,96.39
65,41,2,52.26
77,84,8,95.47
89,42,4,70.29
95,55,5,78.09
51,61,8,76.96
83,43,4,65.65
97,84,7,99.66
61,81,7,82.04
100,58,6,87.14
45,89,7,83.25
75,88,5,87.27
73,89,4,79.89
99,85,1,75.3
40,95,2,59.21
73,54,3,59.86
77,49,1,55.59
56,47,2,50.23
71,42,5,63.56
68,36,2,52.55
96,37,6,79.01
100,100,3,94.68
48,66,5,66.3
83,96,6,97.54
44,45,7,64.28
61,84,3,70.14
81,62,5,75.21
81,45,8,80.38
97,44,5,74.73
51,49,1,44.29
44,52,8,69.81
43,50,5,59.29
96,63,2,71.94
67,88,8,91.38
69,82,6,87.35
40,68,5,61.94
64,42,7,70.08
49,80,6,78.11
59,74,6,78.2
87,38,1,56.52
60,66,1,52.65
82,90,5,90.56
53,73,5,67.87
59,52,7,69.78
53,98,8,91.03
53,66,7,77.62
98,37,3,63.48
56,96,7,88.8
87,62,6,82.16
76,96,7,94.32
64,53,6,68.17
75,81,6,85.61
83,69,4,76.74
40,77,6,73.75
88,52,7,82.13
42,90,2,63.72
42,61,1,42.83
82,74,3,74.76
86,66,1,62.56
96,37,2,62.97
70,84,3,75.84
44,54,8,70.35
60,45,2,51.42
56,64,4,62.49
62,60,2,59.39
70,61,2,58.91
75,89,2,76.6
55,77,6,77.48
99,67,2,75.92
61,62,5,68.28
69,60,7,81.5
88,73,1,70.07
97,72,8,102.27
74,58,3,66.98
72,47,6,73.62
83,70,3,72.75
68,88,8,94.08
82,49,8,85.5
85,85,2,77.95
90,45,5,72.74
85,60,1,64.27
74,70,4,74.39
79,75,6,83.4
64,86,1,64.49
60,82,5,78.91
82,42,8,83.58
93,88,1,74.38
76,77,8,93.12
47,98,2,63.2
72,46,5,67.13
67,61,6,73.4
93,84,7,100.3
61,39,4,58.78
83,56,6,77.92
88,100,4,89.27
54,84,3,66.46
63,79,3,70.98
94,76,4,82.21
90,53,5,75.32
55,64,5,67.59
50,100,1,63.49
84,38,6,71.55
87,59,8,89.57
46,59,5,60.56
79,44,3,62.14
89,73,5,87.17
65,78,1,63.67
72,71,8,87.35
97,58,2,71.29
62,57,8,76.84
77,69,4,72.28
49,65,3,56.06
77,93,1,69.68
95,56,7,88.62
53,83,7,79.96
47,64,3,53.97
73,82,2,68.04
91,73,2,76.35
75,61,6,76.6
85,96,8,105.64
58,71,4,68.61
47,95,6,83.53
66,59,6,71.29
96,91,5,92.22
95,47,3,70.34
49,39,8,68.57
44,75,7,76.6
97,43,6,77.74
61,54,5,66.6
53,52,8,73.1
98,86,7,98.71
96,91,8,106.46
94,84,4,89.7
50,89,5,75.59
85,95,3,81.35
60,81,4,71.37
58,71,1,57.24
100,66,5,84.69
66,45,3,53.86
81,100,8,106.46
71,77,3,70.56
98,82,4,89.97
55,99,4,75.5
88,40,3,65.71
93,54,7,84.12
96,50,8,91.51
49,79,2,60.96
89,55,7,87.05
82,58,2,66.4
75,48,7,76.06
55,93,3,69.81
85,56,2,65.69
69,65,7,80.47
87,99,4,90.43
98,82,2,82.09
56,99,2,70.42
98,61,4,77.6
53,56,3,52.91
100,70,8,98.91
48,58,1,47.78
90,39,5,70.39
62,36,4,55.28
56,36,3,45.81
63,77,6,77.54
74,68,8,88.66
91,86,2,80.42
61,97,2,72.35
74,72,4,75.73
73,82,8,92.7
48,39,2,40.91
77,81,3,74.65
62,40,7,68.22
96,56,8,94.23
81,93,8,103.75
88,79,3,77.33
69,44,3,59.53
69,100,1,71.06
41,88,2,57.44
90,65,1,66.85
100,82,2,78.29
62,67,3,61.14
53,73,6,71.66
77,39,6,72.65
69,74,4,72.71
87,65,7,90.84
78,77,5,79.15
46,47,3,48.68
67,79,4,73.13
91,72,6,87.38
72,72,6,84.53
77,67,5,75.83
100,43,2,62.37
83,81,8,94.96
81,80,1,71.01
80,79,2,73.11
95,82,7,99.48
51,70,1,53.5
48,85,6,76.58
81,66,7,86.66
52,83,3,63.84
53,44,5,61.34
70,62,5,74.52
82,83,8,97.3
51,92,7,86.4
94,60,2,71.95
76,61,8,89.23
73,66,3,68.49
78,37,7,76.69
59,53,1,49.21
62,38,5,61.34
46,99,3,72.36
92,51,1,63.37
89,55,5,80.41
96,49,5,78.86
81,83,7,92.4
85,42,3,65.68
59,81,3,70.52
78,81,5,83.16
75,94,5,90.02
46,80,8,83.7
82,38,2,57.75
88,72,8,98.65
94,87,4,87.7
50,91,6,82.12
58,58,5,69.11
98,56,8,95.8
44,73,7,72.22
77,49,3,62.99
86,91,2,79.8
90,57,7,89.62
47,62,1,46.89
98,64,3,73.83
66,100,7,95.84
91,90,6,96.1
96,45,8,89.53
56,39,6,64.75
71,78,6,81.79
45,38,2,43.91
89,88,5,89.78
43,55,3,50.88
99,51,8,89.86
56,91,8,88.06
43,91,1,59.77
49,54,7,69.86
98,100,5,102.19
95,88,4,91.88
52,70,1,52.89
40,61,8,70.68
46,67,3,56.83
79,59,8,85.67
56,63,1,49.29
84,92,2,79.05
44,62,7,68.98
55,87,1,59.94
87,38,3,64.27
95,50,8,88.09
46,39,8,68.66
44,50,2,48.46
56,75,5,73.07
72,99,8,102.33
45,57,4,58.17
77,80,3,72.74
100,79,2,77.76
87,97,8,106.76
94,37,5,72.76
42,74,2,51.43
95,99,2,83.89
53,43,2,47.18
88,37,5,68.81
66,70,8,85.9
54,57,3,57.52
44,55,5,58.56
98,81,6,96.38
46,50,7,66.96
80,42,8,78.11
63,77,4,69.47
89,68,5,80.3
63,64,5,70.69
97,42,5,77.06
100,83,8,106.08
65,75,6,78.44
88,93,4,86.66
81,80,1,70.01
73,80,4,75.63
90,39,7,80.57
75,81,2,68.69
94,81,2,80.86
77,78,6,85.77
71,36,5,61.46
97,61,2,70.39
84,41,5,69.83
93,64,3,76.59
95,84,1,73.84
40,42,7,60.07
70,57,4,65.99
82,55,7,82.07
97,63,8,94.69
83,74,3,72.88
63,47,7,69.44
83,78,6,85.95
85,88,4,86.56
63,66,8,83.82
41,70,8,76.53
58,97,5,84.31
47,40,7,65.3
47,91,8,87.44
75,54,7,77.67
87,75,3,77.23
46,86,7,80.9
64,94,6,86.65
44,54,7,69.83
53,42,8,68.37
79,84,4,83.54
95,37,8,86.34
81,93,4,83.51
49,69,6,69.37
47,64,7,74.96
82,37,4,64.83
95,81,6,91.9
91,83,8,101.64
92,82,4,84.93
76,69,5,80.39
96,90,7,104.38
95,66,3,75.8
72,49,3,58.08
42,96,8,86.22
75,50,4,68.64
54,52,7,69.29
89,65,6,86.05
79,85,6,88.41
59,89,8,88.64
55,37,3,47.82
78,84,2,72.19
55,55,5,66.89
70,95,1,71.31
90,49,4,73.57
64,79,2,67.67
65,49,1,48.14
42,76,1,52.55
56,60,4,59.58
81,71,7,86.71
67,98,5,83.59
52,47,5,56.7
78,94,1,72.08
60,39,6,61.12
79,48,6,73.05
65,89,1,67.18
42,61,2,51.54
87,36,5,69.16
94,74,2,75.83
78,47,7,75.28
98,88,8,109.0
85,86,8,102.44
58,65,7,77.73
98,81,6,95.37
93,81,2,76.69
73,64,1,56.4
80,41,6,73.76
42,43,6,59.78
93,46,8,87.08
67,64,6,77.79
63,44,4,58.53
53,61,1,50.64
80,35,3,55.11
88,63,6,85.42
41,58,5,60.71
86,97,6,95.04
71,84,6,84.44
57,66,7,76.87
51,55,8,72.95
68,79,3,68.16
92,98,8,107.43
82,92,2,80.55
67,55,6,71.83
99,92,8,108.48
58,57,6,67.25
51,45,8,71.65
54,58,7,71.18
68,68,3,64.87
48,61,7,70.3
98,75,5,87.38
79,68,3,71.98
94,54,2,64.25
44,68,6,68.48
53,85,7,82.78
84,45,4,66.76
87,48,6,78.87
82,100,6,95.59
51,92,6,79.6
70,45,1,50.6
88,85,4,83.27
96,96,2,86.95
91,55,3,70.84
65,62,2,61.44
93,65,3,75.06
70,98,3,78.68
91,39,4,69.47
46,35,5,52.93
77,56,6,79.98
77,93,6,89.15
85,90,4,87.06
80,98,1,73.57
74,59,3,68.01
98,100,4,93.4
50,90,8,86.23
68,73,4,69.77
42,52,4,54.16
40,37,5,52.65
48,76,5,69.17
41,84,8,84.66
98,52,5,77.48
40,43,3,47.49
68,74,2,66.13
42,93,4,70.96
75,70,7,84.59
91,67,8,96.46
94,44,6,82.06
40,60,2,49.68
75,91,1,70.33
80,35,4,60.78
41,90,7,80.61
64,45,1,47.47
55,71,5,67.65
48,83,2,59.38
67,92,1,64.81
54,99,2,70.11
78,76,5,81.88
72,67,3,67.7
46,68,3,54.75
92,90,4,88.0
47,90,7,84.69
42,91,3,66.46
87,37,3,64.34
57,80,4,69.08
98,38,4,73.05
100,44,7,88.08
89,90,8,101.68
79,85,4,79.05
41,65,5,61.75
46,96,8,87.62
46,75,6,74.52
63,54,1,50.28
57,83,3,68.57
49,62,3,56.57
45,67,1,47.02
73,98,5,87.09
89,53,4,72.5
57,50,8,72.56
88,95,4,88.54
57,54,6,65.42
91,94,4,92.17
78,72,4,78.66
57,54,4,58.54
68,65,1,54.7
70,84,5,83.91
42,100,3,69.69
54,62,8,76.34
66,63,7,81.71
65,65,1,54.12
43,43,5,53.07
84,71,2,72.95
55,87,3,69.58
78,54,4,68.73
55,89,8,91.4
91,100,4,92.4
72,36,7,73.67
51,35,2,43.23
91,74,3,79.91
40,70,8,76.46
91,86,4,88.43
87,54,3,69.32
51,100,4,76.6
47,87,1,57.54
88,48,6,80.41
100,81,6,98.85
63,62,7,80.38
40,38,4,46.27
84,50,8,86.98
40,92,2,60.55
89,47,8,84.51
60,82,8,90.24
79,62,5,73.81
76,40,4,64.9
53,42,8,69.34
49,91,3,67.66
54,53,7,72.65
76,90,7,92.04
89,53,1,62.34
85,98,5,91.59
97,74,7,96.47
65,81,1,64.18
60,51,5,64.4
84,50,8,85.13
86,82,4,86.12
73,51,2,59.44
90,41,1,55.15
60,53,3,57.79
75,100,7,99.16
87,68,4,78.14
76,84,6,90.63
71,76,5,76.65
54,62,5,69.0
46,60,8,76.95
45,43,7,65.81
64,46,6,68.42
80,90,5,87.18
55,100,6,87.9
40,67,2,49.75
78,36,3,56.74
47,39,8,66.23
60,53,4,63.53
84,43,8,83.33
49,49,4,53.98
98,75,5,88.1
93,69,5,85.47
56,88,7,85.66
89,76,5,88.59
46,73,2,56.16
42,95,2,63.85
97,92,1,77.55
71,86,1,67.88
53,93,3,70.37
40,73,4,60.01
67,50,8,76.14
53,50,5,61.23
87,53,3,70.42
84,46,4,69.15
94,40,2,60.69
84,87,1,73.3
68,46,7,73.18
54,83,4,68.58
99,45,3,69.74
60,100,8,94.2
70,79,1,60.6
64,88,1,65.98
86,38,8,80.82
93,83,4,87.4
76,55,6,78.97
64,98,8,97.96
94,57,8,93.43
52,77,6,72.64
47,64,7,71.99
78,92,6,90.44
51,78,5,71.34
55,96,8,90.43
44,67,1,46.57
64,88,5,81.94
63,48,8,74.33
100,50,5,82.66
94,98,2,82.34
41,90,2,63.02
51,65,8,78.75
51,42,4,53.9
74,75,4,77.15
83,44,2,56.35
51,58,6,69.12
67,69,2,61.3
43,75,8,76.61
82,53,6,77.11
86,37,4,64.45
82,79,7,91.37
99,77,5,91.64
72,55,7,77.96
48,50,6,65.29
98,69,4,84.21
41,36,2,40.71
81,47,8,84.57
69,54,7,76.57
60,99,8,92.68
55,69,8,79.25
74,40,3,56.9
42,60,2,50.11
89,85,3,78.77
86,39,2,55.81
71,74,8,88.08
71,90,4,82.55
50,59,1,46.44
45,80,5,68.86
52,76,4,64.76
69,53,1,52.32
49,39,5,57.69
62,41,4,57.62
98,91,5,94.24
54,58,4,58.02
63,75,4,72.69
68,51,7,74.05
89,79,6,90.13
82,78,2,74.1
53,69,7,75.67
41,85,3,59.53
58,54,1,51.11
46,87,7,81.31
68,67,2,59.79
42,77,7,72.64
68,94,6,87.88
75,54,1,57.3
84,72,6,87.64
82,59,7,83.21
40,79,2,55.78
47,64,3,58.45
73,56,3,65.75
46,50,2,45.55
86,64,2,69.05
61,47,5,60.39
55,87,6,83.12
87,74,2,71.36
74,95,4,83.54
64,63,7,81.62
75,61,6,78.19
48,42,5,53.58
80,70,1,61.48
88,80,1,72.71
42,48,3,47.8
89,51,5,73.75
52,53,6,68.3
60,39,8,68.93
72,69,3,67.34
53,46,8,68.83
82,92,3,80.0
65,39,2,48.85
70,54,1,52.38
54,96,3,70.14
41,66,6,67.89
75,71,5,80.86
68,48,4,59.48
86,45,4,69.52
56,38,3,48.82
85,36,8,82.93
98,90,2,85.18
62,89,5,83.22
75,45,2,58.95
44,82,5,71.11
77,80,2,70.95
100,52,1,65.23
41,45,5,51.7
96,94,4,92.36
87,65,2,68.68
65,70,6,79.22
54,60,6,71.12
81,77,1,67.49
84,73,2,73.58
93,42,2,59.43
43,66,5,64.19
65,79,1,59.72
66,67,7,83.08
65,55,2,54.62
43,53,3,52.59
91,94,6,97.36
63,38,7,67.17
65,69,5,73.02
74,99,1,71.16
68,53,6,71.21
79,49,1,54.12
85,37,3,61.24
74,94,6,90.66
83,87,1,72.8
65,88,2,72.19
80,67,1,64.53
96,82,4,84.67
92,45,5,73.33
96,72,2,75.81
98,61,6,87.79
46,95,7,85.51
41,97,2,61.85
63,70,5,72.16
74,72,8,91.91
65,55,5,65.53
86,67,7,91.16
85,75,7,89.76
55,99,4,78.17
63,40,8,72.3
71,56,2,61.45
63,63,4,69.31
72,38,8,75.92
42,50,3,48.6
93,85,6,97.88
50,83,4,69.71
97,57,6,86.71
85,90,4,85.8
93,73,5,86.35
85,76,3,79.05
48,71,4,64.39
81,92,4,87.64
50,55,6,67.21
55,92,2,64.76
67,92,3,76.83
51,99,5,77.87
64,41,4,55.34
81,58,5,75.95
59,76,1,57.68
60,47,3,55.18
93,86,3,84.04
79,85,8,100.24
70,63,2,60.31
78,47,8,82.68
85,97,6,99.65
66,81,2,64.93
83,46,3,66.33
54,40,2,47.28
73,39,8,79.38
52,70,6,74.22
86,48,4,70.14
41,64,6,63.17
92,97,7,102.83
70,67,3,69.63
52,55,1,45.99
91,66,7,90.91
52,62,4,59.45
85,83,6,89.45
54,62,3,55.78
57,92,5,78.53
61,87,6,84.03
94,45,8,88.95
57,43,6,66.88
68,78,2,67.97
54,60,2,55.95
95,49,3,68.54
75,88,7,90.54
56,84,4,69.94
65,84,8,89.29
92,42,4,72.14
75,95,1,69.38
71,42,2,54.75
65,89,1,65.61
89,79,1,69.07
42,78,8,82.19
49,40,8,68.96
50,80,6,76.8
57,68,2,59.57
51,49,3,50.4
68,75,6,82.02
40,35,2,36.9
92,55,1,62.93
67,36,4,57.25
51,42,2,44.9
43,45,3,45.3
68,70,8,88.11
61,40,5,61.62
79,77,7,89.78
97,73,1,73.11
66,39,5,62.4
57,79,1,56.9
54,50,8,72.76
43,89,8,84.76
99,48,3,71.48
95,96,2,81.47
62,81,5,75.64
95,96,4,93.17
57,56,2,55.93
62,53,3,58.51
46,77,4,64.65
96,48,7,86.72
86,94,8,104.18
66,78,7,86.26
53,51,4,55.47
84,79,8,95.39
92,66,5,82.59
63,51,3,55.14
55,55,3,53.76
67,78,7,88.45
52,63,5,66.3
40,93,7,82.87
82,41,1,51.21
96,87,6,99.67
51,100,4,75.13
54,47,1,42.57
40,75,7,74.52
58,35,7,63.99
48,90,3,68.42
54,64,5,68.6
41,50,6,59.43
61,74,5,71.29
77,72,4,77.79
77,87,8,96.2
85,68,5,80.11
99,44,3,67.63
61,49,6,65.08
77,81,7,90.32
80,54,1,58.27
43,89,8,82.46
71,71,4,72.95
51,90,7,82.3
55,68,2,57.79
79,61,1,57.33
41,47,2,41.94
48,75,8,81.46
82,53,1,57.27
52,60,6,71.0
97,79,1,71.65
68,88,5,83.2
66,48,7,71.02
55,60,8,78.04
67,73,5,74.77
59,75,1,58.08
68,66,6,77.15
88,46,6,75.89
97,72,3,79.66
42,63,5,64.83
67,82,5,81.25
45,58,7,66.91
48,69,5,66.8
60,72,7,80.46
61,35,7,64.19
96,58,2,71.95
56,90,4,77.25
76,67,7,83.0
90,48,4,71.92
73,66,3,66.89
78,81,4,81.11
79,97,4,86.23
95,60,7,90.33
64,98,3,77.55
89,74,5,83.65
57,39,4,56.59
46,82,7,76.69
92,35,5,67.93
54,65,4,61.81
71,54,3,64.05
56,54,5,61.36
57,46,7,71.52
94,64,5,84.25
93,43,1,58.18
60,69,3,61.5
56,89,3,70.05
75,98,4,87.09
63,60,1,56.0
51,52,2,48.57
75,47,2,58.95
81,97,1,73.25
58,78,7,83.13
55,43,4,53.75
56,85,5,74.92
97,46,1,60.01
52,77,7,79.87
93,76,1,70.6
89,38,2,56.31
52,41,1,40.89
95,43,5,73.7
84,93,2,77.44
69,62,2,62.92
92,76,6,88.38
86,92,7,97.93
57,50,2,52.25
64,91,1,63.41
54,82,1,58.65
100,78,1,76.2
75,75,7,87.32
51,59,5,65.16
48,84,2,58.83
51,35,5,56.9
83,68,7,85.84
40,76,4,61.52
83,54,8,84.62
79,55,7,78.7
70,45,8,80.75
96,51,3,68.83
57,35,6,59.9
85,98,4,91.99
54,75,2,61.66
97,41,5,72.32
64,52,5,68.22
51,52,8,72.56
96,52,5,78.5
57,89,3,67.87
45,51,1,39.72
99,54,2,67.39
67,35,8,74.41
96,91,5,92.51
68,76,2,68.24
46,59,8,73.9
43,64,1,47.54
51,58,3,56.44
97,95,8,106.34
52,42,5,57.3
62,53,8,80.0
40,88,7,79.17
93,44,5,72.94
71,77,6,81.56
70,48,3,60.58
40,38,3,40.24
47,35,6,58.87
63,59,5,71.35
99,78,1,71.87
81,85,3,77.51
85,96,4,90.18
100,100,8,114.25
53,40,4,50.72
90,68,5,80.34
56,95,8,91.71
100,55,3,72.43
79,86,4,81.98
96,62,6,89.29
55,57,4,61.21
70,99,1,70.98
62,42,6,67.68
87,66,8,95.69
76,91,3,79.86
98,66,8,97.77
91,48,8,88.12
45,64,4,58.38
48,42,6,58.9
99,81,2,78.97
91,90,4,90.59
96,41,4,70.52
46,59,3,54.56
85,100,4,92.01
94,50,6,78.98
64,88,3,74.95
85,72,3,73.0
84,74,4,80.16
93,79,1,75.57
43,99,7,84.99
65,72,6,77.1
75,36,1,48.13
63,57,5,67.07
50,62,6,69.47
79,40,7,74.78
76,56,6,79.56
88,67,6,87.85
64,97,6,90.19
58,98,1,67.21
99,82,5,89.74
98,40,8,87.91
72,48,4,61.97
40,50,3,47.37
60,79,3,66.65
75,48,8,83.35
58,54,6,67.34
66,45,1,48.77
87,42,4,67.07
51,49,6,66.88
42,48,4,53.31
41,97,4,70.43
91,49,8,90.29
82,100,2,80.79
48,80,7,82.17
77,49,4,65.27
92,46,8,87.01
86,83,3,81.78
84,83,2,75.71
98,62,4,77.67
45,54,1,44.45
96,66,5,85.46
65,52,7,75.12
83,42,1,55.51
87,98,1,80.61
77,65,7,87.04
92,78,4,85.4
93,87,7,98.89
80,53,1,58.44
88,41,5,69.12
84,43,2,57.66
66,53,7,74.72
100,64,7,94.88
45,40,2,44.58
90,59,4,74.21
58,90,6,84.08
41,48,5,54.98
84,63,6,80.47
97,89,3,84.6
49,35,3,45.72
91,71,8,97.63
96,50,6,84.98
61,74,3,63.95
58,38,7,63.97
51,40,6,59.4
76,45,4,64.65
98,49,2,69.71
72,43,8,75.84
77,46,2,55.12
54,94,1,60.66
52,56,7,73.79
95,57,4,78.04
83,40,2,58.32
97,90,3,83.94
80,89,8,98.61
91,100,3,87.59
97,93,3,88.97
80,49,1,57.66
40,93,4,68.16
43,45,5,57.52
50,35,1,40.8
89,71,7,93.4
85,64,3,70.2
78,76,8,96.46
64,54,2,54.31
52,88,6,80.52
65,51,4,63.89
58,84,6,81.31
97,79,5,89.71
73,63,7,85.36
82,38,4,61.3
86,87,2,76.36
62,92,1,65.55
77,42,5,68.71
73,67,4,70.07
88,71,8,93.09
44,78,7,79.59
80,84,5,87.68
74,80,3,74.78
87,85,3,80.32
96,87,1,79.72
96,100,6,104.74
64,45,1,46.0
48,95,8,88.43
83,75,7,88.36
76,76,8,89.92
94,84,4,86.68
73,54,2,59.51
85,52,8,86.84
88,63,5,77.9
66,54,3,60.52
98,95,3,91.89
73,84,7,91.69
89,76,1,69.55
69,68,5,74.94
81,79,3,75.19
96,51,7,84.9
75,41,7,72.97
62,98,1,66.41
58,39,7,65.72
65,99,8,95.81
93,93,4,90.67
79,86,1,71.26
50,52,2,46.04
95,97,7,103.25
91,36,2,56.28
96,99,3,92.17
87,62,2,66.33
81,76,7,92.67
44,50,6,62.4
100,75,5,89.47
84,46,7,79.2
98,90,8,108.44
100,95,6,101.27
51,56,2,52.95
65,55,7,78.51
57,36,7,66.9
88,35,1,55.37
58,43,5,58.98
59,43,2,47.16
66,97,1,68.8
86,39,6,73.94
45,42,1,39.35
71,60,7,79.47
64,76,2,64.14
47,99,7,84.36
56,58,8,80.04
48,47,3,47.64
62,56,3,56.26
97,65,2,70.39
75,54,8,83.76
76,81,1,65.08
85,54,1,62.28
74,93,1,73.39
63,87,2,69.01
91,63,8,91.45
49,61,1,46.44
59,51,6,67.17
91,75,7,93.54
62,39,8,70.38
44,37,1,38.29
55,89,6,80.83
86,89,7,95.72
40,38,2,37.01
56,96,2,70.51
40,80,5,69.48
70,46,6,71.98
84,90,3,83.24
78,39,3,56.92
91,42,1,55.68
88,35,1,52.5
48,72,3,60.42
86,95,5,94.61
46,37,6,58.48
92,84,6,96.18
91,77,3,78.9
66,61,2,57.72
46,100,2,68.78
98,51,8,89.29
75,40,4,60.17
72,72,4,76.43
40,74,1,49.59
71,83,7,88.93
73,87,2,73.87
87,61,3,72.38
60,94,7,87.62
66,74,1,62.48
48,42,7,62.94
62,65,6,74.73
65,95,3,77.87
72,49,4,65.35
55,61,7,71.52
42,68,6,69.22
95,84,5,93.52
48,61,4,59.43
96,100,3,92.29
99,63,7,94.82
42,91,2,59.69
71,48,5,68.0
46,59,3,54.77
83,68,6,83.75
58,97,6,83.36
63,87,7,87.84
100,40,6,79.34
64,100,3,77.42
58,99,4,75.94
75,78,5,83.21
57,93,2,69.08
56,37,2,45.52
50,76,4,64.42
80,39,6,74.49
87,94,8,102.66
77,58,5,72.49
59,99,4,77.95
63,76,3,68.51
78,72,3,73.29
95,39,7,83.45
98,88,8,107.39
44,38,1,36.89
51,42,8,71.11
86,96,1,74.05
48,50,8,69.09
61,56,8,78.63
67,45,7,71.24
41,75,2,52.01
61,99,1,69.45
99,39,6,80.82
53,84,4,70.78
91,75,1,73.25
76,43,6,69.18
69,98,2,73.62
99,58,7,88.93
53,58,5,63.96
40,97,5,72.81
96,59,4,78.63
47,49,2,43.97
93,87,8,103.25
71,75,4,76.05
74,35,2,51.92
43,35,4,45.61
75,65,4,69.36
50,98,2,66.8
65,92,7,93.37
75,58,4,67.85
76,65,5,76.2
44,90,1,59.91
85,81,4,82.61
53,48,6,67.24
61,82,8,88.82
73,63,5,73.78
57,62,6,70.67
60,47,5,62.97
79,72,5,82.85
61,92,6,87.35
82,78,2,70.54
49,80,8,85.66
67,51,4,62.43
55,55,5,65.71
77,87,3,75.94
77,81,1,65.55
58,82,8,86.3
81,56,7,84.6
71,80,3,72.74
91,44,3,66.01
62,84,1,60.49
96,71,8,97.02
79,70,5,78.6
66,53,7,74.76
57,41,3,49.79
54,62,8,78.94
74,72,3,69.28
45,100,7,84.78
93,77,2,74.04
98,35,6,75.77
54,41,5,59.71
68,67,2,61.11
95,87,8,104.21
68,93,7,94.68
76,54,2,58.81
75,40,1,51.93
41,94,8,86.9
76,64,5,75.12
53,76,3,65.86
89,37,8,83.01
44,75,3,61.44
58,93,6,86.5
97,38,1,56.63
91,51,8,88.33
44,37,4,48.8
51,65,2,52.6
50,94,8,89.58
68,76,5,78.52
65,89,6,87.92
76,98,2,74.88
94,97,3,85.76
66,38,4,54.85
91,52,7,83.1
63,85,7,88.21
73,58,8,85.14
80,89,2,74.24
66,79,6,79.02
62,87,3,68.87
87,96,7,98.83
80,92,7,94.8
77,67,1,61.54
100,67,2,72.06
54,71,1,54.38
51,43,1,40.92
73,93,6,89.79
58,38,1,42.41
83,99,2,83.37
98,94,7,104.44
80,45,7,76.85
64,54,2,56.62
73,99,4,87.75
76,85,2,71.08
55,39,4,54.85
57,40,1,45.08
82,74,2,68.46
44,80,1,53.96
44,53,8,72.17
77,94,8,103.18
41,91,1,58.14
89,70,1,68.56
71,59,1,58.83
94,85,2,76.68
51,42,6,61.45
51,90,2,66.48
96,73,4,82.47
92,48,5,76.61
47,91,3,69.63
56,81,7,82.41
83,64,6,84.51
56,43,2,49.93
71,87,1,68.89
66,67,8,84.6
50,57,6,65.06
72,84,8,96.81
93,53,1,59.65
60,45,5,61.39
43,50,3,50.44
65,48,5,65.88
84,87,3,79.03
90,62,8,94.36
49,46,7,64.7
71,48,8,76.8
53,69,2,55.24
52,84,8,87.86
100,86,8,103.82
72,90,3,79.76
60,69,5,70.14
79,63,1,58.04
53,91,7,83.61
95,55,3,73.14
100,44,4,71.81
97,99,6,100.71
59,47,1,48.89
76,100,8,100.26
82,35,3,60.56
76,97,1,75.2
68,60,6,73.57
99,52,3,70.68
65,52,6,73.02
96,49,6,79.47
86,92,1,72.84
83,49,6,78.39
50,49,5,58.18
75,50,2,60.28
66,100,4,80.72
46,82,2,58.27
83,65,6,84.79
62,69,4,65.76
62,76,5,75.11
64,46,2,53.33
94,36,4,66.76
62,93,7,91.51
49,58,1,46.22
44,76,1,49.44
43,50,8,71.27
48,87,6,75.27
48,63,1,45.79
40,39,7,61.42
100,54,4,77.94
65,72,3,67.98
66,44,2,50.7
43,48,8,66.53
87,88,3,82.03
44,69,1,49.21
81,62,1,61.51
79,42,6,71.09
69,84,1,65.3
61,61,3,62.62
64,84,8,88.48
94,54,4,72.64
96,79,3,79.1
41,59,8,72.0
77,55,2,59.34
87,55,7,83.78
77,93,4,85.9
64,74,3,67.17
86,95,1,74.41
98,65,8,96.22
48,94,5,76.41
58,38,6,61.67
52,90,1,62.5
66,54,7,77.88
47,96,6,79.76
76,75,2,69.79
71,83,4,79.04
87,96,7,102.68
63,69,3,66.08
68,66,1,60.27
53,91,5,75.33
69,58,1,53.47
91,79,1,69.81
78,80,8,94.94
80,67,1,60.36
84,81,8,99.1
51,89,2,63.64
52,36,1,41.33
88,40,8,84.22
92,85,6,97.4
66,79,2,64.86
45,82,1,54.49
53,87,8,88.09
48,44,4,51.67
69,79,1,61.12
50,72,7,77.27
65,89,5,82.35
62,75,7,83.34
42,51,8,67.85
73,40,2,52.12
55,99,7,89.51
94,48,2,62.48
42,64,3,53.09
81,77,7,92.88
59,38,4,56.91
43,84,3,60.14
72,63,5,71.98
73,41,8,77.33
84,61,4,75.66
52,89,7,84.01
68,55,3,61.77
78,49,6,73.01
59,49,3,52.26
82,43,1,56.1
76,74,5,79.68
88,75,7,94.0
75,84,1,65.73
66,39,8,74.4
58,35,6,60.9
96,39,5,72.68
79,58,2,59.92
85,56,3,68.12
98,43,5,78.93
53,41,2,47.88
61,46,6,65.62
58,83,7,82.09
85,68,6,84.36
51,43,1,44.57
69,67,3,66.34
45,94,1,61.95
56,46,5,58.88
77,76,8,93.91
66,50,1,48.46
77,50,7,77.76
51,63,7,73.42
71,44,6,69.32
45,88,3,63.74
69,35,7,71.68
70,99,5,90.49
79,45,5,67.58
82,50,3,63.65
59,86,5,76.95
70,87,4,79.06
57,43,3,50.79
98,92,8,109.63
43,96,1,56.93
52,35,5,51.98
56,92,1,62.17
84,96,2,82.37
85,36,4,64.83
54,83,3,69.42
82,76,4,81.77
73,93,7,94.15
59,36,4,55.64
71,78,6,82.1
88,83,2,75.84
81,57,5,72.95
75,97,3,79.94
96,36,3,66.23
68,60,1,57.99
94,50,7,85.78
73,81,3,72.11
71,46,3,60.52
64,80,4,71.8
72,51,2,57.34
97,56,7,88.86
98,35,2,61.23
90,51,3,66.71
92,100,7,107.55
42,66,1,44.75
41,43,6,54.94
73,83,8,96.57
58,36,7,68.53
41,55,8,71.51
75,68,5,76.43
100,89,5,94.58
86,50,8,89.27
71,71,4,70.67
71,54,8,84.12
70,71,8,91.24
81,88,8,98.7
49,43,5,55.38
82,90,8,97.82
49,45,2,46.9
56,36,3,51.43
74,95,6,93.01
79,54,2,63.86
92,77,1,69.75
59,83,3,70.66
60,47,2,52.24
84,66,6,83.32
96,91,1,76.14
69,43,5,65.71
87,66,8,90.78
93,65,4,80.49
47,83,5,72.17
84,40,6,75.62
54,35,3,46.6
54,46,4,56.97
98,41,5,76.31
58,94,6,85.94
79,59,4,73.97
96,99,1,79.07
67,85,2,67.93
46,98,1,62.65
93,46,6,77.08
74,99,2,74.43
88,50,5,73.2
49,60,6,70.49
97,79,7,96.44
81,71,3,70.89
47,61,4,56.69
56,55,8,75.06
59,39,4,57.56
93,55,8,89.17
62,87,1,66.39
97,99,5,96.93
94,72,5,85.37
50,37,1,39.89
100,48,1,61.49
59,83,7,84.69
75,36,5,63.32
44,55,7,69.29
56,40,3,53.02
72,62,2,62.35
59,35,1,42.38
89,50,2,60.76
70,73,5,78.91
75,51,8,84.07
42,67,2,48.83
70,89,4,79.11
40,35,1,36.64
77,95,6,92.02
43,59,6,66.73
45,66,6,65.74
49,96,7,88.17
64,66,3,64.73
57,79,5,76.33
67,78,7,88.58
95,77,5,89.61
44,48,8,71.63
83,63,2,63.56
85,42,7,76.35
50,88,6,79.79
84,51,5,76.09
81,80,1,70.71
47,54,6,66.32
96,90,2,84.67
57,75,6,74.41
100,66,2,72.69
70,79,3,73.34
67,98,6,91.35
69,45,1,50.77
81,55,5,71.92
88,91,4,89.72
85,54,5,73.73
64,59,5,70.23
48,82,5,71.55
73,41,1,49.11
57,77,1,55.13
57,67,7,80.07
90,74,3,75.15
93,68,4,82.54
46,48,7,65.98
99,96,1,79.34
50,43,1,39.25
64,53,6,68.68
83,50,8,83.89
54,37,8,68.17
76,88,3,80.27
69,55,6,73.36
42,72,4,59.13
59,92,3,74.48
76,95,5,88.43
81,72,8,90.44
47,42,5,58.15
83,81,2,72.8
89,48,1,58.02
60,60,7,76.88
75,81,2,69.02
43,96,8,87.73
87,40,5,71.11
69,48,7,75.55
71,85,6,87.75
53,91,5,79.35
40,89,8,85.67
81,44,8,83.68
52,58,5,61.86
42,60,5,58.35
68,79,4,75.72
76,96,3,78.98
83,55,1,57.4
54,53,1,49.76
65,40,6,63.31
58,96,3,73.56
83,96,8,104.54
65,51,1,47.96
59,46,7,72.65
64,62,7,79.37
61,57,7,77.45
56,84,2,63.12
46,96,4,72.57
49,54,7,68.5
75,55,1,53.49
67,73,4,74.89
67,66,2,62.68
95,71,5,88.82
58,87,4,75.54
97,39,2,64.48
95,97,7,103.1
73,79,6,86.41
58,37,1,43.02
83,99,6,99.36
51,68,4,65.74
43,50,2,47.7
47,92,8,85.19
76,56,4,66.63
52,63,1,51.39
97,65,4,78.33
42,62,3,55.73
90,60,7,90.33
67,72,6,82.1
96,90,2,80.99
75,49,6,70.86
88,78,4,80.21
87,35,2,59.58
79,37,6,72.15
98,57,7,87.46
42,50,6,58.5
74,68,8,88.06
73,48,2,55.72
42,93,4,68.67
97,42,7,82.43
87,62,5,78.38
93,80,4,85.7
74,35,4,61.42
81,70,3,70.15
85,81,4,80.56
91,52,4,70.27
57,47,4,56.77
93,75,7,95.27
90,38,1,53.71
78,100,4,89.73
44,58,5,63.58
63,36,3,53.43
75,73,7,89.52
96,98,7,106.25
83,85,7,94.28
44,49,2,43.07
77,69,3,70.14
86,60,8,91.2
62,98,3,78.98
85,41,8,85.26
79,37,7,75.46
43,50,2,46.81
50,90,5,74.78
67,42,3,55.01
87,89,4,86.03
93,73,5,88.8
91,38,7,82.45
78,60,8,84.84
90,95,3,83.65
91,42,1,58.24
51,85,1,58.26
49,75,2,56.21
50,43,3,46.3
57,60,4,62.75
90,94,1,76.39
86,69,2,70.65
99,79,8,104.12
47,43,1,38.32
56,57,6,68.2
42,36,1,34.43
74,70,5,78.73
84,69,2,68.02
72,35,8,75.39
48,88,6,79.82
46,46,7,64.61
87,66,4,79.78
44,81,4,63.2
72,94,6,92.45
86,52,6,79.45
51,40,5,54.21
61,43,2,49.14
63,45,5,62.14
95,38,7,82.17
66,58,1,53.58
47,58,1,45.16
64,88,2,67.6
78,56,1,57.28
67,94,2,72.21
83,90,6,94.89
88,99,3,84.8
53,51,5,61.11
54,76,6,73.86
79,82,1,67.83
88,74,3,76.39
59,88,8,88.78
44,79,5,69.28
71,54,2,59.64
52,96,6,82.98
62,89,7,88.21
83,40,2,56.53
61,45,5,63.92
94,75,3,78.99
61,63,3,62.35
66,94,7,94.03
65,52,5,65.8
46,63,2,49.15
80,39,5,69.38
59,80,3,66.36
86,49,4,72.07
67,54,1,50.5
49,83,1,55.45
56,39,5,60.87
43,54,1,39.9
59,99,8,94.61
100,55,3,76.78
84,81,5,87.33
70,44,7,76.07
82,58,5,78.61
49,57,2,48.45
97,97,4,90.68
91,96,4,90.15
89,59,4,73.83
47,100,4,74.57
53,75,3,65.37
83,59,5,79.08
94,41,3,65.03
41,73,2,55.4
82,72,3,76.13
94,96,5,94.6
70,55,8,79.09
61,38,7,69.23
78,50,6,76.89
88,57,3,70.84
75,79,3,71.77
94,56,7,86.94
90,94,6,99.63
85,36,8,82.33
66,47,8,75.04
93,38,6,76.13
72,44,8,75.97
72,90,1,66.33
78,77,1,63.26
61,54,6,71.16
81,69,5,78.14
70,71,3,65.55
83,43,6,76.58
53,57,3,58.01
51,96,3,67.82
62,84,7,86.56
41,57,2,47.6
68,46,7,70.97
87,59,4,74.65
40,81,4,66.0
96,93,1,76.78
58,87,2,65.5
60,44,7,68.26
67,39,5,62.23
47,52,3,50.38
81,66,8,90.53
55,93,8,93.7
60,43,6,63.46
93,35,5,71.14
94,59,8,95.62
43,83,2,60.46
70,66,4,67.93
40,50,6,59.96
89,64,5,82.79
64,65,7,78.76
73,54,4,67.48
43,68,5,61.4
76,67,7,87.06
75,98,3,79.42
72,54,7,79.82
91,58,7,87.19
81,93,1,75.95
93,96,1,81.86
68,57,5,70.6
100,43,4,74.79
42,72,6,72.56
44,83,5,69.87
47,47,6,59.18
65,95,2,69.47
91,38,4,69.14
73,64,7,84.97
50,96,1,64.11
47,98,1,63.57
71,94,3,76.95
90,73,5,86.13
85,37,6,75.71
49,44,8,71.65
97,50,8,92.43
62,40,2,49.9
90,39,4,66.34
93,46,5,78.11
85,79,8,100.17
78,71,6,84.98
100,81,8,106.97
87,53,8,90.7
95,60,1,68.55
86,66,8,93.47
87,61,8,91.04
99,38,8,85.7
93,62,3,71.88
80,81,8,95.89
78,88,8,98.62
49,77,8,84.71
71,75,7,84.33
98,35,5,76.08
47,78,6,73.31
95,44,8,85.17
51,58,5,63.93
46,37,4,51.87
67,82,4,75.73
80,52,5,75.65
44,62,8,72.75
49,82,3,61.48
59,57,5,69.1
93,90,1,78.44
95,39,3,68.43
89,91,5,91.43
78,83,5,83.35
67,59,4,66.01
81,68,5,82.28
92,62,5,80.68
53,89,7,87.19
47,36,6,59.55
66,44,4,58.61
60,44,6,68.08
79,85,8,96.36
84,64,6,85.34
52,51,7,66.23
99,38,4,71.26
81,74,4,78.03
64,42,3,52.0
86,51,6,81.39
91,76,5,84.17
48,82,5,71.51
68,40,3,55.21
64,51,5,65.19
84,41,7,80.71
91,97,5,97.48
95,69,8,97.55
74,84,5,86.07
98,63,5,81.92
93,43,1,59.77
93,37,8,82.08
66,96,3,76.41
44,80,6,74.42
59,43,8,75.12
60,44,2,47.46
97,39,8,84.41
65,100,6,92.02
94,98,5,95.46
95,56,5,80.65
57,67,1,54.71
54,82,6,78.2
50,91,3,67.2
72,76,3,70.59
40,38,2,40.08
98,35,7,78.49
63,82,4,76.14
48,97,4,73.93
47,37,8,65.14
41,95,2,60.67
69,72,3,68.39
82,91,6,94.49
63,74,5,72.7
64,58,3,58.45
76,38,2,53.21
96,52,4,72.89
50,99,3,71.83
47,59,3,55.03
94,37,1,57.87
58,39,7,66.95
69,75,5,76.76
97,66,2,71.02
81,66,8,92.73
99,76,8,104.56
70,91,8,93.99
75,38,3,59.51
84,69,5,83.77
64,43,1,47.37
96,38,3,67.66
76,79,5,79.86
71,89,6,86.35
42,82,4,63.13
51,76,7,77.53
66,98,3,80.19
55,77,6,75.31
78,37,1,50.61
49,77,5,70.34
62,70,7,78.65
66,49,5,67.33
51,60,5,66.94
82,59,8,89.79
57,87,1,63.76
74,69,1,63.22
92,38,4,66.3
82,49,7,79.76
91,95,6,99.37
91,87,5,89.23
63,56,2,58.48
82,82,7,92.95
50,78,4,64.69
55,75,4,66.83
79,46,3,63.94
43,87,8,83.04
94,53,1,63.26
68,90,4,80.69
96,77,8,103.14
75,41,4,64.16
56,65,6,70.39
89,46,1,58.4
50,94,1,59.79
99,97,3,87.91
57,99,7,89.04
58,91,7,86.63
65,63,6,72.61
56,41,2,46.25
49,86,3,63.57
89,55,1,59.43
94,53,7,88.73
59,43,3,52.55
60,90,7,85.35
82,41,4,66.71
79,76,8,94.47
50,73,7,78.45
95,64,1,68.32
71,57,3,62.53
40,66,3,52.49
93,67,5,85.5
59,80,5,74.55
53,86,4,70.04
55,48,5,62.92
55,74,2,61.11
49,42,5,58.8
95,81,6,94.9
47,37,8,62.8
86,38,7,78.58
62,61,7,80.15
94,91,6,96.96
85,97,1,78.95
86,41,8,84.02
44,82,6,75.45
83,48,7,80.92
96,68,5,87.35
67,63,7,78.03
71,98,6,91.45
91,77,8,101.0
98,59,6,87.24
79,99,4,84.97
65,58,1,55.31
57,69,2,56.47
68,47,6,71.09
51,61,4,58.47
45,77,5,71.19
56,63,1,48.88
50,45,8,70.28
77,99,5,91.28
88,69,6,89.31
98,50,8,92.41
50,99,4,74.9
75,76,3,70.94
86,85,1,71.39
87,45,6,74.89
40,45,2,44.35
76,44,7,73.1
73,92,4,79.4
89,79,4,84.36
51,36,1,37.81
74,74,1,61.93
43,67,1,45.09
49,72,6,70.8
97,68,8,97.46
68,92,6,90.23
92,85,4,85.18
87,49,6,76.99
85,85,2,77.5
56,65,5,68.38
97,83,3,85.25
73,39,6,66.24
47,47,1,40.08
51,75,2,57.34
54,96,1,63.36
49,37,3,45.17
41,96,3,69.59
76,63,2,63.26
40,45,6,58.31
76,59,7,83.38
79,100,7,99.77
94,65,3,77.34
57,87,8,90.18
89,88,6,92.02
79,42,2,54.03
98,66,8,95.84
87,86,6,93.69
48,45,2,43.0
47,40,3,43.92
91,94,1,76.68
91,37,7,81.98
71,48,8,77.81
64,64,4,65.19
92,64,8,95.32
54,46,5,62.47
93,68,7,93.14
58,70,7,80.7
79,49,5,68.38
51,40,4,52.94
88,66,1,66.83
44,53,7,64.48
88,52,6,77.02
82,40,1,51.47
66,78,5,74.68
63,66,3,62.92
59,74,3,64.96
80,81,7,91.92
50,59,5,65.15
62,96,7,91.17
47,56,2,51.74
61,42,2,47.27
46,81,5,70.25
73,82,2,72.9
40,90,8,81.87
86,92,7,97.57
89,57,4,74.14
44,68,7,73.72
68,71,3,66.6
71,65,5,73.37
56,41,7,67.46
53,87,3,68.15
93,78,7,97.94
70,99,4,81.36
49,86,1,59.87
78,78,5,84.98
86,78,4,83.95
62,100,8,98.65
67,94,1,67.47
44,93,4,72.44
56,96,6,84.61
92,71,2,71.62
45,47,8,66.51
40,38,3,43.83
65,47,6,67.2
68,38,2,51.84
58,96,5,80.09
60,95,8,94.25
90,68,1,67.68
48,45,6,62.95
46,51,7,67.82
74,66,2,63.72
82,61,8,87.1
56,98,8,93.89
61,93,1,62.84
68,79,7,89.63
93,55,8,92.31
84,62,7,86.87
65,100,5,84.64
62,100,1,66.76
54,61,2,53.8
71,48,8,76.97
98,75,1,72.17
100,56,3,76.52
56,87,6,79.06
42,36,8,65.38
59,87,6,81.55
40,91,4,67.3
45,45,2,41.06
70,41,2,52.02
68,87,3,72.2
75,52,8,81.52
72,97,2,75.69
76,80,4,80.31
50,40,4,52.03
41,48,1,36.68
69,85,4,78.65
62,36,1,44.84
44,53,5,58.16
89,88,8,100.11
76,54,2,57.94
90,80,5,86.35
61,38,4,55.6
57,46,7,68.72
88,44,1,54.08
64,52,4,59.56
90,76,1,68.21
95,88,5,93.01
44,44,4,52.24
63,97,4,78.77
92,82,5,87.39
98,79,2,79.89
50,99,8,90.44
57,77,1,59.15
41,90,6,75.18
42,69,4,58.23
65,56,6,70.46
98,79,3,81.33
61,45,1,43.81
54,96,6,86.26
96,44,6,77.11
48,67,7,74.97
56,35,4,53.74
62,48,3,58.42
70,96,8,96.31
65,35,5,60.85
82,69,3,72.97
97,51,5,81.78
69,46,4,60.02
87,37,8,83.28
63,74,7,84.85
62,56,3,58.64
81,93,6,95.53
66,88,4,76.52
41,79,7,73.75
77,96,6,93.39
76,61,3,65.25
61,82,2,62.27
62,98,5,83.97
64,41,5,62.19
97,57,7,89.12
61,37,1,42.77
86,87,6,93.91
46,89,3,67.0
75,48,7,74.32
62,39,5,57.58
98,100,1,83.8
61,64,4,65.97
67,70,2,62.76
53,46,3,49.5
100,94,1,82.79
46,68,8,75.6
66,52,6,71.4
56,85,8,89.45
64,88,6,86.41
57,35,5,59.62
70,62,8,82.98
92,73,8,99.0
52,47,1,41.82
100,40,4,74.09
58,83,5,75.06
93,69,6,86.3
52,39,1,38.72
99,94,4,91.68
54,64,3,59.07
41,53,7,62.93
79,93,2,74.72
75,77,6,85.81
54,82,8,87.44
72,96,5,84.73
90,41,5,70.25
87,39,3,61.19
76,67,8,87.64
57,81,3,65.67
55,62,3,61.47
69,98,4,82.35
58,90,7,87.0
94,94,1,80.51
69,99,5,90.08
52,65,3,60.78
62,69,7,79.41
80,92,1,72.2
41,93,7,80.72
73,65,8,88.03
44,55,7,70.2
82,86,5,87.94
54,64,7,75.67
56,90,8,90.69
43,45,2,43.47
100,80,1,78.02
78,98,4,88.3
60,56,6,71.1
86,53,4,73.07
96,56,1,62.53
42,45,6,59.29
79,43,4,64.62
64,84,5,76.55
54,56,4,58.99
85,95,8,105.79
49,50,4,57.92
51,91,5,76.11
41,79,5,69.3
91,37,2,58.91
46,96,2,63.12
92,97,5,98.25
75,62,3,64.86
53,68,6,72.73
81,61,5,77.63
67,46,2,52.1
52,67,2,57.71
54,71,8,82.43
67,75,7,86.63
59,86,3,70.09
94,66,8,98.38
100,81,7,103.25
50,53,5,62.02
50,49,5,58.28
86,47,4,69.11
58,43,4,59.27
84,50,2,60.9
71,45,3,60.86
64,54,4,65.78
87,59,7,87.2
63,35,3,53.26
77,72,1,65.89
73,70,5,76.44
89,48,6,81.76
75,85,7,89.19
98,42,7,84.0
66,36,6,63.83
86,67,2,71.55
52,69,1,53.27
59,89,3,68.35
45,46,5,57.15
58,93,1,63.6
79,85,4,80.56
60,65,2,57.12
89,48,3,66.92
66,88,2,70.04
77,96,6,95.68
77,63,1,61.39
97,61,2,73.73
94,97,5,99.36
64,46,7,72.18
67,78,5,79.08
55,46,7,69.38
60,42,2,46.33
78,48,3,61.86
89,98,6,99.89
58,72,4,68.68
48,72,6,71.96
40,99,6,81.71
89,81,1,71.91
58,52,6,66.15
84,88,4,85.03
97,98,1,84.02
84,70,8,96.11
65,93,1,67.77
58,57,8,78.14
58,85,1,60.63
87,42,3,63.71
81,51,8,86.9
41,82,5,72.09
64,70,6,79.9
83,79,4,79.94
61,63,3,62.13
46,35,2,39.07
79,69,1,60.93
63,86,6,84.82
41,48,8,68.54
67,44,7,69.9
74,85,5,82.22
54,100,7,90.7
72,92,6,92.44
63,93,3,74.71
78,51,4,65.19
96,54,1,64.94
78,89,1,68.92
72,77,4,78.59
55,62,8,81.2
45,61,8,74.72
67,72,5,76.42
84,94,5,90.59
58,80,8,89.63
50,53,6,64.53
59,79,5,75.85
50,95,4,72.67
44,44,1,40.06
45,53,5,58.78
68,76,5,77.47
96,77,3,78.7
49,86,3,64.22
89,71,4,81.23
76,74,5,81.21
44,58,5,62.75
57,72,6,77.61
59,39,5,58.57
71,58,3,62.38
99,40,3,66.64
54,83,8,86.65
84,81,1,67.21
65,64,8,85.72
88,41,5,71.52
46,100,4,75.98
47,55,7,68.6
65,90,8,96.23
68,60,3,64.57
77,63,2,62.08
43,99,7,87.67
84,65,2,69.35
68,46,8,78.69
92,94,6,99.66
96,81,8,100.66
54,61,7,76.01
51,81,6,78.58
54,61,4,60.25
56,78,4,71.2
70,45,1,47.62
65,87,5,79.9
80,70,7,87.57
77,60,7,80.51
96,38,3,64.53
45,82,4,64.44
100,84,6,97.23
40,35,2,35.57
48,88,8,86.49
50,46,1,42.94
58,55,5,66.62
93,64,6,88.73
57,48,6,64.99
65,39,6,65.45
52,84,3,64.38
90,42,2,58.29
58,94,3,70.26
76,68,2,63.71
64,45,7,71.43
58,52,7,72.04
95,36,1,57.7
44,64,5,61.09
90,75,1,67.53
61,71,2,62.56
95,40,6,78.85
71,82,6,84.62
78,41,8,82.12
63,92,3,73.43
81,98,8,101.05
90,57,8,88.94
98,97,5,99.07
99,83,3,82.65
84,91,6,95.96
90,67,2,72.69
47,94,1,57.47
98,46,6,80.78
43,53,5,59.23
98,93,4,92.08
47,59,8,74.85
95,94,6,99.91
96,53,8,89.3
97,50,5,81.53
82,52,6,79.91
42,59,1,43.82
69,82,5,81.48
45,42,6,56.58
60,38,7,69.41
75,54,8,81.06
66,80,8,87.76
85,79,6,91.76
55,54,4,58.8
42,77,1,51.78
68,68,1,58.83
57,55,8,78.65
66,64,8,85.87
85,68,2,70.02
67,49,8,78.63
68,85,2,69.65
83,43,4,65.75
42,71,5,65.84
44,42,3,43.66
76,98,3,79.02
40,100,5,76.79
84,54,4,69.4
59,88,8,91.87
46,53,4,58.25
48,82,6,78.03
54,67,4,66.84
71,61,6,77.08
48,96,6,81.75
68,59,8,85.29
93,49,3,67.98
99,36,7,80.4
78,99,3,82.35
55,86,4,69.92
80,57,3,64.41
98,88,5,91.85
84,94,7,96.99
76,84,5,86.28
66,37,5,63.38
45,71,1,49.78
92,95,3,87.9
69,51,8,77.78
59,42,2,50.0
66,66,6,78.7
82,85,3,80.27
73,47,5,69.87
94,68,6,87.73
90,99,4,89.5
100,52,3,72.56
90,47,3,65.46
85,81,5,84.96
54,62,2,52.04
65,54,4,65.51
73,84,8,95.24
57,37,6,61.56
92,36,1,57.91
78,75,8,95.81
46,66,5,62.46
77,37,4,64.27
43,96,7,86.4
86,88,1,72.47
98,60,1,69.68
89,59,5,81.55
60,69,1,58.57
91,73,1,67.4
67,39,8,74.09
98,82,3,85.61
72,55,1,54.74
61,71,3,64.21
100,81,6,95.12
46,40,5,51.79
83,99,6,99.7
82,85,1,69.71
83,78,5,84.92
76,76,7,87.6
65,36,4,57.72
82,39,5,68.17
62,46,6,64.83
76,41,2,55.83
84,44,2,59.21
55,36,7,64.75
83,89,5,88.18
78,86,4,84.5
46,79,3,63.02
68,95,4,82.0
69,84,3,71.38
92,98,1,82.48
58,51,2,51.76
44,44,7,62.28
92,52,1,59.16
55,100,6,87.64
65,93,7,89.15
88,35,1,52.22
81,79,3,77.5
92,78,4,85.14
44,99,8,87.05
73,93,7,92.96
59,87,1,61.14
57,39,6,60.55
86,82,3,82.07
73,40,5,64.89
83,39,8,83.02
45,92,3,68.06
61,79,7,83.98
93,87,4,89.57
62,89,1,62.28
97,87,7,101.89
99,64,8,98.92
83,51,6,80.53
63,78,3,66.87
55,57,3,56.83
88,37,1,56.56
61,61,6,72.88
59,91,1,64.49
85,73,3,73.88
40,71,6,69.02
46,56,2,48.52
72,65,8,85.27
72,75,2,65.25
91,57,4,76.68
85,99,4,86.99
55,86,6,79.87
90,45,3,66.09
59,47,4,60.82
83,86,4,85.64
98,39,3,68.21
60,44,5,62.72
42,83,5,70.57
48,50,3,48.69
66,69,4,67.57
57,89,4,76.58
47,99,4,76.3
61,42,7,71.25
40,42,1,34.4
42,71,8,79.86
90,59,3,74.57
92,74,2,76.24
59,84,8,90.67
47,99,8,88.47
89,87,1,76.11
96,80,1,73.8
94,36,1,55.67
100,45,8,90.13
79,52,5,70.63
68,85,6,82.77
98,76,8,103.75
50,53,4,56.34
97,82,5,94.54
73,69,1,63.41
75,35,4,59.9
89,50,8,90.47
65,92,1,64.61
57,62,1,52.27
90,91,1,77.86
60,79,5,72.64
70,82,4,79.23
40,40,7,60.13
46,69,6,69.49
54,38,3,47.82
50,63,7,73.46
97,82,6,97.54
82,59,3,65.79
71,88,2,70.67
89,50,1,59.38
51,95,2,65.58
84,96,8,104.04
78,69,4,75.43
85,59,3,72.03
42,36,3,45.02
42,72,6,69.61
75,49,5,68.78
42,87,5,72.1
54,59,4,58.68
56,50,3,53.28
94,84,7,97.03
67,92,6,87.9
86,95,1,79.22
81,69,5,80.27
75,45,4,62.55
57,71,8,81.82
95,37,1,55.84
73,88,1,66.08
86,35,1,53.88
64,100,4,79.71
65,53,2,55.63
84,50,4,67.16
44,88,3,64.07
75,92,5,88.69
97,80,4,89.16
82,49,8,82.28
91,83,6,95.41
71,88,6,89.73
60,35,3,49.06
89,55,2,66.46
63,67,4,65.1
72,38,4,57.77
64,93,4,81.09
94,39,1,58.95
57,67,7,74.89
77,51,2,56.92
92,57,7,84.7
64,78,1,63.02
54,63,4,65.49
42,45,3,44.38
63,38,3,52.57
83,64,2,65.51
77,64,3,69.42
43,98,3,69.07
92,57,8,91.71
47,97,4,71.52
86,42,6,75.07
75,65,5,78.47
42,51,3,49.93
45,65,5,62.08
66,93,5,82.86
72,52,1,51.82
46,68,1,51.37
46,60,2,49.79
41,76,8,78.08
74,89,5,83.57
47,40,2,40.77
57,100,7,92.89
50,39,1,38.21
96,74,2,76.47
96,38,5,75.91
89,43,3,64.61
61,91,4,74.83
61,43,2,48.82
98,48,8,92.48
92,61,3,75.46
56,42,2,47.59
55,50,3,55.97
50,52,8,71.08
47,74,8,79.22
96,98,2,87.38
66,78,2,66.15
54,58,2,55.43
71,69,5,76.02
97,60,4,79.91
47,48,3,47.27
51,51,8,72.91
42,96,5,75.85
47,38,6,55.22
97,45,1,59.97
81,69,8,92.01
63,100,7,92.52
61,57,4,64.83
52,94,8,90.26
44,44,8,69.13
75,64,1,57.81
71,57,2,58.23
87,73,8,97.21
73,44,2,52.93
59,48,8,72.49
76,38,7,75.89
71,98,7,93.11
40,65,4,60.05
90,91,6,98.74
98,57,8,96.98
72,63,5,73.95
90,59,7,88.54
91,87,4,86.26
73,80,3,70.4
57,86,6,84.15
79,69,8,93.9
84,86,3,78.11
55,63,2,53.08
95,92,5,93.38
84,39,3,60.79
59,45,2,47.86
44,81,8,81.34
50,76,4,66.52
88,39,7,79.99
78,95,3,82.99
96,99,8,111.68
97,46,8,88.7
51,91,4,73.41
71,93,6,91.38
100,42,1,58.4
72,93,1,67.86
72,70,1,62.88
63,94,7,93.19
85,75,1,70.38
71,86,5,81.88
51,79,2,59.89
44,51,5,55.49
82,81,7,94.27
62,53,7,71.53
100,44,1,60.3
50,93,5,78.16
68,68,4,71.35
80,91,7,94.58
98,46,3,68.07
93,39,8,87.41
70,81,6,81.62
62,84,3,68.0
73,39,4,62.78
98,98,6,99.65
74,57,8,81.57
99,90,1,79.4
77,92,6,93.02
68,79,4,72.35
93,91,8,105.33
48,80,3,63.17
78,74,8,91.93
43,42,5,55.75
41,86,3,60.0
63,38,1,46.05
92,87,7,102.25
67,62,4,68.07
82,87,7,94.57
69,43,5,63.76
57,100,5,82.69
72,38,4,57.08
55,69,2,55.0
68,87,5,79.14
84,41,1,53.77
94,65,2,74.11
63,90,8,94.21
41,92,6,79.14
87,83,2,78.34
69,54,1,51.88
42,52,2,45.12
83,97,7,98.92
82,87,6,92.15
52,48,8,71.45
54,63,8,78.81
88,86,4,86.41
56,60,1,48.43
71,54,7,77.14
45,97,6,79.49
77,98,2,75.32
98,94,8,106.42
66,93,1,69.23
98,37,5,75.43
73,92,1,72.08
52,90,1,62.45
87,65,8,90.57
51,61,3,54.24
57,62,3,61.85
78,41,8,79.2
97,69,1,68.0
86,70,5,80.54
87,69,2,72.8
87,44,4,66.19
49,41,2,46.38
53,83,6,80.5
94,44,1,59.57
56,81,3,69.22
80,39,3,59.08
57,87,3,70.54
51,58,6,66.74
53,87,6,81.22
73,46,1,54.46
43,48,2,45.37
85,41,1,52.9
67,42,5,65.32
56,93,7,87.34
46,83,6,75.97
84,58,6,78.04
70,87,7,93.64
83,40,2,58.67
55,79,2,63.28
94,61,5,83.29
60,80,1,61.37
68,42,3,56.12
88,74,6,91.44
57,61,7,73.59
91,68,2,69.87
97,36,5,75.88
42,72,3,58.11
41,37,2,41.6
94,53,4,77.67
93,43,2,62.1
62,76,3,65.71
77,85,6,89.65
83,86,1,74.09
40,52,2,44.76
66,78,1,60.83
57,100,6,86.32
99,37,7,82.25
78,82,6,90.93
61,77,1,56.32
67,55,8,83.77
87,76,7,94.37
84,90,2,75.14
41,42,1,36.05
51,91,6,78.45
75,83,7,90.71
47,38,2,40.97
98,55,3,71.13
94,77,5,88.44
55,46,7,66.76
95,76,7,97.86
62,75,3,64.86
73,41,4,63.02
64,67,1,55.46
45,100,5,80.12
66,64,6,77.15
96,79,5,91.46
97,52,1,61.89
78,63,3,66.09
65,54,5,64.81
67,71,8,87.23
44,45,7,63.02
59,73,4,68.56
78,48,4,68.11
81,35,5,66.17
80,91,5,87.02
96,78,6,91.76
40,89,7,81.44
69,74,6,78.34
93,91,6,98.08
98,45,2,62.76
48,47,1,39.93
100,39,3,67.04
71,47,4,62.05
64,53,4,61.8
45,68,5,65.58
86,77,1,69.46
69,54,4,67.71
85,72,8,97.41
53,56,6,67.27
49,68,1,48.7
91,68,6,87.35
60,66,3,64.5
68,74,5,76.01
70,45,3,55.04
54,44,3,48.58
85,64,8,92.47
58,91,5,80.97
90,40,8,82.96
49,38,1,40.32
90,61,8,90.22
60,51,7,75.11
54,64,3,58.43
88,65,7,89.26
77,81,6,88.34
44,44,2,43.52
44,78,4,66.39
50,40,5,55.27
88,65,1,64.92
57,84,4,69.69
68,63,4,67.69
59,70,2,60.24
67,86,5,82.04
73,91,6,89.43
48,80,6,72.7
59,86,2,64.46
70,78,6,85.33
67,95,2,74.58
43,38,5,49.87
97,66,3,80.02
47,43,5,53.34
54,81,8,86.08
94,81,2,76.04
99,40,3,69.88
40,39,8,63.31
91,67,3,77.93
94,64,8,98.06
41,97,8,88.17
94,88,1,78.72
98,93,6,102.08
46,98,6,84.05
92,71,8,99.12
56,35,2,44.41
57,54,7,75.39
51,91,7,82.81
67,54,3,63.31
95,56,1,65.67
60,73,1,58.96
73,69,6,78.35
45,77,4,65.24
56,57,1,46.72
78,85,8,98.71
81,94,1,71.54
75,52,3,60.77
56,76,7,83.15
62,88,7,89.28
89,87,4,88.19
48,77,5,72.2
65,62,1,56.45
84,90,4,84.18
79,40,7,73.49
93,65,1,66.01
54,54,2,50.19
88,56,3,69.15
40,41,3,45.15
86,80,8,96.77
70,97,6,90.81
95,54,5,78.65
81,47,5,72.2
56,39,1,44.41
88,42,6,78.89
100,79,5,91.85
99,71,3,79.02
53,91,4,73.4
71,58,1,55.87
81,66,4,75.23
97,46,8,87.62
73,97,2,78.49
53,49,8,73.32
43,95,8,89.31
45,36,3,43.69
77,49,2,55.64
44,48,7,65.15
66,59,5,70.17
73,87,1,69.28
54,54,8,74.38
73,36,3,58.13
96,57,1,64.8
49,75,4,64.03
52,63,1,47.6
60,81,6,80.66
84,82,7,93.91
60,49,3,57.34
49,49,7,69.38
89,84,5,89.15
44,95,2,62.72
95,86,2,80.04
96,94,7,105.32
65,71,1,59.91
52,36,3,49.24
83,83,8,101.05
100,87,8,107.52
79,93,7,97.97
99,99,3,93.19
46,52,8,69.57
83,73,6,88.95
74,76,2,69.22
80,47,5,70.75
48,41,8,66.16
95,68,8,96.86
61,35,2,49.28
100,100,6,101.64
66,96,5,85.83
53,66,4,64.0
97,55,3,75.11
63,99,6,91.43
78,75,8,95.6
88,62,6,86.76
49,52,8,72.91
98,46,5,77.35
52,69,1,51.55
51,80,1,57.62
51,37,4,48.22
60,62,2,54.11
50,51,1,46.5
64,74,8,87.21
49,53,6,62.32
53,51,2,48.0
74,86,1,68.45
96,63,3,72.76
64,36,2,47.29
62,100,2,74.66
90,40,3,62.06
55,83,6,79.41
85,55,5,74.21
91,57,7,87.06
96,83,8,101.7
61,76,1,60.09
63,94,3,72.34
53,95,5,77.21
89,76,3,76.33
45,80,4,68.53
40,82,2,59.47
92,85,3,80.37
83,65,7,90.19
66,93,2,73.02
84,73,2,72.5
69,80,6,81.77
80,90,8,97.97
54,48,3,55.62
99,81,6,94.09
97,84,6,96.41
86,64,1,66.59
93,56,6,80.62
85,37,7,74.58
51,48,1,45.62
45,51,6,62.29
91,64,7,91.88
67,65,1,54.68
67,80,1,60.48
82,79,8,97.36
73,84,4,81.74
93,59,1,65.79
45,35,2,39.77
64,78,7,87.67
64,97,7,91.12
98,42,4,69.88
45,85,6,74.52
93,89,5,90.35
78,38,1,47.72
57,42,4,57.78
76,89,3,78.63
99,74,5,88.0
99,37,6,79.72
57,41,5,57.55
67,71,8,89.12
64,85,4,74.32
62,89,6,85.4
49,68,8,79.24
96,36,6,79.12
89,45,2,59.57
90,63,8,90.83
82,68,6,86.82
65,87,8,92.9
94,92,5,96.56
93,94,4,90.9
72,65,6,76.64
74,100,2,79.02
65,65,1,58.5
62,97,1,68.62
91,44,2,62.18
43,80,8,78.38
100,48,5,78.49
91,87,3,83.22
66,51,2,52.77
53,54,3,52.22
54,41,7,65.59
71,72,2,63.8
60,83,2,66.6
74,35,6,65.85
92,86,2,81.1
43,96,2,65.26
53,86,6,82.31
77,51,8,81.62
67,48,7,75.32
56,93,2,65.3
40,69,5,64.95
98,50,8,88.4
47,41,7,60.57
99,42,7,81.87
52,51,3,52.4
60,100,8,94.18
64,92,7,92.17
84,80,2,70.8
51,40,8,71.21
82,62,7,88.17
83,85,2,73.8
45,74,5,68.62
68,95,8,97.71
94,54,6,83.98
51,96,2,66.42
93,55,5,76.89
85,77,8,99.29
68,61,4,69.09
67,53,1,49.34
68,93,6,87.05
73,88,1,70.89
61,38,6,65.18
78,43,8,79.53
67,67,1,57.85
97,88,2,79.33
83,83,8,101.04
99,54,7,89.97
57,50,6,67.62
63,52,3,55.63
57,65,7,75.6
71,38,7,69.16
71,98,2,73.07
48,46,3,46.86
56,79,1,55.36
46,85,2,62.06
58,95,2,67.98
41,39,4,46.32
75,39,4,60.66
75,63,6,78.04
75,64,7,85.2
46,78,8,79.44
87,96,8,104.76
49,67,6,69.86
56,52,1,48.99
61,98,5,83.5
83,58,2,64.73
54,38,2,43.65
76,99,6,95.64
40,66,8,75.35
95,38,4,69.0
61,79,2,66.3
66,93,5,80.66
97,67,5,82.87
97,86,3,86.66
77,60,5,72.38
43,93,4,71.01
73,44,1,48.26
58,91,3,73.8
79,94,6,90.62
54,58,1,46.52
90,68,1,64.77
98,95,4,91.39
94,57,5,80.14
91,70,2,70.9
84,65,8,90.55
47,95,6,82.84
46,97,3,70.05
42,49,4,54.02
41,59,5,61.94
89,92,3,86.11
71,36,8,74.76
97,55,4,75.91
98,46,3,68.99
93,100,7,105.53
95,36,2,58.06
71,99,4,83.17
99,74,4,84.28
51,65,8,79.74
40,61,4,54.31
82,47,4,66.94
64,73,7,81.6
97,43,2,61.66
86,63,5,78.6
58,37,5,60.88
73,98,1,71.92
44,48,6,61.6
61,50,8,74.27
65,37,4,57.39
54,85,7,83.85
90,71,1,70.99
43,48,4,51.44
48,63,6,67.74
90,42,2,59.44
65,68,1,57.01
87,97,5,92.76
81,77,5,80.25
43,79,6,74.88
95,81,4,87.6
96,94,6,101.76
52,63,6,70.36
65,75,5,78.44
87,76,6,89.64
92,97,7,104.18
84,68,2,70.29
75,51,5,72.88
88,60,3,71.75
65,59,8,79.23
51,100,2,68.72
76,49,8,80.78
60,36,6,64.91
54,87,7,83.12
85,78,7,92.64
64,87,5,79.75
72,52,3,64.42
63,48,7,73.65
76,85,6,87.69
46,50,2,49.3
57,45,2,46.87
92,99,1,82.21
71,65,8,84.9
83,94,1,73.65
62,58,3,59.14
61,99,1,69.88
48,41,3,46.45
60,79,3,66.79
91,74,5,87.14
54,85,7,83.66
98,67,7,91.91
63,76,7,86.59
61,92,8,93.17
63,67,8,83.42
78,79,8,94.98
89,72,3,77.14
61,36,4,54.3
44,97,2,63.59
73,38,5,65.9
87,46,8,84.33
79,86,5,88.15
68,54,6,75.59
94,72,7,91.86
90,65,6,84.03
90,41,4,66.27
41,100,8,88.87
97,84,7,100.93
66,51,1,50.97
79,100,3,82.18
43,62,6,63.75
63,91,1,68.58
88,76,4,79.94
86,52,5,72.61
80,87,2,73.15
46,75,2,56.2
41,36,5,49.13
65,45,4,62.72
77,64,5,78.47
49,40,2,42.07
78,35,1,46.47
95,59,5,83.8
71,42,6,68.0
77,68,4,72.68
80,85,6,92.06
54,52,7,69.53
47,81,4,69.02
69,44,6,71.42
58,53,6,68.44
84,91,1,74.78
59,94,5,82.09
45,55,7,69.21
72,35,1,45.02
79,63,6,81.66
50,96,3,68.98
46,62,1,45.96
64,39,3,55.76
74,96,2,73.17
50,59,1,48.26
62,65,3,60.47
83,74,2,72.58
88,95,2,78.88
86,87,2,79.17
46,68,3,59.37
73,40,7,71.09
92,77,2,78.03
40,62,2,46.87
55,91,5,80.02
58,92,8,93.04
77,57,5,74.24
45,85,7,80.37
74,68,3,66.26
51,91,5,79.79
61,44,4,56.72
76,43,1,52.25
81,37,2,57.49
100,70,2,73.9
61,60,3,62.25
49,74,2,59.55
43,39,2,43.7
59,50,5,63.28
74,94,5,85.26
68,72,1,57.68
42,46,7,62.93
74,42,4,64.85
99,80,7,101.12
99,80,1,73.8
47,87,3,64.47
91,87,5,88.33
77,42,6,73.79
84,45,5,71.44
86,49,2,63.08
76,39,2,55.68
59,73,5,75.57
47,53,1,46.83
84,70,8,94.19
55,75,2,57.35
57,89,8,91.04
95,67,3,75.14
75,64,1,58.19
47,68,4,63.28
89,92,8,105.95
57,61,8,77.7
71,54,3,64.42
94,79,3,82.6
72,75,3,72.03
95,58,5,81.2
89,62,2,67.99
67,45,8,77.2
59,40,6,61.52
50,46,5,57.38
42,55,8,71.47
71,73,5,76.74
84,80,3,76.08
45,94,1,61.64
79,68,7,85.85
51,90,2,62.59
87,82,2,77.73
66,57,4,62.31
63,43,3,53.67
82,67,5,79.79
62,80,7,85.59
60,70,4,67.94
100,41,4,73.31
66,99,6,91.67
73,66,7,85.31
84,42,6,75.86
42,97,8,86.94
75,56,3,62.33
61,46,2,50.8
57,39,4,56.67
66,75,8,87.16
93,84,7,99.31
45,78,5,68.73
96,49,8,91.75
44,46,3,45.96
47,61,1,47.34
71,41,3,55.23
58,45,1,45.75
64,76,1,58.3
51,89,5,78.99
54,93,2,63.9
42,47,5,57.2
86,36,3,58.03
87,81,7,93.01
82,61,5,78.69
68,85,2,68.37
55,40,6,59.71
89,66,7,88.93
66,79,1,60.53
49,62,6,70.78
98,39,7,85.55
98,54,7,88.19
76,66,5,78.45
93,84,2,77.95
61,50,6,67.61
88,56,8,87.55
97,84,7,101.32
90,62,2,68.48
80,46,1,52.96
59,47,1,48.61
81,87,4,85.54
51,67,5,67.59
56,69,3,62.1
90,53,3,69.57
45,83,8,83.26
51,41,2,46.6
69,50,3,58.1
97,63,8,98.98
70,93,5,85.37
41,60,8,70.0
86,72,4,76.48
48,70,7,76.77
74,53,3,62.78
75,82,5,85.3
68,74,5,77.81
75,80,5,81.86
58,51,2,50.6
68,51,6,72.92
63,89,6,83.67
57,98,4,77.75
40,100,8,86.82
88,72,7,89.47
63,78,5,78.92
45,75,4,65.99
68,38,7,71.76
79,79,1,65.23
72,75,6,85.74
49,95,4,75.09
94,38,2,58.21
53,67,5,68.62
52,68,5,69.59
75,42,4,65.67
79,72,8,90.7
98,51,3,71.48
91,93,5,91.82
100,36,1,59.79
78,41,6,71.93
82,50,2,58.7
85,98,7,103.83
91,57,4,76.04
78,96,2,76.07
59,46,1,44.72
53,68,3,62.29
43,69,6,70.15
60,42,6,67.38
94,56,8,93.26
72,36,2,50.2
84,42,6,76.23
44,95,3,67.49
44,68,1,51.47
67,78,1,61.14
86,89,7,100.01
89,48,7,80.12
68,99,7,92.58
100,97,1,85.59
59,49,1,44.59
52,39,6,57.45
79,62,7,85.54
47,48,3,49.53
58,100,4,80.97
54,97,4,73.82
57,71,3,63.32
47,59,4,60.72
96,65,1,69.52
52,74,3,63.54
88,64,3,73.51
67,65,4,71.33
44,45,7,64.75
68,97,2,76.14
82,72,4,77.04
94,41,1,59.01
40,50,7,66.64
76,99,5,89.6
78,91,5,87.87
69,43,5,67.45
73,50,2,60.12
41,41,4,47.97
87,85,5,89.27
48,73,1,52.16
57,44,6,65.43
55,46,7,70.6
61,50,7,71.53
52,99,7,90.9
96,85,7,102.91
40,87,1,53.77
81,84,1,72.91
66,57,3,59.96
95,63,6,89.46
47,82,7,81.37
53,44,2,45.91
